{"type": "FeatureCollection", "features": [{"type": "Feature", "properties": {"county": "台北市", "town": "文山區", "village": "樟新里"}, "geometry": {"type": "MultiPolygon", "coordinates": [[[[121.55907706713, 24.980558344337], [121.55950689823, 24.980236572861], [121.55908597356, 24.980306590425], [121.55783989885, 24.979347746593], [121.55733974885, 24.977464834147], [121.55696674875, 24.976872877787], [121.55626969704, 24.976380001162], [121.55450574682, 24.976737068045], [121.55392986575, 24.97724805775], [121.55314650108, 24.979739609865], [121.55947634581, 24.981391054736], [121.55968028951, 24.98074309771], [121.55907706713, 24.980558344337]]]]}, "id": "A6308-031-00"}, {"type": "Feature", "properties": {"county": "台北市", "town": "文山區", "village": "老泉里"}, "geometry": {"type": "MultiPolygon", "coordinates": [[[[121.57153885344, 24.982071687865], [121.57238789237, 24.981930645296], [121.57606065454, 24.980605546268], [121.57741858015, 24.979523529923], [121.57797854057, 24.978772522751], [121.57830240747, 24.977815584226], [121.57871556216, 24.975403948255], [121.5792826495, 24.974414376619], [121.57954722669, 24.972967656706], [121.58018990492, 24.972125038567], [121.58014025008, 24.971606229095], [121.5799213254, 24.971366079107], [121.57991282595, 24.97062814661], [121.57961629791, 24.970352182263], [121.57947080263, 24.96920588393], [121.5786655987, 24.966642025744], [121.57751767705, 24.966407135844], [121.57635172089, 24.966561166333], [121.57535981194, 24.966990245181], [121.57463778247, 24.966730303957], [121.57436171435, 24.965049353517], [121.57276463903, 24.963866537706], [121.57129868996, 24.964317638675], [121.56947970723, 24.964262761363], [121.56828070795, 24.964003890713], [121.56646172691, 24.963983916247], [121.56585579859, 24.964386000406], [121.56514476377, 24.964026026554], [121.56476276167, 24.964343021069], [121.56248581327, 24.964787375135], [121.56193687382, 24.964574389999], [121.56048189893, 24.964987418247], [121.56019000575, 24.966463318179], [121.55961797555, 24.966618411255], [121.55846713399, 24.968359359535], [121.5583522532, 24.969549291481], [121.55781324129, 24.970309252313], [121.55763138143, 24.971992118083], [121.55621053245, 24.973324169688], [121.55539671559, 24.975732035954], [121.55564577515, 24.976452031238], [121.55626969704, 24.976380001162], [121.55696674875, 24.976872877787], [121.55733974885, 24.977464834147], [121.55783989885, 24.979347746593], [121.55908597356, 24.980306590425], [121.55950689823, 24.980236572861], [121.56084982985, 24.979362528152], [121.56124188003, 24.979429486348], [121.56246487413, 24.980301444081], [121.56538893445, 24.981637056314], [121.56725689202, 24.981305003446], [121.56808087392, 24.981542928746], [121.5696649189, 24.982382870291], [121.57072493927, 24.982388741172], [121.57153885344, 24.982071687865]]]]}, "id": "A6308-037-00"}, {"type": "Feature", "properties": {"county": "台北市", "town": "文山區", "village": "樟腳里"}, "geometry": {"type": "MultiPolygon", "coordinates": [[[[121.56909287423, 24.982104895466], [121.56747688977, 24.981335945622], [121.56684789208, 24.981285975726], [121.56538893445, 24.981637056314], [121.56485591827, 24.981494077638], [121.56220484165, 24.980161401744], [121.56124188003, 24.979429486348], [121.56084982985, 24.979362528152], [121.55907706713, 24.980558344337], [121.55968028951, 24.98074309771], [121.55946858091, 24.981415724388], [121.5651510806, 24.982735370942], [121.56779661786, 24.983646630167], [121.56812398549, 24.982852929019], [121.56871497603, 24.98301435529], [121.56909287423, 24.982104895466]]]]}, "id": "A6308-032-00"}, {"type": "Feature", "properties": {"county": "台北市", "town": "文山區", "village": "樟文里"}, "geometry": {"type": "MultiPolygon", "coordinates": [[[[121.55994348366, 24.981538152022], [121.55311798478, 24.979829973707], [121.55315606839, 24.981124878255], [121.55363214334, 24.983279781619], [121.55582920369, 24.983216981592], [121.55913381737, 24.984104972977], [121.55994348366, 24.981538152022]]]]}, "id": "A6308-041-00"}, {"type": "Feature", "properties": {"county": "台北市", "town": "文山區", "village": "樟樹里"}, "geometry": {"type": "MultiPolygon", "coordinates": [[[[121.56255890837, 24.98213098644], [121.55994348366, 24.981538152022], [121.55913381737, 24.984104972977], [121.5616754063, 24.984509255507], [121.56255890837, 24.98213098644]]]]}, "id": "A6308-043-00"}, {"type": "Feature", "properties": {"county": "台北市", "town": "文山區", "village": "順興里"}, "geometry": {"type": "MultiPolygon", "coordinates": [[[[121.56875584501, 24.983978404466], [121.5651510806, 24.982735370942], [121.56255890837, 24.98213098644], [121.5616754063, 24.984509255507], [121.56553104371, 24.985043693867], [121.56678699572, 24.98478342666], [121.56709742421, 24.985186599813], [121.56902404563, 24.984706799386], [121.56927999937, 24.984148972865], [121.56875584501, 24.983978404466]]]]}, "id": "A6308-029-00"}, {"type": "Feature", "properties": {"county": "台北市", "town": "文山區", "village": "指南里"}, "geometry": {"type": "MultiPolygon", "coordinates": [[[[121.57985500306, 24.985553843244], [121.5801849683, 24.98532522967], [121.58040289246, 24.984895240005], [121.58082494551, 24.984908219873], [121.58143386522, 24.984333234021], [121.58270086905, 24.984171086912], [121.5837318024, 24.98362315008], [121.58595269012, 24.982885072765], [121.58623468343, 24.982912042397], [121.58716033801, 24.982360048583], [121.58790658578, 24.98211894429], [121.5885604836, 24.981443980761], [121.59066717063, 24.979975870905], [121.59184291525, 24.979351438977], [121.59227438021, 24.978340444877], [121.59389677204, 24.977498116314], [121.59416320053, 24.976675552347], [121.59601441477, 24.976456352815], [121.59699041146, 24.976807291132], [121.5996610134, 24.976698316019], [121.60005938799, 24.97692621739], [121.60225444471, 24.975900414565], [121.60403332038, 24.975344225482], [121.60526723245, 24.974260191222], [121.60635525005, 24.974482114061], [121.60790517638, 24.974390110242], [121.608729143, 24.974873030217], [121.61036504484, 24.974207958216], [121.61130806823, 24.974909863601], [121.61177501828, 24.97408190857], [121.61359387871, 24.973315723127], [121.61414790492, 24.973608678507], [121.61633041902, 24.971601601938], [121.61781635472, 24.970694571059], [121.61846334362, 24.970889520371], [121.61980522192, 24.97011046072], [121.61998822622, 24.969445465259], [121.61810004227, 24.966797645229], [121.61703615161, 24.967522720771], [121.61520018486, 24.966453837587], [121.61498909229, 24.965810879689], [121.61431516095, 24.966434919398], [121.61338322383, 24.966295928746], [121.61206116778, 24.965533159559], [121.61038422762, 24.964891338253], [121.60821833125, 24.963078479478], [121.60672127962, 24.963153587059], [121.60645923456, 24.962937607186], [121.60572929037, 24.96313767226], [121.60465123268, 24.962381760762], [121.60447728447, 24.962574773625], [121.60358026526, 24.962402808098], [121.60246828592, 24.961398919244], [121.60140622981, 24.961015058333], [121.59968133933, 24.961227140565], [121.59868331195, 24.960450283032], [121.59715140055, 24.960348362182], [121.59625946452, 24.961140303132], [121.59475455023, 24.961524433457], [121.59348885203, 24.964329321998], [121.592105894, 24.96390148772], [121.5914929594, 24.964046484689], [121.59120198787, 24.96455847523], [121.58844001657, 24.963274720505], [121.58798410491, 24.96368271622], [121.58651813618, 24.963590807527], [121.58571915938, 24.963192813784], [121.58525518498, 24.964108779459], [121.58424627812, 24.964645877008], [121.58209840741, 24.964682006591], [121.5807564534, 24.965205031713], [121.5786655987, 24.966642025744], [121.57947080263, 24.96920588393], [121.57961629791, 24.970352182263], [121.57991282595, 24.97062814661], [121.5799213254, 24.971366079107], [121.58014025008, 24.971606229095], [121.58018990492, 24.972125038567], [121.57954722669, 24.972967656706], [121.5792826495, 24.974414376619], [121.57871556216, 24.975403948255], [121.57830240747, 24.977815584226], [121.57797854057, 24.978772522751], [121.57741858015, 24.979523529923], [121.57606065454, 24.980605546268], [121.57238789237, 24.981930645296], [121.57153885344, 24.982071687865], [121.57192691309, 24.98261472151], [121.57238988718, 24.982608698519], [121.57267290411, 24.982979685386], [121.57414993013, 24.983989614709], [121.57443035938, 24.984413478434], [121.57616018381, 24.985419456303], [121.57700165144, 24.985390051751], [121.57750565277, 24.985138302758], [121.57903754787, 24.98554009112], [121.57985500306, 24.985553843244]]]]}, "id": "A6308-036-00"}, {"type": "Feature", "properties": {"county": "台北市", "town": "文山區", "village": "景慶里"}, "geometry": {"type": "MultiPolygon", "coordinates": [[[[121.54045287919, 24.994575970942], [121.54113758023, 24.994174527398], [121.54053175398, 24.99212015566], [121.53993352926, 24.992348744183], [121.5371367247, 24.994429890868], [121.53612727921, 24.995353259207], [121.53572649436, 24.995992401406], [121.53533507129, 24.994957350876], [121.53513187411, 24.995019484005], [121.5347838776, 24.994450471333], [121.53371275565, 24.992075566698], [121.53260076407, 24.990711306645], [121.53177278686, 24.990165320726], [121.53198285036, 24.99109326687], [121.53188286905, 24.991972301659], [121.53111302931, 24.993089289291], [121.53152998902, 24.993986250959], [121.53151610756, 24.995166177039], [121.5307863024, 24.997429128964], [121.53077434062, 24.997935141715], [121.53448612097, 24.997902469286], [121.54045287919, 24.994575970942]]]]}, "id": "A6308-004-00"}, {"type": "Feature", "properties": {"county": "台北市", "town": "文山區", "village": "景華里"}, "geometry": {"type": "MultiPolygon", "coordinates": [[[[121.54470068942, 24.995128420672], [121.54459859603, 24.99377606795], [121.54416537506, 24.992560056562], [121.5429761608, 24.992877956953], [121.54132910748, 24.992942736876], [121.54089537506, 24.993162710136], [121.54113758023, 24.994174527398], [121.54116272204, 24.995968612075], [121.54145912855, 24.995947389177], [121.54259381613, 24.997417244711], [121.5433113689, 24.997785132894], [121.54381639736, 24.997655416953], [121.54396061322, 24.997888199863], [121.5438398931, 24.998222538172], [121.5440533466, 24.998354453042], [121.54430777897, 24.998200175198], [121.54455147341, 24.998422685131], [121.54473015353, 24.997766843094], [121.54470068942, 24.995128420672]]]]}, "id": "A6308-006-00"}, {"type": "Feature", "properties": {"county": "台北市", "town": "文山區", "village": "興福里"}, "geometry": {"type": "MultiPolygon", "coordinates": [[[[121.54755542445, 24.996419667829], [121.54722928391, 24.99599498426], [121.5464282105, 24.995487902882], [121.54470068942, 24.995128420672], [121.54473015353, 24.997766843094], [121.54451493704, 24.998556803398], [121.54729699124, 24.999358490422], [121.54789834091, 24.997627238911], [121.54755542445, 24.996419667829]]]]}, "id": "A6308-019-00"}, {"type": "Feature", "properties": {"county": "台北市", "town": "文山區", "village": "景仁里"}, "geometry": {"type": "MultiPolygon", "coordinates": [[[[121.54090613521, 24.997130988343], [121.54116272204, 24.995968612075], [121.54113758023, 24.994174527398], [121.53448612097, 24.997902469286], [121.53077434062, 24.997935141715], [121.53074139719, 24.999376159298], [121.5341782069, 24.999046450772], [121.53541714508, 24.998742419198], [121.53687698005, 24.998150363098], [121.53730152263, 24.998784318497], [121.53990897726, 24.999677234739], [121.54090613521, 24.997130988343]]]]}, "id": "A6308-005-00"}, {"type": "Feature", "properties": {"county": "台北市", "town": "文山區", "village": "興得里"}, "geometry": {"type": "MultiPolygon", "coordinates": [[[[121.56005323654, 24.996233017982], [121.55957907879, 24.994444599331], [121.55873138204, 24.992567292442], [121.55864845687, 24.992001821827], [121.55878273286, 24.991544581697], [121.55758161637, 24.991253608029], [121.55540761093, 24.991122370673], [121.55524863909, 24.99123844715], [121.55474763078, 24.991061448032], [121.55446768831, 24.991477473469], [121.55416965159, 24.991539529879], [121.55400473433, 24.991842531828], [121.55359875875, 24.992068508961], [121.55345574232, 24.992883564217], [121.55268077835, 24.993072017805], [121.5518808938, 24.993623047846], [121.55169269143, 24.993950359683], [121.55199138131, 24.997062953678], [121.5532392256, 24.998394836821], [121.55460237584, 25.00085647277], [121.55656585323, 24.999905728523], [121.55797502936, 24.998973013039], [121.55966570262, 24.997383521495], [121.56005323654, 24.996233017982]]]]}, "id": "A6308-016-00"}, {"type": "Feature", "properties": {"county": "台北市", "town": "文山區", "village": "興安里"}, "geometry": {"type": "MultiPolygon", "coordinates": [[[[121.55098508096, 24.997334178885], [121.55115809288, 24.996510046549], [121.55186026564, 24.996504153759], [121.55170814017, 24.994093744765], [121.55169269143, 24.993950359683], [121.55062393787, 24.993697138271], [121.54972311394, 24.995107190352], [121.54757332597, 24.996378277529], [121.54789834091, 24.997627238911], [121.54729699124, 24.999358490422], [121.54884590452, 25.000523544432], [121.549809618, 25.000804954444], [121.55100394553, 25.001582655089], [121.55150099041, 25.000925265784], [121.55033061506, 25.000125682935], [121.5504307187, 24.99982116718], [121.55115967925, 24.999495131731], [121.55144224108, 24.998096023429], [121.55098508096, 24.997334178885]]]]}, "id": "A6308-018-00"}, {"type": "Feature", "properties": {"county": "台北市", "town": "文山區", "village": "興業里"}, "geometry": {"type": "MultiPolygon", "coordinates": [[[[121.55251697394, 25.001578021574], [121.55460237584, 25.00085647277], [121.5532392256, 24.998394836821], [121.55199138131, 24.997062953678], [121.55186026564, 24.996504153759], [121.55115809288, 24.996510046549], [121.55098017801, 24.997326115977], [121.55144319227, 24.998181073768], [121.55115967925, 24.999495131731], [121.5504307187, 24.99982116718], [121.55033061506, 25.000125682935], [121.55150099041, 25.000925265784], [121.55100394553, 25.001582655089], [121.55118818245, 25.001731183726], [121.55176424461, 25.001846613922], [121.55251697394, 25.001578021574]]]]}, "id": "A6308-017-00"}, {"type": "Feature", "properties": {"county": "台北市", "town": "文山區", "village": "萬有里"}, "geometry": {"type": "MultiPolygon", "coordinates": [[[[121.54451493704, 24.998556803398], [121.54430777897, 24.998200175198], [121.5440533466, 24.998354453042], [121.5438398931, 24.998222538172], [121.54388091966, 24.997698387872], [121.54327020532, 24.997776464549], [121.54259381613, 24.997417244711], [121.54145912855, 24.995947389177], [121.54116272204, 24.995968612075], [121.54090613521, 24.997130988343], [121.53990897726, 24.999677234739], [121.54028440465, 24.999799854925], [121.54124215095, 25.001331093549], [121.54201071464, 25.001974901695], [121.54373395113, 24.999964976228], [121.54451493704, 24.998556803398]]]]}, "id": "A6308-007-00"}, {"type": "Feature", "properties": {"county": "台北市", "town": "文山區", "village": "興昌里"}, "geometry": {"type": "MultiPolygon", "coordinates": [[[[121.55826789749, 25.012118946584], [121.55930279773, 25.011429909757], [121.56016687975, 25.010134018142], [121.56113271438, 25.009889740488], [121.5622997352, 25.008589008058], [121.5624841251, 25.008129598001], [121.56485998531, 25.007213411266], [121.5641089413, 25.006324433507], [121.56448090138, 25.005891329632], [121.56424090132, 25.005856393349], [121.56426593791, 25.005666321123], [121.56396689538, 25.005514408376], [121.56397993028, 25.005379723902], [121.56438179341, 25.00546247953], [121.56467607008, 25.005328783261], [121.56485282441, 25.004956537493], [121.56476042946, 25.004668867801], [121.56332814594, 25.004000743761], [121.56283788761, 25.003462575085], [121.56238215166, 25.003547372688], [121.56188509063, 25.003334236194], [121.56150350145, 25.00276110008], [121.56178691161, 25.002036049573], [121.56124466866, 25.002109752492], [121.56091993671, 25.002861384884], [121.55917876734, 25.002386480936], [121.5580687233, 25.001619542218], [121.55767769536, 25.001794552328], [121.55752969638, 25.001483594182], [121.55677269696, 25.001646610641], [121.55672514194, 25.001940553223], [121.5568514581, 25.002059765992], [121.55568942671, 25.002635096732], [121.55738053348, 25.005499558613], [121.55853965742, 25.006581045852], [121.55865987893, 25.007750603108], [121.55851625691, 25.008437086372], [121.55802970468, 25.009153986644], [121.55569177882, 25.011561417105], [121.55634585184, 25.011963079843], [121.55746885953, 25.012198061773], [121.55826789749, 25.012118946584]]]]}, "id": "A6308-022-00"}, {"type": "Feature", "properties": {"county": "台北市", "town": "中正區", "village": "水源里"}, "geometry": {"type": "MultiPolygon", "coordinates": [[[[121.53708738675, 25.011176384993], [121.53580303877, 25.010864877812], [121.5319567239, 25.008626855557], [121.53140614392, 25.009260005955], [121.53016718759, 25.009846078053], [121.52842623844, 25.010151135735], [121.52722634246, 25.010723231732], [121.52984729892, 25.013283271386], [121.53133939158, 25.014269826648], [121.53223943924, 25.015106056202], [121.53254225341, 25.014897433758], [121.53335699764, 25.015664049919], [121.5360629274, 25.013016719944], [121.53708738675, 25.011176384993]]]]}, "id": "A6305-001-00"}, {"type": "Feature", "properties": {"county": "台北市", "town": "文山區", "village": "博嘉里"}, "geometry": {"type": "MultiPolygon", "coordinates": [[[[121.59752531355, 25.014585449695], [121.59740722556, 25.012896510871], [121.59630016731, 25.011340563892], [121.59555061707, 25.007425525884], [121.59609755098, 25.006613525207], [121.59606138684, 25.004163475427], [121.59548174645, 25.003298760051], [121.5941110864, 24.996950731549], [121.59338769597, 24.996590625943], [121.59230973594, 24.996955683333], [121.59036584726, 24.998784740011], [121.5892882137, 24.999301863256], [121.5884413023, 25.000234851888], [121.58750844011, 25.002117945739], [121.58704242867, 25.002720039584], [121.58600149249, 25.002879083855], [121.58521947661, 25.00254907902], [121.58500143462, 25.002146064849], [121.58404342943, 25.001577113459], [121.581273374, 25.000073196998], [121.58016839925, 24.99983525638], [121.57901340445, 25.000186388782], [121.5782354113, 25.000150409079], [121.57599103403, 24.998992540045], [121.57516023702, 24.998259480298], [121.57525495146, 24.997040504172], [121.57331687636, 24.995795653315], [121.57216484291, 24.994578554174], [121.57102350649, 24.995314821608], [121.57067397585, 24.996103142909], [121.57110274172, 24.997663459392], [121.57153641149, 24.998010535729], [121.57150026219, 24.998714552655], [121.57178594202, 24.999137218246], [121.5724091819, 24.999271287399], [121.57262476209, 24.99915008348], [121.57281056072, 24.999424546219], [121.57261751629, 25.000288447137], [121.57281866125, 25.000347163335], [121.57195062635, 25.001916462563], [121.57194686387, 25.003025506387], [121.57154396514, 25.004337148794], [121.56977562232, 25.00488593448], [121.56806272798, 25.004969893057], [121.56680790886, 25.005756250074], [121.566267974, 25.007175280702], [121.56548802992, 25.007151340882], [121.56507052926, 25.00739927266], [121.56591149897, 25.008143409458], [121.56700852738, 25.008474311261], [121.56918259517, 25.009706281218], [121.57058661006, 25.011051243692], [121.57160465765, 25.011577177578], [121.57201465752, 25.012320253123], [121.57201773267, 25.013407286647], [121.57244279371, 25.01366027876], [121.57395871375, 25.013254026712], [121.57496572202, 25.013192981552], [121.57613879184, 25.014446935289], [121.57767967419, 25.014136851973], [121.57818366615, 25.013232783256], [121.57917261407, 25.012893770419], [121.57982251389, 25.012418648187], [121.58068854492, 25.012253645731], [121.58147749677, 25.012675568113], [121.58275451575, 25.012756528048], [121.58318856078, 25.013039387428], [121.58459251459, 25.013055273954], [121.5857405239, 25.013451287235], [121.58822746146, 25.013522099892], [121.58885449667, 25.013777128161], [121.59118643454, 25.014227004313], [121.5916814907, 25.014940951792], [121.59296743078, 25.014542749684], [121.59387844135, 25.014929708112], [121.5943324415, 25.015514688531], [121.59539445938, 25.015743658654], [121.59589537477, 25.014905567191], [121.59716135881, 25.014524521645], [121.59752531355, 25.014585449695]]]]}, "id": "A6308-034-00"}, {"type": "Feature", "properties": {"county": "台北市", "town": "中正區", "village": "富水里"}, "geometry": {"type": "MultiPolygon", "coordinates": [[[[121.53223943924, 25.015106056202], [121.53133939158, 25.014269826648], [121.52984729892, 25.013283271386], [121.52722634246, 25.010723231732], [121.52582838535, 25.011669278211], [121.52441153473, 25.013636383106], [121.52755572002, 25.016770011923], [121.52868219782, 25.017595842501], [121.53223943924, 25.015106056202]]]]}, "id": "A6305-002-00"}, {"type": "Feature", "properties": {"county": "台北市", "town": "中正區", "village": "文盛里"}, "geometry": {"type": "MultiPolygon", "coordinates": [[[[121.52928444956, 25.01968714632], [121.53335699764, 25.015664049919], [121.53254225341, 25.014897433758], [121.52761891705, 25.018313285478], [121.52928444956, 25.01968714632]]]]}, "id": "A6305-003-00"}, {"type": "Feature", "properties": {"county": "台北市", "town": "信義區", "village": "黎安里"}, "geometry": {"type": "MultiPolygon", "coordinates": [[[[121.56139292598, 25.020056835964], [121.56174279379, 25.01973508539], [121.56252776619, 25.019679025111], [121.56275575122, 25.019206025477], [121.56346374608, 25.01901092585], [121.56365370187, 25.018712967219], [121.56428469739, 25.018534867489], [121.56495259357, 25.017937853939], [121.56560254814, 25.017760850288], [121.56631397489, 25.017071552544], [121.56630663507, 25.016619484197], [121.56670174298, 25.016421527873], [121.56739098447, 25.015111608495], [121.56972287497, 25.01394747485], [121.57201773267, 25.013407286647], [121.57201465752, 25.012320253123], [121.57160465765, 25.011577177578], [121.57058661006, 25.011051243692], [121.56918259517, 25.009706281218], [121.56700852738, 25.008474311261], [121.56591149897, 25.008143409458], [121.56532963361, 25.009867525105], [121.56375874469, 25.011119632503], [121.56341576028, 25.011852673185], [121.56346683817, 25.012551713901], [121.56327116183, 25.013311902221], [121.56260954853, 25.013733658493], [121.56208788144, 25.014681964143], [121.56059315059, 25.016116477276], [121.55997315179, 25.0174020698], [121.5589296678, 25.018413118477], [121.55909240283, 25.018573536915], [121.55921668801, 25.018449186161], [121.55950174134, 25.018574162017], [121.55977771263, 25.018174121756], [121.55973722469, 25.017914795368], [121.56017213661, 25.018125488897], [121.56005063479, 25.018439156947], [121.5605756667, 25.018531110088], [121.56063071863, 25.018974146953], [121.56151578037, 25.01920105186], [121.56139292598, 25.020056835964]]]]}, "id": "A6302-041-00"}, {"type": "Feature", "properties": {"county": "台北市", "town": "大安區", "village": "黎元里"}, "geometry": {"type": "MultiPolygon", "coordinates": [[[[121.55253574909, 25.017818008323], [121.55702386809, 25.012103024868], [121.55634585184, 25.011963079843], [121.55569177882, 25.011561417105], [121.55384552994, 25.013429518537], [121.54902145933, 25.016990103012], [121.54971640736, 25.017905004404], [121.55084470873, 25.018209693954], [121.5518298534, 25.019714646245], [121.55266608593, 25.020347033433], [121.55453672374, 25.018770458456], [121.55400675657, 25.018721508528], [121.55354718384, 25.018181853698], [121.55246559788, 25.017907331105], [121.55253574909, 25.017818008323]]]]}, "id": "A6303-046-00"}, {"type": "Feature", "properties": {"county": "台北市", "town": "文山區", "village": "興光里"}, "geometry": {"type": "MultiPolygon", "coordinates": [[[[121.5615857884, 25.00198467806], [121.56143463676, 25.001374370361], [121.56276957581, 25.000670273017], [121.56238354314, 24.999930242371], [121.56242250368, 24.999675195662], [121.56339709133, 24.99871214842], [121.5641609823, 24.996985048523], [121.56416692968, 24.996498083481], [121.5635959438, 24.996017098662], [121.56224898054, 24.996708131613], [121.56005323654, 24.996233017982], [121.55966570262, 24.997383521495], [121.55797502936, 24.998973013039], [121.55656585323, 24.999905728523], [121.55460237584, 25.00085647277], [121.55568942671, 25.002635096732], [121.5568514581, 25.002059765992], [121.55672514194, 25.001940553223], [121.55677269696, 25.001646610641], [121.55752969638, 25.001483594182], [121.55767769536, 25.001794552328], [121.5580687233, 25.001619542218], [121.55917876734, 25.002386480936], [121.56091993671, 25.002861384884], [121.56124466866, 25.002109752492], [121.5615857884, 25.00198467806]]]]}, "id": "A6308-014-00"}, {"type": "Feature", "properties": {"county": "台北市", "town": "文山區", "village": "萬隆里"}, "geometry": {"type": "MultiPolygon", "coordinates": [[[[121.53867275211, 25.002799989325], [121.53990897726, 24.999677234739], [121.53730152263, 24.998784318497], [121.53687698005, 24.998150363098], [121.53597796371, 24.998507904648], [121.53683037674, 25.001913292648], [121.53675848052, 25.003006341419], [121.53742202911, 25.003003532927], [121.53831180237, 25.002680223492], [121.53867275211, 25.002799989325]]]]}, "id": "A6308-009-00"}, {"type": "Feature", "properties": {"county": "台北市", "town": "文山區", "village": "萬芳里"}, "geometry": {"type": "MultiPolygon", "coordinates": [[[[121.57216484291, 24.994578554174], [121.57191680216, 24.994055546799], [121.57174471235, 24.992746531569], [121.57176260435, 24.991986570273], [121.57201260678, 24.991663581539], [121.57061059936, 24.991685626889], [121.57013221283, 24.992465485412], [121.57001321465, 24.993817936582], [121.56973685348, 24.99397869497], [121.56954082879, 24.994511693541], [121.56867687014, 24.994964740323], [121.5684978934, 24.995561798969], [121.56864390912, 24.996200775302], [121.56981898793, 24.997049712659], [121.57033400272, 24.997878781774], [121.56990804934, 24.998359770813], [121.56910073933, 24.998804639469], [121.56908976232, 24.999634685729], [121.56876680829, 25.000450006713], [121.56680796285, 25.002081493206], [121.56722866434, 25.002285029508], [121.56709470495, 25.002688068655], [121.5672457043, 25.002846047882], [121.56897470364, 25.003003959635], [121.5709726516, 25.002741857078], [121.57193529435, 25.00308769391], [121.57195062635, 25.001916462563], [121.57281866125, 25.000347163335], [121.57261751629, 25.000288447137], [121.57281056072, 24.999424546219], [121.57262476209, 24.99915008348], [121.5724091819, 24.999271287399], [121.57178594202, 24.999137218246], [121.57150026219, 24.998714552655], [121.57153641149, 24.998010535729], [121.57110274172, 24.997663459392], [121.57067397585, 24.996103142909], [121.57102350649, 24.995314821608], [121.57216484291, 24.994578554174]]]]}, "id": "A6308-033-00"}, {"type": "Feature", "properties": {"county": "台北市", "town": "文山區", "village": "萬祥里"}, "geometry": {"type": "MultiPolygon", "coordinates": [[[[121.54201071464, 25.001974901695], [121.54124215095, 25.001331093549], [121.54028440465, 24.999799854925], [121.53990897726, 24.999677234739], [121.53867275211, 25.002799989325], [121.53876700702, 25.004389186622], [121.54032042872, 25.004150943207], [121.54065446068, 25.003974217408], [121.54201071464, 25.001974901695]]]]}, "id": "A6308-008-00"}, {"type": "Feature", "properties": {"county": "台北市", "town": "文山區", "village": "興豐里"}, "geometry": {"type": "MultiPolygon", "coordinates": [[[[121.54789420429, 24.99980879932], [121.54686743581, 24.999167067033], [121.54451493704, 24.998556803398], [121.54373395113, 24.999964976228], [121.54201071464, 25.001974901695], [121.54219627815, 25.002085783191], [121.54257794654, 25.001938203723], [121.54310457709, 25.001487955477], [121.54361483275, 25.001902387179], [121.54325277148, 25.002298735171], [121.5442435831, 25.002638450773], [121.54389241501, 25.003418139353], [121.54408630407, 25.003487618444], [121.54387839762, 25.004034617655], [121.54427239656, 25.004556948823], [121.5451735725, 25.003097437267], [121.54577773986, 25.002875022393], [121.54615229645, 25.00247027239], [121.54665984079, 25.002369769553], [121.54691534259, 25.001901006138], [121.54686157245, 25.001320622026], [121.54789420429, 24.99980879932]]]]}, "id": "A6308-013-00"}, {"type": "Feature", "properties": {"county": "台北市", "town": "文山區", "village": "萬興里"}, "geometry": {"type": "MultiPolygon", "coordinates": [[[[121.59823076158, 24.995130490635], [121.59784223591, 24.9952660262], [121.59731511548, 24.996022763678], [121.59683385691, 24.996071763822], [121.59605333257, 24.99652071081], [121.59553984977, 24.996584377414], [121.59471800407, 24.996276888931], [121.59443017954, 24.99632179105], [121.59381806574, 24.995244169983], [121.59344299147, 24.995015884858], [121.59262358973, 24.991598647771], [121.59202951134, 24.991588676702], [121.59097807653, 24.992166226277], [121.59082291786, 24.99200739841], [121.59075769338, 24.991118505945], [121.59033111881, 24.990805103459], [121.5904907159, 24.990223875947], [121.59032805265, 24.988976528537], [121.59016631524, 24.98880268696], [121.58976689555, 24.988963256909], [121.58961500637, 24.989201471724], [121.58904642325, 24.991197606933], [121.58836221727, 24.991530906144], [121.58800115085, 24.990690356993], [121.58708049963, 24.990167111216], [121.58487931476, 24.990914446867], [121.58378016666, 24.990996245864], [121.58259503707, 24.990810039592], [121.58191783808, 24.990290701418], [121.57956306273, 24.990402465171], [121.57840038709, 24.989677089132], [121.57759284865, 24.989463786193], [121.57698878511, 24.988631975688], [121.57655913703, 24.988458492208], [121.57630824693, 24.988262088104], [121.57632530498, 24.988070785189], [121.57608926412, 24.987975682582], [121.57625506775, 24.987546227453], [121.57844175951, 24.986994259424], [121.57952672255, 24.986190285856], [121.57985500306, 24.985553843244], [121.57903754787, 24.98554009112], [121.57750565277, 24.985138302758], [121.57700165144, 24.985390051751], [121.57616018381, 24.985419456303], [121.57443035938, 24.984413478434], [121.57414993013, 24.983989614709], [121.57267290411, 24.982979685386], [121.57238988718, 24.982608698519], [121.57192691309, 24.98261472151], [121.57169303822, 24.984548679543], [121.57178210352, 24.985398667058], [121.57246918811, 24.986395599739], [121.57251218997, 24.987265536163], [121.57121732934, 24.988908600572], [121.57098838899, 24.989403623537], [121.57214853471, 24.990367515447], [121.57234255539, 24.990748521714], [121.57172168556, 24.992290558318], [121.57191680216, 24.994055546799], [121.57206482948, 24.994472576023], [121.57331687636, 24.995795653315], [121.57525495146, 24.997040504172], [121.57516023702, 24.998259480298], [121.57583106924, 24.998893478382], [121.57774037082, 24.999935449902], [121.5782354113, 25.000150409079], [121.57901340445, 25.000186388782], [121.58016839925, 24.99983525638], [121.581273374, 25.000073196998], [121.58500143462, 25.002146064849], [121.58521947661, 25.00254907902], [121.58600149249, 25.002879083855], [121.58670444207, 25.002854010823], [121.58704242867, 25.002720039584], [121.58750844011, 25.002117945739], [121.5884413023, 25.000234851888], [121.5892882137, 24.999301863256], [121.59036584726, 24.998784740011], [121.59230973594, 24.996955683333], [121.59338769597, 24.996590625943], [121.5941110864, 24.996950731549], [121.59555211851, 25.003512493958], [121.59606138684, 25.004163475427], [121.59744640363, 25.004426438494], [121.59937626835, 25.002794359516], [121.60061910919, 25.000873214732], [121.6005946267, 24.998541216207], [121.59970359837, 24.997755318249], [121.59951752794, 24.996438291022], [121.59883147921, 24.996097321149], [121.59823076158, 24.995130490635]]]]}, "id": "A6308-035-00"}, {"type": "Feature", "properties": {"county": "台北市", "town": "文山區", "village": "興邦里"}, "geometry": {"type": "MultiPolygon", "coordinates": [[[[121.54911752262, 25.00361553614], [121.55071689678, 25.002888239357], [121.55180232806, 25.001975253218], [121.55176424461, 25.001846613922], [121.55118818245, 25.001731183726], [121.549809618, 25.000804954444], [121.54884590452, 25.000523544432], [121.54789420429, 24.99980879932], [121.54686157245, 25.001320622026], [121.54691534259, 25.001901006138], [121.54665984079, 25.002369769553], [121.54615229645, 25.00247027239], [121.54577773986, 25.002875022393], [121.5451735725, 25.003097437267], [121.54427239656, 25.004556948823], [121.54477949482, 25.005084378133], [121.54541725248, 25.005373557694], [121.54599124603, 25.004825544445], [121.54665058794, 25.005101620036], [121.54734761907, 25.005162851972], [121.54832707705, 25.004665350853], [121.54848109048, 25.003980368327], [121.54911752262, 25.00361553614]]]]}, "id": "A6308-042-00"}, {"type": "Feature", "properties": {"county": "台北市", "town": "文山區", "village": "萬和里"}, "geometry": {"type": "MultiPolygon", "coordinates": [[[[121.53649204489, 25.006708284988], [121.53574555612, 25.004803804332], [121.53646154933, 25.004740362405], [121.53683037674, 25.001913292648], [121.53597796371, 24.998507904648], [121.5341782069, 24.999046450772], [121.53074139719, 24.999376159298], [121.5307274773, 24.999959115743], [121.5309195267, 25.000555060843], [121.5314404899, 25.00104202602], [121.53342747925, 25.001742515295], [121.534240555, 25.002602506582], [121.53420859514, 25.003261473173], [121.53358964106, 25.003909544287], [121.53240850346, 25.006281778761], [121.53334950181, 25.006557314043], [121.53377634771, 25.006439815653], [121.5340944925, 25.006707322437], [121.53649204489, 25.006708284988]]]]}, "id": "A6308-011-00"}, {"type": "Feature", "properties": {"county": "台北市", "town": "文山區", "village": "萬美里"}, "geometry": {"type": "MultiPolygon", "coordinates": [[[[121.57193529435, 25.00308769391], [121.5709726516, 25.002741857078], [121.56897470364, 25.003003959635], [121.56766372702, 25.002946033661], [121.56715466595, 25.002791045594], [121.56722866434, 25.002285029508], [121.56680796285, 25.002081493206], [121.56876680829, 25.000450006713], [121.56908976232, 24.999634685729], [121.56910073933, 24.998804639469], [121.56990804934, 24.998359770813], [121.57033400272, 24.997878781774], [121.56981898793, 24.997049712659], [121.56864390912, 24.996200775302], [121.5684978934, 24.995561798969], [121.56867687014, 24.994964740323], [121.5684238233, 24.995197755685], [121.56729188969, 24.995624910733], [121.56664791561, 24.995354865975], [121.5659619019, 24.995342940107], [121.56554492577, 24.995644925011], [121.56484392956, 24.995770023546], [121.56435091126, 24.995650000639], [121.5635959438, 24.996017098662], [121.56416692968, 24.996498083481], [121.5641609823, 24.996985048523], [121.56339709133, 24.99871214842], [121.56242250368, 24.999675195662], [121.56238354314, 24.999930242371], [121.56276957581, 25.000670273017], [121.56143463676, 25.001374370361], [121.5615857884, 25.00198467806], [121.56178691161, 25.002036049573], [121.56150350145, 25.00276110008], [121.56202482346, 25.003423705782], [121.56253123078, 25.003554732025], [121.56283788761, 25.003462575085], [121.56332814594, 25.004000743761], [121.56476042946, 25.004668867801], [121.56485282441, 25.004956537493], [121.56467607008, 25.005328783261], [121.56438179341, 25.00546247953], [121.56397993028, 25.005379723902], [121.56396689538, 25.005514408376], [121.56426593791, 25.005666321123], [121.56424090132, 25.005856393349], [121.56448090138, 25.005891329632], [121.5641089413, 25.006324433507], [121.56507052926, 25.00739927266], [121.56548802992, 25.007151340882], [121.566267974, 25.007175280702], [121.56680790886, 25.005756250074], [121.56806272798, 25.004969893057], [121.56977562232, 25.00488593448], [121.57146435177, 25.004403424726], [121.5717639225, 25.003868277487], [121.57193529435, 25.00308769391]]]]}, "id": "A6308-039-00"}, {"type": "Feature", "properties": {"county": "台北市", "town": "文山區", "village": "萬盛里"}, "geometry": {"type": "MultiPolygon", "coordinates": [[[[121.54520744239, 25.008009686415], [121.54546523436, 25.005395592697], [121.54477949482, 25.005084378133], [121.54387839762, 25.004034617655], [121.54408630407, 25.003487618444], [121.54389241501, 25.003418139353], [121.5442435831, 25.002638450773], [121.54325277148, 25.002298735171], [121.54361483275, 25.001902387179], [121.54310457709, 25.001487955477], [121.54257794654, 25.001938203723], [121.54219627815, 25.002085783191], [121.54201071464, 25.001974901695], [121.54065446068, 25.003974217408], [121.54032042872, 25.004150943207], [121.53876700702, 25.004389186622], [121.53897442731, 25.006377285249], [121.5385973558, 25.007399350149], [121.53801881677, 25.008368176533], [121.53922392289, 25.00853323911], [121.54125162666, 25.008193148743], [121.54323079342, 25.008254012915], [121.54458947411, 25.007836693248], [121.54520744239, 25.008009686415]]]]}, "id": "A6308-012-00"}, {"type": "Feature", "properties": {"county": "台北市", "town": "文山區", "village": "興旺里"}, "geometry": {"type": "MultiPolygon", "coordinates": [[[[121.55257368664, 25.008856262563], [121.5528021661, 25.007971267211], [121.55275101936, 25.004887167518], [121.55317990408, 25.003528912459], [121.55341287271, 25.003254907746], [121.55329782289, 25.002927841183], [121.5520449527, 25.003467145262], [121.55188933897, 25.003350331137], [121.55292980081, 25.002557138791], [121.55251697394, 25.001578021574], [121.55176424461, 25.001846613922], [121.55180232806, 25.001975253218], [121.55071689678, 25.002888239357], [121.54863003751, 25.003829301466], [121.54842907764, 25.004099384486], [121.54843623101, 25.004535290323], [121.547925681, 25.004959294758], [121.54725273944, 25.005159426441], [121.54599124603, 25.004825544445], [121.54541725248, 25.005373557694], [121.54520744239, 25.008009686415], [121.54661774872, 25.008399539981], [121.54794979248, 25.009384518474], [121.54909485351, 25.009811443937], [121.55140879276, 25.009643335133], [121.55257368664, 25.008856262563]]]]}, "id": "A6308-020-00"}, {"type": "Feature", "properties": {"county": "台北市", "town": "文山區", "village": "萬年里"}, "geometry": {"type": "MultiPolygon", "coordinates": [[[[121.53801881677, 25.008368176533], [121.53887483136, 25.006792636134], [121.5389968805, 25.006061661275], [121.53864307382, 25.003615531998], [121.53867275211, 25.002799989325], [121.53831180237, 25.002680223492], [121.53742202911, 25.003003532927], [121.53675848052, 25.003006341419], [121.53646154933, 25.004740362405], [121.53574555612, 25.004803804332], [121.53649204489, 25.006708284988], [121.5340944925, 25.006707322437], [121.53377634771, 25.006439815653], [121.53334950181, 25.006557314043], [121.53240850346, 25.006281778761], [121.53238291806, 25.007763928653], [121.5319567239, 25.008626855557], [121.53580303877, 25.010864877812], [121.53708738675, 25.011176384993], [121.53750954905, 25.009449721816], [121.53801881677, 25.008368176533]]]]}, "id": "A6308-010-00"}, {"type": "Feature", "properties": {"county": "台北市", "town": "文山區", "village": "興泰里"}, "geometry": {"type": "MultiPolygon", "coordinates": [[[[121.55568942671, 25.002635096732], [121.55460237584, 25.00085647277], [121.55251697394, 25.001578021574], [121.55292980081, 25.002557138791], [121.55188933897, 25.003350331137], [121.5520449527, 25.003467145262], [121.55329782289, 25.002927841183], [121.55341287271, 25.003254907746], [121.55317990408, 25.003528912459], [121.55275101936, 25.004887167518], [121.5528021661, 25.007971267211], [121.55257368664, 25.008856262563], [121.55352973724, 25.009190104521], [121.5551498292, 25.011228134196], [121.55569177882, 25.011561417105], [121.55802970468, 25.009153986644], [121.55851625691, 25.008437086372], [121.55865987893, 25.007750603108], [121.55853965742, 25.006581045852], [121.55738053348, 25.005499558613], [121.55568942671, 25.002635096732]]]]}, "id": "A6308-021-00"}, {"type": "Feature", "properties": {"county": "台北市", "town": "文山區", "village": "樟林里"}, "geometry": {"type": "MultiPolygon", "coordinates": [[[[121.55850208556, 24.986342654015], [121.56091875421, 24.986617334058], [121.5616754063, 24.984509255507], [121.55870393529, 24.984034800242], [121.55582920369, 24.983216981592], [121.55363214334, 24.983279781619], [121.55388827822, 24.984428717945], [121.55382323339, 24.984900706784], [121.55271938406, 24.986332138509], [121.55334548545, 24.986703631345], [121.55371341194, 24.986466592643], [121.55473941013, 24.98673155429], [121.55576279448, 24.986251096161], [121.55698546528, 24.986356593292], [121.5577334374, 24.986172714937], [121.55850208556, 24.986342654015]]]]}, "id": "A6308-030-00"}, {"type": "Feature", "properties": {"county": "台北市", "town": "文山區", "village": "忠順里"}, "geometry": {"type": "MultiPolygon", "coordinates": [[[[121.56612136742, 24.987016357596], [121.568339894, 24.986847652476], [121.56678699572, 24.98478342666], [121.56553104371, 24.985043693867], [121.5616754063, 24.984509255507], [121.56091875421, 24.986617334058], [121.56612136742, 24.987016357596]]]]}, "id": "A6308-038-00"}, {"type": "Feature", "properties": {"county": "台北市", "town": "文山區", "village": "試院里"}, "geometry": {"type": "MultiPolygon", "coordinates": [[[[121.54522215239, 24.990302691276], [121.5464379288, 24.989951357381], [121.54736465917, 24.990038654256], [121.54887844712, 24.989801070683], [121.54919222993, 24.989527939721], [121.54989931494, 24.98741041375], [121.55017055799, 24.987472241567], [121.55024027269, 24.987221937158], [121.55076438818, 24.986917045958], [121.5509754498, 24.986474215912], [121.55099838868, 24.985608283734], [121.55069640579, 24.985054319522], [121.54979634759, 24.984180333114], [121.54759045498, 24.983406493708], [121.54615452457, 24.983336651292], [121.54536549498, 24.983545669634], [121.54464860471, 24.984125676741], [121.54460380868, 24.987254541167], [121.54409887729, 24.988142550958], [121.54221013534, 24.988004240727], [121.54293196764, 24.988971164632], [121.54334799324, 24.989360550784], [121.54381897478, 24.989500489833], [121.54380403484, 24.989670463806], [121.54474907394, 24.990661444925], [121.54522215239, 24.990302691276]]]]}, "id": "A6308-023-00"}, {"type": "Feature", "properties": {"county": "台北市", "town": "文山區", "village": "明義里"}, "geometry": {"type": "MultiPolygon", "coordinates": [[[[121.55891425673, 24.99113480896], [121.56015906451, 24.988745702525], [121.56318506187, 24.989058958219], [121.56392832763, 24.988775684133], [121.5635751434, 24.988063546553], [121.56450492996, 24.98795847779], [121.56468438651, 24.986972856786], [121.55850208556, 24.986342654015], [121.5582554857, 24.987728271824], [121.55773453938, 24.988354292178], [121.55763784625, 24.98870820384], [121.55886163101, 24.98874504021], [121.55883051404, 24.989557199247], [121.55874841246, 24.98964750795], [121.55772748678, 24.989394308288], [121.55763355381, 24.989672290311], [121.55678150049, 24.989358304971], [121.55660659995, 24.990127298277], [121.55711659954, 24.990722309922], [121.55706766126, 24.9912852825], [121.55758161637, 24.991253608029], [121.55878273286, 24.991544581697], [121.55891425673, 24.99113480896]]]]}, "id": "A6308-025-00"}, {"type": "Feature", "properties": {"county": "台北市", "town": "文山區", "village": "木新里"}, "geometry": {"type": "MultiPolygon", "coordinates": [[[[121.57192691309, 24.98261472151], [121.57153885344, 24.982071687865], [121.57044888319, 24.982426817449], [121.56953694547, 24.982358801769], [121.56909287423, 24.982104895466], [121.56871497603, 24.98301435529], [121.56812398549, 24.982852929019], [121.56779661786, 24.983646630167], [121.56927999937, 24.984148972865], [121.56902404563, 24.984706799386], [121.56709742421, 24.985186599813], [121.56857898305, 24.987143533813], [121.5686496672, 24.988344290309], [121.56851633968, 24.98889871934], [121.57096743055, 24.990791920364], [121.57115436024, 24.991666286148], [121.57201260678, 24.991663581539], [121.57234255539, 24.990748521714], [121.57214853471, 24.990367515447], [121.57098838899, 24.989403623537], [121.57121732934, 24.988908600572], [121.57251218997, 24.987265536163], [121.57246918811, 24.986395599739], [121.57178210352, 24.985398667058], [121.57169303822, 24.984548679543], [121.57192691309, 24.98261472151]]]]}, "id": "A6308-028-00"}, {"type": "Feature", "properties": {"county": "台北市", "town": "文山區", "village": "景行里"}, "geometry": {"type": "MultiPolygon", "coordinates": [[[[121.54416537506, 24.992560056562], [121.54319373578, 24.990584192932], [121.54228648318, 24.989270551131], [121.54214232931, 24.988756112513], [121.54221013534, 24.988004240727], [121.53986707215, 24.987602380878], [121.53957521998, 24.988740322967], [121.53959624678, 24.989664326151], [121.54089537506, 24.993162710136], [121.54132910748, 24.992942736876], [121.5429761608, 24.992877956953], [121.54416537506, 24.992560056562]]]]}, "id": "A6308-001-00"}, {"type": "Feature", "properties": {"county": "台北市", "town": "文山區", "village": "華興里"}, "geometry": {"type": "MultiPolygon", "coordinates": [[[[121.55169269143, 24.993950359683], [121.5518808938, 24.993623047846], [121.55268077835, 24.993072017805], [121.55345574232, 24.992883564217], [121.55359875875, 24.992068508961], [121.55400473433, 24.991842531828], [121.55416965159, 24.991539529879], [121.55446768831, 24.991477473469], [121.55474763078, 24.991061448032], [121.55524863909, 24.99123844715], [121.55603066261, 24.991129344531], [121.55706766126, 24.9912852825], [121.55711659954, 24.990722309922], [121.55662057388, 24.990200292515], [121.55669453682, 24.989406391794], [121.55688049214, 24.989350350927], [121.55763355381, 24.989672290311], [121.55772748678, 24.989394308288], [121.55878549972, 24.989623003604], [121.55886163101, 24.98874504021], [121.55763784625, 24.98870820384], [121.55773453938, 24.988354292178], [121.5582554857, 24.987728271824], [121.55850208556, 24.986342654015], [121.5577334374, 24.986172714937], [121.55698546528, 24.986356593292], [121.55576279448, 24.986251096161], [121.55473941013, 24.98673155429], [121.55371341194, 24.986466592643], [121.55334548545, 24.986703631345], [121.55271938406, 24.986332138509], [121.55231843924, 24.986854128416], [121.5516534764, 24.987240132281], [121.55076438818, 24.986917045958], [121.55024027269, 24.987221937158], [121.55017055799, 24.987472241567], [121.54989931494, 24.98741041375], [121.54919222993, 24.989527939721], [121.54887844712, 24.989801070683], [121.54736465917, 24.990038654256], [121.54590192368, 24.990037381129], [121.54474907394, 24.990661444925], [121.54505903817, 24.990842425274], [121.5452090889, 24.991222358829], [121.54584505794, 24.991644391673], [121.5472730425, 24.991948300145], [121.54805798526, 24.992484262787], [121.54945093455, 24.992733202198], [121.55048496755, 24.993681129231], [121.55169269143, 24.993950359683]]]]}, "id": "A6308-024-00"}, {"type": "Feature", "properties": {"county": "台北市", "town": "文山區", "village": "明興里"}, "geometry": {"type": "MultiPolygon", "coordinates": [[[[121.56413895988, 24.990635529956], [121.56408757682, 24.990247956553], [121.56436583325, 24.989985016728], [121.56426738719, 24.98948689115], [121.56282762927, 24.988990281272], [121.56015906451, 24.988745702525], [121.55891425673, 24.99113480896], [121.55937167763, 24.991206162764], [121.55985468055, 24.991766190156], [121.56054366686, 24.992132167102], [121.56082665365, 24.992103110899], [121.56105375241, 24.992812128854], [121.56265677822, 24.994047046064], [121.56380170551, 24.993046993843], [121.56384473362, 24.992610000354], [121.5642296986, 24.992062999527], [121.56422866775, 24.991693982185], [121.56455459121, 24.991351895096], [121.56440460224, 24.991160956221], [121.564210615, 24.991175958122], [121.56413895988, 24.990635529956]]]]}, "id": "A6308-026-00"}, {"type": "Feature", "properties": {"county": "台北市", "town": "文山區", "village": "景美里"}, "geometry": {"type": "MultiPolygon", "coordinates": [[[[121.54053175398, 24.99212015566], [121.5395512126, 24.989417285536], [121.53986707215, 24.987602380878], [121.53846419921, 24.987774402912], [121.53703933169, 24.988451462108], [121.53655341009, 24.989514438458], [121.53708854287, 24.991178408789], [121.53704655708, 24.992064383887], [121.53686364912, 24.992785368162], [121.53533507129, 24.994957350876], [121.53557055831, 24.995802372633], [121.53572649436, 24.995992401406], [121.53612727921, 24.995353259207], [121.5371367247, 24.994429890868], [121.53993352926, 24.992348744183], [121.54053175398, 24.99212015566]]]]}, "id": "A6308-003-00"}, {"type": "Feature", "properties": {"county": "台北市", "town": "文山區", "village": "木柵里"}, "geometry": {"type": "MultiPolygon", "coordinates": [[[[121.56867687014, 24.994964740323], [121.56954082879, 24.994511693541], [121.56973685348, 24.99397869497], [121.57001321465, 24.993817936582], [121.57014960429, 24.993294232835], [121.57003311498, 24.992894884125], [121.57024048361, 24.992146595166], [121.57054541806, 24.991949879325], [121.57061059936, 24.991685626889], [121.57115436024, 24.991666286148], [121.57096743055, 24.990791920364], [121.56851633968, 24.98889871934], [121.56862343032, 24.987648342295], [121.56857898305, 24.987143533813], [121.568339894, 24.986847652476], [121.56576469688, 24.98703769231], [121.56468438651, 24.986972856786], [121.56450492996, 24.98795847779], [121.5635751434, 24.988063546553], [121.56392832763, 24.988775684133], [121.56318506187, 24.989058958219], [121.56426738719, 24.98948689115], [121.56436583325, 24.989985016728], [121.56408757682, 24.990247956553], [121.564210615, 24.991175958122], [121.56440460224, 24.991160956221], [121.56455459121, 24.991351895096], [121.56422866775, 24.991693982185], [121.5642296986, 24.992062999527], [121.56384473362, 24.992610000354], [121.56380170551, 24.993046993843], [121.56265677822, 24.994047046064], [121.56283888145, 24.994687067646], [121.56332087683, 24.995276034654], [121.5635959438, 24.996017098662], [121.56435091126, 24.995650000639], [121.56484392956, 24.995770023546], [121.56554492577, 24.995644925011], [121.5659619019, 24.995342940107], [121.56664791561, 24.995354865975], [121.56729188969, 24.995624910733], [121.5684238233, 24.995197755685], [121.56867687014, 24.994964740323]]]]}, "id": "A6308-027-00"}, {"type": "Feature", "properties": {"county": "台北市", "town": "文山區", "village": "景東里"}, "geometry": {"type": "MultiPolygon", "coordinates": [[[[121.55062393787, 24.993697138271], [121.54945093455, 24.992733202198], [121.54805798526, 24.992484262787], [121.5472730425, 24.991948300145], [121.54584505794, 24.991644391673], [121.54530704313, 24.991294412699], [121.54505903817, 24.990842425274], [121.54380403484, 24.989670463806], [121.54381897478, 24.989500489833], [121.54334799324, 24.989360550784], [121.54221013534, 24.988004240727], [121.54218318297, 24.989027937121], [121.54378256705, 24.99163247424], [121.54452289234, 24.993442339555], [121.54470068942, 24.995128420672], [121.5464282105, 24.995487902882], [121.54722928391, 24.99599498426], [121.54755542445, 24.996419667829], [121.54972311394, 24.995107190352], [121.55062393787, 24.993697138271]]]]}, "id": "A6308-002-00"}, {"type": "Feature", "properties": {"county": "台北市", "town": "文山區", "village": "興家里"}, "geometry": {"type": "MultiPolygon", "coordinates": [[[[121.5635959438, 24.996017098662], [121.56332087683, 24.995276034654], [121.56283888145, 24.994687067646], [121.56265677822, 24.994047046064], [121.56105375241, 24.992812128854], [121.56082665365, 24.992103110899], [121.56054366686, 24.992132167102], [121.55985468055, 24.991766190156], [121.55937167763, 24.991206162764], [121.55891425673, 24.99113480896], [121.55864273279, 24.992198526207], [121.55957907879, 24.994444599331], [121.56005323654, 24.996233017982], [121.56224898054, 24.996708131613], [121.5635959438, 24.996017098662]]]]}, "id": "A6308-015-00"}, {"type": "Feature", "properties": {"county": "台北市", "town": "文山區", "village": "政大里"}, "geometry": {"type": "MultiPolygon", "coordinates": [[[[121.59823076158, 24.995130490635], [121.59808338238, 24.994449382576], [121.59824035841, 24.993642374082], [121.59939030529, 24.99291732395], [121.59901321479, 24.991650271961], [121.6014871004, 24.990456142349], [121.60194657031, 24.988686157989], [121.60169552474, 24.987836204129], [121.60033755986, 24.987453267348], [121.59984053375, 24.986824335342], [121.5996984858, 24.985399342519], [121.60034026628, 24.982929348902], [121.60026222611, 24.982202299014], [121.60060684445, 24.980747355666], [121.60049076109, 24.979790330575], [121.59926479967, 24.97872446793], [121.60005938799, 24.97692621739], [121.5996610134, 24.976698316019], [121.59784566029, 24.976871942338], [121.59699041146, 24.976807291132], [121.59601441477, 24.976456352815], [121.59416320053, 24.976675552347], [121.59389677204, 24.977498116314], [121.59227438021, 24.978340444877], [121.59184291525, 24.979351438977], [121.59066717063, 24.979975870905], [121.5885604836, 24.981443980761], [121.58790658578, 24.98211894429], [121.58716033801, 24.982360048583], [121.58623468343, 24.982912042397], [121.58595269012, 24.982885072765], [121.5837318024, 24.98362315008], [121.58270086905, 24.984171086912], [121.58143386522, 24.984333234021], [121.58082494551, 24.984908219873], [121.58040289246, 24.984895240005], [121.57952672255, 24.986190285856], [121.57844175951, 24.986994259424], [121.57625506775, 24.987546227453], [121.57608926412, 24.987975682582], [121.57632530498, 24.988070785189], [121.57630824693, 24.988262088104], [121.57655913703, 24.988458492208], [121.57698878511, 24.988631975688], [121.57759284865, 24.989463786193], [121.57840038709, 24.989677089132], [121.57956306273, 24.990402465171], [121.58191783808, 24.990290701418], [121.58259503707, 24.990810039592], [121.58378016666, 24.990996245864], [121.58487931476, 24.990914446867], [121.58708049963, 24.990167111216], [121.58800115085, 24.990690356993], [121.58836221727, 24.991530906144], [121.58904642325, 24.991197606933], [121.58961500637, 24.989201471724], [121.58976689555, 24.988963256909], [121.59016631524, 24.98880268696], [121.59032805265, 24.988976528537], [121.5904907159, 24.990223875947], [121.59033111881, 24.990805103459], [121.59075769338, 24.991118505945], [121.59082291786, 24.99200739841], [121.59097807653, 24.992166226277], [121.59202951134, 24.991588676702], [121.59262358973, 24.991598647771], [121.59344299147, 24.995015884858], [121.59381806574, 24.995244169983], [121.59443017954, 24.99632179105], [121.59471800407, 24.996276888931], [121.59553984977, 24.996584377414], [121.59605333257, 24.99652071081], [121.59683385691, 24.996071763822], [121.59731511548, 24.996022763678], [121.59784223591, 24.9952660262], [121.59823076158, 24.995130490635]]]]}, "id": "A6308-040-00"}, {"type": "Feature", "properties": {"county": "台北市", "town": "大安區", "village": "古風里"}, "geometry": {"type": "MultiPolygon", "coordinates": [[[[121.53128620142, 25.023250698218], [121.53116600909, 25.022345981734], [121.53170636399, 25.021787239948], [121.5292695498, 25.01970220408], [121.52761844198, 25.021180570124], [121.52827311731, 25.021976246089], [121.52848947381, 25.02360164678], [121.53128620142, 25.023250698218]]]]}, "id": "A6303-013-00"}, {"type": "Feature", "properties": {"county": "台北市", "town": "中正區", "village": "網溪里"}, "geometry": {"type": "MultiPolygon", "coordinates": [[[[121.52142702724, 25.023702889326], [121.52044687923, 25.022219789083], [121.52033734192, 25.021173200004], [121.51961093728, 25.019352932906], [121.51903396544, 25.019785903716], [121.51623729353, 25.020962919927], [121.51673877346, 25.022536083436], [121.51680682027, 25.023816377867], [121.51744694738, 25.023797161083], [121.51744854525, 25.023933192973], [121.52142702724, 25.023702889326]]]]}, "id": "A6305-007-00"}, {"type": "Feature", "properties": {"county": "台北市", "town": "信義區", "village": "泰和里"}, "geometry": {"type": "MultiPolygon", "coordinates": [[[[121.57058957084, 25.023791090469], [121.57229306203, 25.022367343886], [121.57395359431, 25.020663584112], [121.57377343509, 25.020510505394], [121.57388993288, 25.020295939833], [121.57368755402, 25.01978722743], [121.57348549232, 25.019603181704], [121.57374884234, 25.019115654885], [121.57357063978, 25.018863898753], [121.57382443169, 25.018642171482], [121.57384340334, 25.018328157148], [121.57410436363, 25.018068195859], [121.57404236841, 25.017829164346], [121.57478993789, 25.01663307439], [121.57516184455, 25.015507045791], [121.57613879184, 25.014446935289], [121.57496572202, 25.013192981552], [121.57395871375, 25.013254026712], [121.57244279371, 25.01366027876], [121.57201773267, 25.013407286647], [121.56972287497, 25.01394747485], [121.56739098447, 25.015111608495], [121.56670174298, 25.016421527873], [121.56630663507, 25.016619484197], [121.56631397489, 25.017071552544], [121.56560254814, 25.017760850288], [121.56768171073, 25.01998970922], [121.56999724705, 25.023690780513], [121.57045979284, 25.023900011981], [121.57058957084, 25.023791090469]]]]}, "id": "A6302-033-00"}, {"type": "Feature", "properties": {"county": "台北市", "town": "中正區", "village": "河堤里"}, "geometry": {"type": "MultiPolygon", "coordinates": [[[[121.52547653065, 25.020984271676], [121.52465279664, 25.021027774903], [121.52247004109, 25.020385766146], [121.52055688155, 25.01864382366], [121.51961093728, 25.019352932906], [121.52033734192, 25.021173200004], [121.52044687923, 25.022219789083], [121.52173812544, 25.024116250423], [121.52547653065, 25.020984271676]]]]}, "id": "A6305-005-00"}, {"type": "Feature", "properties": {"county": "台北市", "town": "萬華區", "village": "保德里"}, "geometry": {"type": "MultiPolygon", "coordinates": [[[[121.49865993847, 25.021569219212], [121.49829736581, 25.020971140014], [121.49752947322, 25.021380400447], [121.49612937862, 25.021383821746], [121.49544545725, 25.023651118568], [121.49718742922, 25.024421275377], [121.49838648782, 25.021802670241], [121.49865993847, 25.021569219212]]]]}, "id": "A6307-027-00"}, {"type": "Feature", "properties": {"county": "台北市", "town": "大安區", "village": "芳和里"}, "geometry": {"type": "MultiPolygon", "coordinates": [[[[121.554655618, 25.022383762933], [121.55383816167, 25.021140868244], [121.5518298534, 25.019714646245], [121.55084470873, 25.018209693954], [121.54971640736, 25.017905004404], [121.54902145933, 25.016990103012], [121.54664030982, 25.019192548964], [121.55256314418, 25.024360717216], [121.554655618, 25.022383762933]]]]}, "id": "A6303-044-00"}, {"type": "Feature", "properties": {"county": "台北市", "town": "信義區", "village": "黎平里"}, "geometry": {"type": "MultiPolygon", "coordinates": [[[[121.55888675331, 25.022960780472], [121.55873942258, 25.022839409199], [121.55911691262, 25.022347658805], [121.55908443882, 25.021515994305], [121.55889005446, 25.021990729105], [121.55699836256, 25.021020220259], [121.55656968616, 25.020580420207], [121.55256314418, 25.024360717216], [121.55521212993, 25.024244519796], [121.55718303897, 25.023412417144], [121.55862124118, 25.023283813544], [121.55888675331, 25.022960780472]]]]}, "id": "A6302-039-00"}, {"type": "Feature", "properties": {"county": "台北市", "town": "萬華區", "village": "孝德里"}, "geometry": {"type": "MultiPolygon", "coordinates": [[[[121.49544545725, 25.023651118568], [121.49570581753, 25.022773297211], [121.49314993011, 25.022413971438], [121.49208559286, 25.021928946756], [121.48878566795, 25.020935756093], [121.48885073, 25.02196872299], [121.49214882074, 25.023027846698], [121.49492988147, 25.024809870076], [121.49544545725, 25.023651118568]]]]}, "id": "A6307-023-00"}, {"type": "Feature", "properties": {"county": "台北市", "town": "大安區", "village": "虎嘯里"}, "geometry": {"type": "MultiPolygon", "coordinates": [[[[121.54872134068, 25.024567720093], [121.55256314418, 25.024360717216], [121.54837693698, 25.020658879193], [121.54721702644, 25.022142956362], [121.54663913188, 25.023528091785], [121.54671110343, 25.024693718872], [121.54872134068, 25.024567720093]]]]}, "id": "A6303-038-00"}, {"type": "Feature", "properties": {"county": "台北市", "town": "大安區", "village": "臥龍里"}, "geometry": {"type": "MultiPolygon", "coordinates": [[[[121.54671110343, 25.024693718872], [121.54663913188, 25.023528091785], [121.54721702644, 25.022142956362], [121.54837693698, 25.020658879193], [121.54664030982, 25.019192548964], [121.54491521265, 25.020811557457], [121.54398951197, 25.021208570603], [121.54335081428, 25.021282063908], [121.54342977098, 25.024888260661], [121.54671110343, 25.024693718872]]]]}, "id": "A6303-039-00"}, {"type": "Feature", "properties": {"county": "台北市", "town": "萬華區", "village": "壽德里"}, "geometry": {"type": "MultiPolygon", "coordinates": [[[[121.5015839561, 25.022377343267], [121.50164634937, 25.022020913351], [121.50022013285, 25.021135693077], [121.49865993847, 25.021569219212], [121.50001932421, 25.023728778965], [121.50044333523, 25.025381543975], [121.50175155374, 25.025469508021], [121.5015839561, 25.022377343267]]]]}, "id": "A6307-030-00"}, {"type": "Feature", "properties": {"county": "台北市", "town": "信義區", "village": "雙和里"}, "geometry": {"type": "MultiPolygon", "coordinates": [[[[121.56450516534, 25.02607000083], [121.56427513954, 25.025815973019], [121.56411407037, 25.024670980168], [121.5647159823, 25.024078009871], [121.56456798787, 25.023974015213], [121.5651979693, 25.02392593388], [121.5650049391, 25.023338962867], [121.5651938935, 25.0226969067], [121.56504991865, 25.022327891706], [121.56464383992, 25.021760962162], [121.56367982352, 25.02117601168], [121.56271686021, 25.02075007764], [121.56151864665, 25.020462550653], [121.56128572744, 25.020922519658], [121.56150137503, 25.02179884797], [121.56092663208, 25.022507377907], [121.56061172132, 25.022620411902], [121.56060004286, 25.022786100366], [121.56089492331, 25.023004256556], [121.56016482603, 25.02389281707], [121.56024894359, 25.024817475013], [121.55996321762, 25.025160810378], [121.56314922926, 25.027713857501], [121.56450516534, 25.02607000083]]]]}, "id": "A6302-036-00"}, {"type": "Feature", "properties": {"county": "台北市", "town": "萬華區", "village": "忠德里"}, "geometry": {"type": "MultiPolygon", "coordinates": [[[[121.49683729403, 25.025181499847], [121.49718742922, 25.024421275377], [121.49544545725, 25.023651118568], [121.49413756338, 25.026494192775], [121.49375842835, 25.02692062987], [121.49534627131, 25.028290752059], [121.49683729403, 25.025181499847]]]]}, "id": "A6307-022-00"}, {"type": "Feature", "properties": {"county": "台北市", "town": "大安區", "village": "群英里"}, "geometry": {"type": "MultiPolygon", "coordinates": [[[[121.54692482818, 25.028249919481], [121.54674822656, 25.025591142949], [121.54517528695, 25.025656241816], [121.54520125648, 25.025892171463], [121.54426729977, 25.025887287284], [121.54433357182, 25.027685836732], [121.54490748594, 25.027661587109], [121.54493163089, 25.028048212094], [121.54530550607, 25.028029805852], [121.545328502, 25.028343129619], [121.54692482818, 25.028249919481]]]]}, "id": "A6303-037-00"}, {"type": "Feature", "properties": {"county": "台北市", "town": "大安區", "village": "群賢里"}, "geometry": {"type": "MultiPolygon", "coordinates": [[[[121.54459143467, 25.028383603678], [121.545328502, 25.028343129619], [121.54530550607, 25.028029805852], [121.54493163089, 25.028048212094], [121.54490748594, 25.027661587109], [121.54433357182, 25.027685836732], [121.54426729977, 25.025887287284], [121.54520125648, 25.025892171463], [121.54517528695, 25.025656241816], [121.54674822656, 25.025591142949], [121.54692482818, 25.028249919481], [121.54878112973, 25.028128366693], [121.54872134068, 25.024567720093], [121.54342977098, 25.024888260661], [121.54349589606, 25.028417872107], [121.54459143467, 25.028383603678]]]]}, "id": "A6303-036-00"}, {"type": "Feature", "properties": {"county": "台北市", "town": "大安區", "village": "法治里"}, "geometry": {"type": "MultiPolygon", "coordinates": [[[[121.55359864184, 25.028076750653], [121.55605652487, 25.027470566659], [121.55256314418, 25.024360717216], [121.55110756557, 25.028183884703], [121.55210365067, 25.028457351046], [121.55359864184, 25.028076750653]]]]}, "id": "A6303-034-00"}, {"type": "Feature", "properties": {"county": "台北市", "town": "大安區", "village": "龍生里"}, "geometry": {"type": "MultiPolygon", "coordinates": [[[[121.54017864472, 25.027447643572], [121.53974155897, 25.02690964403], [121.54180753913, 25.026548542768], [121.54345385979, 25.026528951014], [121.54342977098, 25.024888260661], [121.53767324766, 25.025679791798], [121.53774525122, 25.028263988134], [121.53824021869, 25.028264218901], [121.53849702863, 25.028525322738], [121.54017864472, 25.027447643572]]]]}, "id": "A6303-028-00"}, {"type": "Feature", "properties": {"county": "台北市", "town": "萬華區", "village": "和德里"}, "geometry": {"type": "MultiPolygon", "coordinates": [[[[121.49562684677, 25.028732273662], [121.49518424927, 25.028144207423], [121.49081591721, 25.024430578564], [121.48879285273, 25.023719714789], [121.48812696142, 25.024870744584], [121.48790996505, 25.025987704341], [121.48719724822, 25.027014741233], [121.48961963076, 25.027517769892], [121.49102446869, 25.028272976087], [121.49168922385, 25.028916544705], [121.4919069453, 25.028682607794], [121.49248464443, 25.028494661109], [121.49521568072, 25.028825981122], [121.49562684677, 25.028732273662]]]]}, "id": "A6307-024-00"}, {"type": "Feature", "properties": {"county": "台北市", "town": "中正區", "village": "永昌里"}, "geometry": {"type": "MultiPolygon", "coordinates": [[[[121.51092061294, 25.02708749236], [121.51015913726, 25.024664162578], [121.50935560197, 25.02487056266], [121.50708335336, 25.026770213921], [121.50857862357, 25.028985048596], [121.50936855524, 25.028060015804], [121.51092061294, 25.02708749236]]]]}, "id": "A6305-012-00"}, {"type": "Feature", "properties": {"county": "台北市", "town": "大安區", "village": "龍淵里"}, "geometry": {"type": "MultiPolygon", "coordinates": [[[[121.54263195283, 25.024972609386], [121.54342977098, 25.024888260661], [121.54335081428, 25.021282063908], [121.53959774301, 25.021368064526], [121.53906655975, 25.021471526041], [121.53834108796, 25.02187524887], [121.53965317097, 25.023431552589], [121.539791526, 25.023864714815], [121.53962855644, 25.024289512274], [121.53978229898, 25.025360034471], [121.54263195283, 25.024972609386]]]]}, "id": "A6303-040-00"}, {"type": "Feature", "properties": {"county": "台北市", "town": "萬華區", "village": "忠貞里"}, "geometry": {"type": "MultiPolygon", "coordinates": [[[[121.50376092507, 25.025239033917], [121.50288171345, 25.024340088247], [121.50260847882, 25.022059690555], [121.50164634937, 25.022020913351], [121.50153513165, 25.023033326807], [121.50175155374, 25.025469508021], [121.50356664605, 25.0257127678], [121.50376092507, 25.025239033917]]]]}, "id": "A6307-034-00"}, {"type": "Feature", "properties": {"county": "台北市", "town": "中正區", "village": "頂東里"}, "geometry": {"type": "MultiPolygon", "coordinates": [[[[121.52614552594, 25.022459639303], [121.52774320551, 25.021073081903], [121.52757515278, 25.020870450191], [121.52548909323, 25.020973300549], [121.52173812544, 25.024116250423], [121.52257599155, 25.025283319755], [121.52334622913, 25.02583367735], [121.52534560985, 25.023210721523], [121.52614552594, 25.022459639303]]]]}, "id": "A6305-006-00"}, {"type": "Feature", "properties": {"county": "台北市", "town": "萬華區", "village": "騰雲里"}, "geometry": {"type": "MultiPolygon", "coordinates": [[[[121.5091885236, 25.02501147089], [121.51277221712, 25.023993300613], [121.51287911066, 25.021687413361], [121.51055610364, 25.021764570996], [121.50844797596, 25.021111688111], [121.50604581816, 25.018486766475], [121.50236985121, 25.021279801141], [121.50249220501, 25.021332544383], [121.50288171345, 25.024340088247], [121.50376092507, 25.025239033917], [121.50651243977, 25.026106165757], [121.50832194468, 25.024133943722], [121.5091885236, 25.02501147089]]]]}, "id": "A6307-036-00"}, {"type": "Feature", "properties": {"county": "台北市", "town": "萬華區", "village": "全德里"}, "geometry": {"type": "MultiPolygon", "coordinates": [[[[121.50044333523, 25.025381543975], [121.50001932421, 25.023728778965], [121.49865993847, 25.021569219212], [121.49838648782, 25.021802670241], [121.49683729403, 25.025181499847], [121.49981608121, 25.026348701765], [121.50046273657, 25.026364996668], [121.50044333523, 25.025381543975]]]]}, "id": "A6307-026-00"}, {"type": "Feature", "properties": {"county": "台北市", "town": "大安區", "village": "龍坡里"}, "geometry": {"type": "MultiPolygon", "coordinates": [[[[121.5348804174, 25.026039762124], [121.53443537624, 25.022335499597], [121.53289614767, 25.022352060994], [121.53170636399, 25.021787239948], [121.53116600909, 25.022345981734], [121.53158086686, 25.0263433603], [121.5348804174, 25.026039762124]]]]}, "id": "A6303-011-00"}, {"type": "Feature", "properties": {"county": "台北市", "town": "大安區", "village": "龍泉里"}, "geometry": {"type": "MultiPolygon", "coordinates": [[[[121.53037820966, 25.026440680049], [121.53158086686, 25.0263433603], [121.53128620142, 25.023250698218], [121.52848947381, 25.02360164678], [121.52859133926, 25.024660284931], [121.52836279447, 25.025283902998], [121.52849216569, 25.026592772616], [121.53037820966, 25.026440680049]]]]}, "id": "A6303-012-00"}, {"type": "Feature", "properties": {"county": "台北市", "town": "萬華區", "village": "凌霄里"}, "geometry": {"type": "MultiPolygon", "coordinates": [[[[121.5091885236, 25.02501147089], [121.50832194468, 25.024133943722], [121.50651243977, 25.026106165757], [121.50708335336, 25.026770213921], [121.5091885236, 25.02501147089]]]]}, "id": "A6307-035-00"}, {"type": "Feature", "properties": {"county": "台北市", "town": "萬華區", "village": "錦德里"}, "geometry": {"type": "MultiPolygon", "coordinates": [[[[121.49492988147, 25.024809870076], [121.49214882074, 25.023027846698], [121.48885073, 25.02196872299], [121.48879285273, 25.023719714789], [121.49081591721, 25.024430578564], [121.49375842835, 25.02692062987], [121.49413756338, 25.026494192775], [121.49492988147, 25.024809870076]]]]}, "id": "A6307-025-00"}, {"type": "Feature", "properties": {"county": "台北市", "town": "信義區", "village": "惠安里"}, "geometry": {"type": "MultiPolygon", "coordinates": [[[[121.56747300702, 25.024793812521], [121.56804031202, 25.024320410532], [121.5684068147, 25.024434148132], [121.5699854274, 25.023669788635], [121.56768171073, 25.01998970922], [121.56560254814, 25.017760850288], [121.56495259357, 25.017937853939], [121.56428469739, 25.018534867489], [121.56365370187, 25.018712967219], [121.56346374608, 25.01901092585], [121.56275575122, 25.019206025477], [121.56252776619, 25.019679025111], [121.56174279379, 25.01973508539], [121.56139292598, 25.020056835964], [121.56151864665, 25.020462550653], [121.56271686021, 25.02075007764], [121.56367982352, 25.02117601168], [121.56464383992, 25.021760962162], [121.56504991865, 25.022327891706], [121.5651938935, 25.0226969067], [121.5650049391, 25.023338962867], [121.5651979693, 25.02392593388], [121.56456798787, 25.023974015213], [121.5647159823, 25.024078009871], [121.56411407037, 25.024670980168], [121.56437633222, 25.025986205797], [121.56459382546, 25.026141346963], [121.56522843226, 25.026028771146], [121.56612177345, 25.026195490106], [121.56599575984, 25.02645339354], [121.56648933455, 25.026691960508], [121.56668632883, 25.026572928433], [121.56666547751, 25.026345618952], [121.56708097296, 25.02611574536], [121.56674770957, 25.025926633428], [121.5670433991, 25.025640006731], [121.56666546105, 25.025445260851], [121.56747300702, 25.024793812521]]]]}, "id": "A6302-029-00"}, {"type": "Feature", "properties": {"county": "台北市", "town": "信義區", "village": "六合里"}, "geometry": {"type": "MultiPolygon", "coordinates": [[[[121.57683808955, 25.026291143314], [121.57771393109, 25.026021969555], [121.57805255104, 25.025733905878], [121.57814037737, 25.025890907054], [121.58147675116, 25.024865967966], [121.58165888181, 25.024459556434], [121.58243060777, 25.024668842957], [121.58355756808, 25.024395498341], [121.58556551272, 25.024838421562], [121.58507648583, 25.023673435687], [121.58497439963, 25.022257453674], [121.58437239689, 25.021617405829], [121.58438628945, 25.02056438588], [121.58357115516, 25.018557453127], [121.58280520962, 25.018741682236], [121.58014581246, 25.017012809794], [121.57767967419, 25.014136851973], [121.57613879184, 25.014446935289], [121.57516184455, 25.015507045791], [121.57478993789, 25.01663307439], [121.57404236841, 25.017829164346], [121.57410436363, 25.018068195859], [121.57384340334, 25.018328157148], [121.57382443169, 25.018642171482], [121.57357063978, 25.018863898753], [121.57374884234, 25.019115654885], [121.57348549232, 25.019603181704], [121.57368755402, 25.01978722743], [121.57388993288, 25.020295939833], [121.57377343509, 25.020510505394], [121.57395359431, 25.020663584112], [121.57229306203, 25.022367343886], [121.57045979284, 25.023900011981], [121.56987385565, 25.023696711047], [121.5684068147, 25.024434148132], [121.56804031202, 25.024320410532], [121.56747300702, 25.024793812521], [121.57034519677, 25.026008445759], [121.5705050559, 25.025692096607], [121.57066628889, 25.025729149111], [121.57069371978, 25.025487009583], [121.57084043799, 25.025539603461], [121.5716852031, 25.0264956399], [121.5729002299, 25.026855556506], [121.57560713817, 25.026687234348], [121.57683808955, 25.026291143314]]]]}, "id": "A6302-032-00"}, {"type": "Feature", "properties": {"county": "台北市", "town": "中正區", "village": "板溪里"}, "geometry": {"type": "MultiPolygon", "coordinates": [[[[121.52334622913, 25.02583367735], [121.52257599155, 25.025283319755], [121.52173812544, 25.024116250423], [121.52038570366, 25.024748027559], [121.51904946051, 25.025073050135], [121.51897175853, 25.026472223761], [121.52241592031, 25.027080586078], [121.52334622913, 25.02583367735]]]]}, "id": "A6305-008-00"}, {"type": "Feature", "properties": {"county": "台北市", "town": "大安區", "village": "古莊里"}, "geometry": {"type": "MultiPolygon", "coordinates": [[[[121.52593146245, 25.026790651471], [121.52849216569, 25.026592772616], [121.52836279447, 25.025283902998], [121.52859133926, 25.024660284931], [121.528336113, 25.022201297886], [121.52761844198, 25.021180570124], [121.52534560985, 25.023210721523], [121.52241592031, 25.027080586078], [121.52593146245, 25.026790651471]]]]}, "id": "A6303-014-00"}, {"type": "Feature", "properties": {"county": "台北市", "town": "中正區", "village": "螢圃里"}, "geometry": {"type": "MultiPolygon", "coordinates": [[[[121.51897175853, 25.026472223761], [121.51904946051, 25.025073050135], [121.52038570366, 25.024748027559], [121.52173812544, 25.024116250423], [121.52142702724, 25.023702889326], [121.51744854525, 25.023933192973], [121.51744694738, 25.023797161083], [121.51680682027, 25.023816377867], [121.51597467843, 25.02731613094], [121.51897175853, 25.026472223761]]]]}, "id": "A6305-009-00"}, {"type": "Feature", "properties": {"county": "台北市", "town": "信義區", "village": "黎順里"}, "geometry": {"type": "MultiPolygon", "coordinates": [[[[121.55604391312, 25.027310519895], [121.55619922618, 25.027164575077], [121.556126339, 25.026865264668], [121.55656380173, 25.026555120858], [121.55647778073, 25.026364715799], [121.55668377596, 25.02631145706], [121.55642522636, 25.025767072454], [121.55682633757, 25.025642453691], [121.55671999236, 25.025543215457], [121.55683925162, 25.025377219124], [121.55826647196, 25.025188897568], [121.55900769192, 25.024881517439], [121.55979575043, 25.025225433014], [121.56024894359, 25.024817475013], [121.56016482603, 25.02389281707], [121.56089492331, 25.023004256556], [121.56060004286, 25.022786100366], [121.56061172132, 25.022620411902], [121.56092663208, 25.022507377907], [121.56150137503, 25.02179884797], [121.56128572744, 25.020922519658], [121.56106635974, 25.02160452242], [121.5600576357, 25.021846378258], [121.55976221186, 25.022354482434], [121.55932222855, 25.02270661563], [121.55903818774, 25.022732887711], [121.55862124118, 25.023283813544], [121.55718303897, 25.023412417144], [121.55521212993, 25.024244519796], [121.55256314418, 25.024360717216], [121.55596643849, 25.027383319579], [121.55604391312, 25.027310519895]]]]}, "id": "A6302-038-00"}, {"type": "Feature", "properties": {"county": "台北市", "town": "中正區", "village": "螢雪里"}, "geometry": {"type": "MultiPolygon", "coordinates": [[[[121.51597467843, 25.02731613094], [121.51674294921, 25.024284527156], [121.51683674075, 25.023237570668], [121.51662981337, 25.022044166965], [121.51623729353, 25.020962919927], [121.51561004264, 25.021227113476], [121.51287911066, 25.021687413361], [121.51277221712, 25.023993300613], [121.51228484892, 25.024099382106], [121.51393652824, 25.026263770537], [121.51462531717, 25.027687595765], [121.51597467843, 25.02731613094]]]]}, "id": "A6305-010-00"}, {"type": "Feature", "properties": {"county": "台北市", "town": "大安區", "village": "黎和里"}, "geometry": {"type": "MultiPolygon", "coordinates": [[[[121.5589296678, 25.018413118477], [121.55997315179, 25.0174020698], [121.56059315059, 25.016116477276], [121.56208788144, 25.014681964143], [121.56260954853, 25.013733658493], [121.56327116183, 25.013311902221], [121.56346683817, 25.012551713901], [121.56341576028, 25.011852673185], [121.56375874469, 25.011119632503], [121.56532963361, 25.009867525105], [121.56591149897, 25.008143409458], [121.56485998531, 25.007213411266], [121.5624841251, 25.008129598001], [121.5622997352, 25.008589008058], [121.56113271438, 25.009889740488], [121.56016687975, 25.010134018142], [121.55930279773, 25.011429909757], [121.55826789749, 25.012118946584], [121.55752406432, 25.014506120746], [121.557806019, 25.014780097707], [121.55786003985, 25.015124094504], [121.55714613457, 25.016452190992], [121.55656968616, 25.020580420207], [121.5589296678, 25.018413118477]]]]}, "id": "A6303-048-00"}, {"type": "Feature", "properties": {"county": "台北市", "town": "中正區", "village": "林興里"}, "geometry": {"type": "MultiPolygon", "coordinates": [[[[121.5292695498, 25.01970220408], [121.52761891705, 25.018313285478], [121.52868219782, 25.017595842501], [121.52755572002, 25.016770011923], [121.52441153473, 25.013636383106], [121.52109588017, 25.018239782509], [121.52055688155, 25.01864382366], [121.52247004109, 25.020385766146], [121.52465279664, 25.021027774903], [121.52732851306, 25.020804383587], [121.52774320551, 25.021073081903], [121.5292695498, 25.01970220408]]]]}, "id": "A6305-004-00"}, {"type": "Feature", "properties": {"county": "台北市", "town": "萬華區", "village": "榮德里"}, "geometry": {"type": "MultiPolygon", "coordinates": [[[[121.49478783611, 25.018822472502], [121.49449102296, 25.018584345095], [121.48883113919, 25.017118134947], [121.4886845733, 25.019326769966], [121.49274319593, 25.020337873576], [121.49612937862, 25.021383821746], [121.49588672853, 25.020488688764], [121.49478783611, 25.018822472502]]]]}, "id": "A6307-029-00"}, {"type": "Feature", "properties": {"county": "台北市", "town": "萬華區", "village": "華中里"}, "geometry": {"type": "MultiPolygon", "coordinates": [[[[121.49829736581, 25.020971140014], [121.49568251393, 25.016747477735], [121.49551577808, 25.015976946894], [121.49534993378, 25.0092144913], [121.49334591249, 25.009155758104], [121.49133994954, 25.010265808347], [121.49057097383, 25.010975843787], [121.48985304948, 25.012072861496], [121.48945919284, 25.013921811557], [121.48904120067, 25.015065780753], [121.48883113919, 25.017118134947], [121.49449102296, 25.018584345095], [121.49483433685, 25.018861233553], [121.49588672853, 25.020488688764], [121.49612937862, 25.021383821746], [121.49752947322, 25.021380400447], [121.49829736581, 25.020971140014]]]]}, "id": "A6307-032-00"}, {"type": "Feature", "properties": {"county": "台北市", "town": "萬華區", "village": "興德里"}, "geometry": {"type": "MultiPolygon", "coordinates": [[[[121.49992654458, 25.021206007654], [121.49985361628, 25.020935897245], [121.50009853084, 25.0204795455], [121.50123123209, 25.01907631772], [121.50146990211, 25.019225646299], [121.50192674865, 25.018790081613], [121.50158125313, 25.018575313507], [121.50394159692, 25.015736946402], [121.50153848076, 25.013577252291], [121.50053435074, 25.013201246823], [121.50008033945, 25.012306307537], [121.49534993378, 25.0092144913], [121.49551577808, 25.015976946894], [121.49568251393, 25.016747477735], [121.49865993847, 25.021569219212], [121.49992654458, 25.021206007654]]]]}, "id": "A6307-031-00"}, {"type": "Feature", "properties": {"county": "台北市", "town": "萬華區", "village": "日祥里"}, "geometry": {"type": "MultiPolygon", "coordinates": [[[[121.50423591084, 25.019981447123], [121.50604581816, 25.018486766475], [121.50470575456, 25.017021862525], [121.50394159692, 25.015736946402], [121.50158125313, 25.018575313507], [121.50192674865, 25.018790081613], [121.50146990211, 25.019225646299], [121.50123123209, 25.01907631772], [121.49985361628, 25.020935897245], [121.49992654458, 25.021206007654], [121.50022013285, 25.021135693077], [121.50164634937, 25.022020913351], [121.50260847882, 25.022059690555], [121.50249220501, 25.021332544383], [121.50236985121, 25.021279801141], [121.50423591084, 25.019981447123]]]]}, "id": "A6307-033-00"}, {"type": "Feature", "properties": {"county": "台北市", "town": "大安區", "village": "大學里"}, "geometry": {"type": "MultiPolygon", "coordinates": [[[[121.53443537624, 25.022335499597], [121.53332203887, 25.016964734128], [121.53267467039, 25.016346516628], [121.5292695498, 25.01970220408], [121.53214009535, 25.022072067664], [121.53319015988, 25.022398048627], [121.53443537624, 25.022335499597]]]]}, "id": "A6303-043-00"}, {"type": "Feature", "properties": {"county": "台北市", "town": "大安區", "village": "黎孝里"}, "geometry": {"type": "MultiPolygon", "coordinates": [[[[121.55656968616, 25.020580420207], [121.55714613457, 25.016452190992], [121.55786003985, 25.015124094504], [121.557806019, 25.014780097707], [121.55752406432, 25.014506120746], [121.55826789749, 25.012118946584], [121.55702386809, 25.012103024868], [121.55246559788, 25.017907331105], [121.55346706524, 25.018137157775], [121.55400675657, 25.018721508528], [121.55453672374, 25.018770458456], [121.55266608593, 25.020347033433], [121.55383816167, 25.021140868244], [121.554655618, 25.022383762933], [121.55656968616, 25.020580420207]]]]}, "id": "A6303-047-00"}, {"type": "Feature", "properties": {"county": "台北市", "town": "萬華區", "village": "銘德里"}, "geometry": {"type": "MultiPolygon", "coordinates": [[[[121.49612937862, 25.021383821746], [121.49274319593, 25.020337873576], [121.4886845733, 25.019326769966], [121.48878566795, 25.020935756093], [121.49208559286, 25.021928946756], [121.49314993011, 25.022413971438], [121.49570581753, 25.022773297211], [121.49612937862, 25.021383821746]]]]}, "id": "A6307-028-00"}, {"type": "Feature", "properties": {"county": "台北市", "town": "大安區", "village": "學府里"}, "geometry": {"type": "MultiPolygon", "coordinates": [[[[121.53834108796, 25.02187524887], [121.53906655975, 25.021471526041], [121.53959774301, 25.021368064526], [121.54335081428, 25.021282063908], [121.54398951197, 25.021208570603], [121.54491521265, 25.020811557457], [121.54902145933, 25.016990103012], [121.55384552994, 25.013429518537], [121.55569177882, 25.011561417105], [121.5551498292, 25.011228134196], [121.55352973724, 25.009190104521], [121.55257368664, 25.008856262563], [121.55140879276, 25.009643335133], [121.54909485351, 25.009811443937], [121.54794979248, 25.009384518474], [121.54661774872, 25.008399539981], [121.54458947411, 25.007836693248], [121.54323079342, 25.008254012915], [121.54125162666, 25.008193148743], [121.53922392289, 25.00853323911], [121.53801881677, 25.008368176533], [121.53750954905, 25.009449721816], [121.53712913726, 25.011213365022], [121.53621651951, 25.012820499927], [121.53267467039, 25.016346516628], [121.53332203887, 25.016964734128], [121.53443537624, 25.022335499597], [121.53671699025, 25.022369134126], [121.53777326629, 25.022771218411], [121.53834108796, 25.02187524887]]]]}, "id": "A6303-057-00"}, {"type": "Feature", "properties": {"county": "台北市", "town": "信義區", "village": "黎忠里"}, "geometry": {"type": "MultiPolygon", "coordinates": [[[[121.56128572744, 25.020922519658], [121.56151264085, 25.02054631056], [121.56136175941, 25.01996306705], [121.56152874711, 25.019644066682], [121.56151578037, 25.01920105186], [121.56063071863, 25.018974146953], [121.5605756667, 25.018531110088], [121.56005063479, 25.018439156947], [121.56017213661, 25.018125488897], [121.55973722469, 25.017914795368], [121.55977771263, 25.018174121756], [121.55950174134, 25.018574162017], [121.55921668801, 25.018449186161], [121.55909240283, 25.018573536915], [121.5589296678, 25.018413118477], [121.55656968616, 25.020580420207], [121.55699836256, 25.021020220259], [121.55889005446, 25.021990729105], [121.55908443882, 25.021515994305], [121.55911691262, 25.022347658805], [121.55873942258, 25.022839409199], [121.55888675331, 25.022960780472], [121.55903818774, 25.022732887711], [121.55932222855, 25.02270661563], [121.55976221186, 25.022354482434], [121.5600576357, 25.021846378258], [121.56106635974, 25.02160452242], [121.56128572744, 25.020922519658]]]]}, "id": "A6302-040-00"}, {"type": "Feature", "properties": {"county": "台北市", "town": "大安區", "village": "龍陣里"}, "geometry": {"type": "MultiPolygon", "coordinates": [[[[121.54352698327, 25.029814539462], [121.54345385979, 25.026528951014], [121.54180753913, 25.026548542768], [121.53974155897, 25.02690964403], [121.54017864472, 25.027447643572], [121.54052976121, 25.027444563352], [121.54054113609, 25.027869258382], [121.54212215473, 25.029285563157], [121.54312148035, 25.030036104809], [121.54312772009, 25.029824298502], [121.54352698327, 25.029814539462]]]]}, "id": "A6303-026-00"}, {"type": "Feature", "properties": {"county": "台北市", "town": "大安區", "village": "錦安里"}, "geometry": {"type": "MultiPolygon", "coordinates": [[[[121.52953221995, 25.029778054924], [121.53064213652, 25.029780023409], [121.53037820966, 25.026440680049], [121.52593146245, 25.026790651471], [121.52657570438, 25.030198999629], [121.52953221995, 25.029778054924]]]]}, "id": "A6303-016-00"}, {"type": "Feature", "properties": {"county": "台北市", "town": "大安區", "village": "臨江里"}, "geometry": {"type": "MultiPolygon", "coordinates": [[[[121.55739102015, 25.029420991021], [121.5564160526, 25.027769981607], [121.55605652487, 25.027470566659], [121.55359864184, 25.028076750653], [121.5542187192, 25.0302008105], [121.55739102015, 25.029420991021]]]]}, "id": "A6303-033-00"}, {"type": "Feature", "properties": {"county": "台北市", "town": "中正區", "village": "忠勤里"}, "geometry": {"type": "MultiPolygon", "coordinates": [[[[121.50857862357, 25.028985048596], [121.50708335336, 25.026770213921], [121.50412601296, 25.030024374445], [121.50722116561, 25.030668870105], [121.50857862357, 25.028985048596]]]]}, "id": "A6305-014-00"}, {"type": "Feature", "properties": {"county": "台北市", "town": "中正區", "village": "龍興里"}, "geometry": {"type": "MultiPolygon", "coordinates": [[[[121.50769088371, 25.030540686753], [121.50890425236, 25.029548633737], [121.50918945846, 25.030563890543], [121.51204613091, 25.029052361641], [121.51092061294, 25.02708749236], [121.50936855524, 25.028060015804], [121.50722116561, 25.030668870105], [121.50769088371, 25.030540686753]]]]}, "id": "A6305-013-00"}, {"type": "Feature", "properties": {"county": "台北市", "town": "大安區", "village": "龍安里"}, "geometry": {"type": "MultiPolygon", "coordinates": [[[[121.53475955253, 25.02758227521], [121.53492777508, 25.026906779164], [121.5348804174, 25.026039762124], [121.53037820966, 25.026440680049], [121.53064213652, 25.029780023409], [121.53367513149, 25.030629916031], [121.53475955253, 25.02758227521]]]]}, "id": "A6303-015-00"}, {"type": "Feature", "properties": {"county": "台北市", "town": "大安區", "village": "龍雲里"}, "geometry": {"type": "MultiPolygon", "coordinates": [[[[121.54879377929, 25.030972302127], [121.54878112973, 25.028128366693], [121.54349589606, 25.028417872107], [121.54354172315, 25.030476774026], [121.54394878174, 25.03106886951], [121.54879377929, 25.030972302127]]]]}, "id": "A6303-027-00"}, {"type": "Feature", "properties": {"county": "台北市", "town": "大安區", "village": "新龍里"}, "geometry": {"type": "MultiPolygon", "coordinates": [[[[121.54054471598, 25.028745237186], [121.54052976121, 25.027444563352], [121.54017864472, 25.027447643572], [121.53849702863, 25.028525322738], [121.53824021869, 25.028264218901], [121.53774525122, 25.028263988134], [121.53779684766, 25.030887843709], [121.53942908258, 25.030839065957], [121.53944053946, 25.031147733469], [121.54058282886, 25.031145724571], [121.54054471598, 25.028745237186]]]]}, "id": "A6303-023-00"}, {"type": "Feature", "properties": {"county": "台北市", "town": "中正區", "village": "南福里"}, "geometry": {"type": "MultiPolygon", "coordinates": [[[[121.52155951797, 25.02822807852], [121.52241592031, 25.027080586078], [121.51897175853, 25.026472223761], [121.51597467843, 25.02731613094], [121.51526658677, 25.029801819973], [121.51645383128, 25.030074460575], [121.51908803887, 25.031643358083], [121.52155951797, 25.02822807852]]]]}, "id": "A6305-019-00"}, {"type": "Feature", "properties": {"county": "台北市", "town": "中正區", "village": "龍光里"}, "geometry": {"type": "MultiPolygon", "coordinates": [[[[121.51526658677, 25.029801819973], [121.51597467843, 25.02731613094], [121.51462531717, 25.027687595765], [121.50918945846, 25.030563890543], [121.51441385229, 25.031920063512], [121.51526658677, 25.029801819973]]]]}, "id": "A6305-018-00"}, {"type": "Feature", "properties": {"county": "台北市", "town": "萬華區", "village": "糖■里"}, "geometry": {"type": "MultiPolygon", "coordinates": [[[[121.49931312472, 25.035283890163], [121.49799290915, 25.033147569431], [121.49724874139, 25.033108343099], [121.49618672959, 25.032783325777], [121.49481950564, 25.031756392795], [121.49377342943, 25.03201038163], [121.49403844248, 25.033280550043], [121.49301513627, 25.033898034133], [121.49435615857, 25.035421095408], [121.49931312472, 25.035283890163]]]]}, "id": "A6307-015-00"}, {"type": "Feature", "properties": {"county": "台北市", "town": "萬華區", "village": "華江里"}, "geometry": {"type": "MultiPolygon", "coordinates": [[[[121.4943246332, 25.035386145882], [121.48922342371, 25.029594632814], [121.48900236184, 25.02861264148], [121.48941530675, 25.027526624082], [121.48719724822, 25.027014741233], [121.48586439421, 25.028936871014], [121.48391563427, 25.03296692638], [121.48333873062, 25.03532286788], [121.49106919674, 25.035479948102], [121.4943246332, 25.035386145882]]]]}, "id": "A6307-018-00"}, {"type": "Feature", "properties": {"county": "台北市", "town": "大安區", "village": "光明里"}, "geometry": {"type": "MultiPolygon", "coordinates": [[[[121.52725150764, 25.034083651694], [121.52686127559, 25.031709785118], [121.52257358996, 25.032308296191], [121.52247661535, 25.032473905549], [121.52432053229, 25.035476548777], [121.52725150764, 25.034083651694]]]]}, "id": "A6303-019-00"}, {"type": "Feature", "properties": {"county": "台北市", "town": "信義區", "village": "松友里"}, "geometry": {"type": "MultiPolygon", "coordinates": [[[[121.57800108604, 25.027389072781], [121.57621431921, 25.029473232284], [121.57547235122, 25.029768287153], [121.57546939213, 25.030675991559], [121.57453140884, 25.030687292418], [121.57459885795, 25.033578637608], [121.5779216892, 25.036093249648], [121.57846111692, 25.036241591399], [121.57856275402, 25.035896551147], [121.57892665396, 25.035591658119], [121.57887656218, 25.034728312895], [121.57762760447, 25.033975225936], [121.5774865641, 25.033371189337], [121.57755749207, 25.032704208757], [121.57724951615, 25.032371150877], [121.57678941351, 25.030984179619], [121.57678342536, 25.030822221594], [121.57769035596, 25.030602183164], [121.57808228856, 25.029806103388], [121.57854739204, 25.02927201345], [121.57853319477, 25.028149054189], [121.57800108604, 25.027389072781]]]]}, "id": "A6302-022-00"}, {"type": "Feature", "properties": {"county": "台北市", "town": "萬華區", "village": "富福里"}, "geometry": {"type": "MultiPolygon", "coordinates": [[[[121.50652568026, 25.03603894604], [121.50531444258, 25.033440421601], [121.5047614613, 25.033866377542], [121.5005502708, 25.032953190259], [121.49800215625, 25.033162725552], [121.49931312472, 25.035283890163], [121.50334093768, 25.035164153458], [121.50354895594, 25.036570828771], [121.50485523182, 25.036509877045], [121.50652568026, 25.03603894604]]]]}, "id": "A6307-010-00"}, {"type": "Feature", "properties": {"county": "台北市", "town": "中正區", "village": "南門里"}, "geometry": {"type": "MultiPolygon", "coordinates": [[[[121.51248054759, 25.035257323671], [121.51247224879, 25.035064930837], [121.51441385229, 25.031920063512], [121.50918945846, 25.030563890543], [121.50781016096, 25.031293669229], [121.5069766546, 25.032025660583], [121.50730434013, 25.032311537173], [121.5076779605, 25.035396722973], [121.50804804229, 25.036827943842], [121.51076923732, 25.035706568548], [121.51248054759, 25.035257323671]]]]}, "id": "A6305-017-00"}, {"type": "Feature", "properties": {"county": "台北市", "town": "中正區", "village": "愛國里"}, "geometry": {"type": "MultiPolygon", "coordinates": [[[[121.50804804229, 25.036827943842], [121.5076779605, 25.035396722973], [121.50730434013, 25.032311537173], [121.5069766546, 25.032025660583], [121.50531444258, 25.033440421601], [121.50622839594, 25.035263212822], [121.50685672478, 25.037318999973], [121.50804804229, 25.036827943842]]]]}, "id": "A6305-016-00"}, {"type": "Feature", "properties": {"county": "台北市", "town": "信義區", "village": "松隆里"}, "geometry": {"type": "MultiPolygon", "coordinates": [[[[121.58159925344, 25.036934871054], [121.58172181875, 25.036709957002], [121.58261377949, 25.036669985722], [121.58293880316, 25.036332919566], [121.58357649336, 25.035055623574], [121.58378134148, 25.033436639755], [121.58355934071, 25.03253560413], [121.58315330522, 25.031829593556], [121.58310023192, 25.03128760918], [121.5833291743, 25.03032159947], [121.58414911268, 25.02989157753], [121.58508202973, 25.028158490676], [121.5850429499, 25.0279145], [121.58372790907, 25.026496515987], [121.58290659619, 25.024531811978], [121.58243060777, 25.024668842957], [121.58174261312, 25.02445881259], [121.58147675116, 25.024865967966], [121.57814037737, 25.025890907054], [121.57805255104, 25.025733905878], [121.57771393109, 25.026021969555], [121.57683808955, 25.026291143314], [121.57811015454, 25.027485079052], [121.57853319477, 25.028149054189], [121.57854820751, 25.029259116416], [121.57769035596, 25.030602183164], [121.57678342536, 25.030822221594], [121.57724951615, 25.032371150877], [121.57755749207, 25.032704208757], [121.5774865641, 25.033371189337], [121.57762760447, 25.033975225936], [121.57887656218, 25.034728312895], [121.57892665396, 25.035591658119], [121.57856275402, 25.035896551147], [121.57846111692, 25.036241591399], [121.57926084873, 25.036279133036], [121.58149783819, 25.037121025228], [121.58159925344, 25.036934871054]]]]}, "id": "A6302-021-00"}, {"type": "Feature", "properties": {"county": "台北市", "town": "大安區", "village": "錦泰里"}, "geometry": {"type": "MultiPolygon", "coordinates": [[[[121.52686127559, 25.031709785118], [121.52632568147, 25.028876295253], [121.52200374896, 25.029553799543], [121.52254789868, 25.032319831447], [121.52686127559, 25.031709785118]]]]}, "id": "A6303-020-00"}, {"type": "Feature", "properties": {"county": "台北市", "town": "萬華區", "village": "和平里"}, "geometry": {"type": "MultiPolygon", "coordinates": [[[[121.49799290915, 25.033147569431], [121.49562684677, 25.028732273662], [121.49521568072, 25.028825981122], [121.49248464443, 25.028494661109], [121.4919069453, 25.028682607794], [121.49168922385, 25.028916544705], [121.49577966626, 25.032556340419], [121.4968276971, 25.033023343978], [121.49799290915, 25.033147569431]]]]}, "id": "A6307-016-00"}, {"type": "Feature", "properties": {"county": "台北市", "town": "信義區", "village": "三張里"}, "geometry": {"type": "MultiPolygon", "coordinates": [[[[121.56829958506, 25.03286280086], [121.56840233822, 25.026682852058], [121.56902923867, 25.025507610624], [121.56747300702, 25.024793812521], [121.56666546105, 25.025445260851], [121.5670433991, 25.025640006731], [121.56674770957, 25.025926633428], [121.567084237, 25.026091408592], [121.5666062537, 25.026407197638], [121.56668632883, 25.026572928433], [121.56648933455, 25.026691960508], [121.56609010265, 25.026532929051], [121.56597021743, 25.026413902727], [121.56612177345, 25.026195490106], [121.56450516534, 25.02607000083], [121.56314922926, 25.027713857501], [121.56495634944, 25.029146448958], [121.56528798848, 25.029592611608], [121.56543166355, 25.032909510817], [121.56829958506, 25.03286280086]]]]}, "id": "A6302-030-00"}, {"type": "Feature", "properties": {"county": "台北市", "town": "萬華區", "village": "雙園里"}, "geometry": {"type": "MultiPolygon", "coordinates": [[[[121.5005502708, 25.032953190259], [121.50052280033, 25.029410873351], [121.49734092339, 25.029281772647], [121.49637676516, 25.029053164161], [121.49596703634, 25.028686606766], [121.49562684677, 25.028732273662], [121.49800215625, 25.033162725552], [121.5005502708, 25.032953190259]]]]}, "id": "A6307-012-00"}, {"type": "Feature", "properties": {"county": "台北市", "town": "信義區", "village": "景新里"}, "geometry": {"type": "MultiPolygon", "coordinates": [[[[121.56543166355, 25.032909510817], [121.56528798848, 25.029592611608], [121.56495634944, 25.029146448958], [121.56314922926, 25.027713857501], [121.56085630475, 25.030431411336], [121.56114558962, 25.030451501974], [121.56126715316, 25.03027763368], [121.56153477028, 25.030479205404], [121.56129672338, 25.030726484102], [121.56129776812, 25.031077432645], [121.56021315237, 25.031253442685], [121.56043595414, 25.033018541777], [121.56543166355, 25.032909510817]]]]}, "id": "A6302-028-00"}, {"type": "Feature", "properties": {"county": "台北市", "town": "信義區", "village": "景聯里"}, "geometry": {"type": "MultiPolygon", "coordinates": [[[[121.56043595414, 25.033018541777], [121.56021315237, 25.031253442685], [121.56129776812, 25.031077432645], [121.56129672338, 25.030726484102], [121.56153477028, 25.030479205404], [121.56126715316, 25.03027763368], [121.56114558962, 25.030451501974], [121.56085630475, 25.030431411336], [121.56146766953, 25.029707337178], [121.56053872108, 25.029106451339], [121.560420135, 25.02924055906], [121.56020072358, 25.029093404409], [121.56032520437, 25.028938961484], [121.5599105633, 25.028675727149], [121.55991064696, 25.028841119254], [121.55952056516, 25.029037616148], [121.55907296102, 25.028314144188], [121.55774241161, 25.028965676447], [121.55812363126, 25.029611581563], [121.55766419163, 25.029883571292], [121.55957398296, 25.033036485658], [121.56043595414, 25.033018541777]]]]}, "id": "A6302-034-00"}, {"type": "Feature", "properties": {"county": "台北市", "town": "大安區", "village": "通化里"}, "geometry": {"type": "MultiPolygon", "coordinates": [[[[121.55629786986, 25.033110989983], [121.5574806586, 25.03309502364], [121.55739102015, 25.029420991021], [121.5542187192, 25.0302008105], [121.55427025001, 25.033159143437], [121.55629786986, 25.033110989983]]]]}, "id": "A6303-031-00"}, {"type": "Feature", "properties": {"county": "台北市", "town": "大安區", "village": "通安里"}, "geometry": {"type": "MultiPolygon", "coordinates": [[[[121.55427025001, 25.033159143437], [121.5542187192, 25.0302008105], [121.55359864184, 25.028076750653], [121.55210365067, 25.028457351046], [121.55110756557, 25.028183884703], [121.55078264163, 25.029031808157], [121.55241099526, 25.030492901448], [121.55246935555, 25.033186049326], [121.55427025001, 25.033159143437]]]]}, "id": "A6303-032-00"}, {"type": "Feature", "properties": {"county": "台北市", "town": "大安區", "village": "義安里"}, "geometry": {"type": "MultiPolygon", "coordinates": [[[[121.55246935555, 25.033186049326], [121.55241099526, 25.030492901448], [121.54984338307, 25.028048782083], [121.54878112973, 25.028128366693], [121.54882711858, 25.033265244409], [121.55246935555, 25.033186049326]]]]}, "id": "A6303-030-00"}, {"type": "Feature", "properties": {"county": "台北市", "town": "中正區", "village": "廈安里"}, "geometry": {"type": "MultiPolygon", "coordinates": [[[[121.5069766546, 25.032025660583], [121.50781016096, 25.031293669229], [121.50918945846, 25.030563890543], [121.50890425236, 25.029548633737], [121.50793584975, 25.030440518841], [121.50722116561, 25.030668870105], [121.50412601296, 25.030024374445], [121.50415398782, 25.031285740782], [121.50531444258, 25.033440421601], [121.5069766546, 25.032025660583]]]]}, "id": "A6305-015-00"}, {"type": "Feature", "properties": {"county": "台北市", "town": "大安區", "village": "住安里"}, "geometry": {"type": "MultiPolygon", "coordinates": [[[[121.5459603896, 25.033330206539], [121.54882711858, 25.033265244409], [121.54879377929, 25.030972302127], [121.54394878174, 25.03106886951], [121.54354172315, 25.030476774026], [121.54360627551, 25.033376836129], [121.5459603896, 25.033330206539]]]]}, "id": "A6303-029-00"}, {"type": "Feature", "properties": {"county": "台北市", "town": "大安區", "village": "龍圖里"}, "geometry": {"type": "MultiPolygon", "coordinates": [[[[121.53944767128, 25.033476680813], [121.54360627551, 25.033376836129], [121.54352698327, 25.029814539462], [121.54312772009, 25.029824298502], [121.54312148035, 25.030036104809], [121.54054113609, 25.027869258382], [121.54058282886, 25.031145724571], [121.53944053946, 25.031147733469], [121.53942908258, 25.030839065957], [121.53779684766, 25.030887843709], [121.53778317814, 25.03352242785], [121.53944767128, 25.033476680813]]]]}, "id": "A6303-022-00"}, {"type": "Feature", "properties": {"county": "台北市", "town": "大安區", "village": "龍門里"}, "geometry": {"type": "MultiPolygon", "coordinates": [[[[121.53453305099, 25.033566257185], [121.53778317814, 25.03352242785], [121.53767324766, 25.025679791798], [121.53978229898, 25.025360034471], [121.53962855644, 25.024289512274], [121.539791526, 25.023864714815], [121.53965317097, 25.023431552589], [121.53834108796, 25.02187524887], [121.53777326629, 25.022771218411], [121.53671699025, 25.022369134126], [121.53443537624, 25.022335499597], [121.53492777508, 25.026906779164], [121.53267570199, 25.033604380783], [121.53453305099, 25.033566257185]]]]}, "id": "A6303-041-00"}, {"type": "Feature", "properties": {"county": "台北市", "town": "大安區", "village": "福住里"}, "geometry": {"type": "MultiPolygon", "coordinates": [[[[121.53267570199, 25.033604380783], [121.53367513149, 25.030629916031], [121.53064213652, 25.029780023409], [121.52953221995, 25.029778054924], [121.52949491282, 25.031269409075], [121.52996764672, 25.03366876461], [121.53267570199, 25.033604380783]]]]}, "id": "A6303-017-00"}, {"type": "Feature", "properties": {"county": "台北市", "town": "信義區", "village": "三犁里"}, "geometry": {"type": "MultiPolygon", "coordinates": [[[[121.57454402964, 25.031551739145], [121.57453140884, 25.030687292418], [121.57546939213, 25.030675991559], [121.57547235122, 25.029768287153], [121.57621431921, 25.029473232284], [121.57800108604, 25.027389072781], [121.57683808955, 25.026291143314], [121.57560713817, 25.026687234348], [121.5729002299, 25.026855556506], [121.5716852031, 25.0264956399], [121.57084043799, 25.025539603461], [121.57069371978, 25.025487009583], [121.57066628889, 25.025729149111], [121.5705050559, 25.025692096607], [121.57034519677, 25.026008445759], [121.56910160494, 25.025429564042], [121.56840233822, 25.026682852058], [121.56829958506, 25.03286280086], [121.57260487327, 25.032802447916], [121.57388458786, 25.033177865384], [121.57459885795, 25.033578637608], [121.57454402964, 25.031551739145]]]]}, "id": "A6302-031-00"}, {"type": "Feature", "properties": {"county": "台北市", "town": "萬華區", "village": "綠堤里"}, "geometry": {"type": "MultiPolygon", "coordinates": [[[[121.49481950564, 25.031756392795], [121.49102446869, 25.028272976087], [121.48941530675, 25.027526624082], [121.48900236184, 25.02861264148], [121.48922342371, 25.029594632814], [121.49301513627, 25.033898034133], [121.49403844248, 25.033280550043], [121.49377342943, 25.03201038163], [121.49481950564, 25.031756392795]]]]}, "id": "A6307-017-00"}, {"type": "Feature", "properties": {"county": "台北市", "town": "萬華區", "village": "頂碩里"}, "geometry": {"type": "MultiPolygon", "coordinates": [[[[121.50531444258, 25.033440421601], [121.50415398782, 25.031285740782], [121.50412601296, 25.030024374445], [121.50052280033, 25.029410873351], [121.5005502708, 25.032953190259], [121.5047614613, 25.033866377542], [121.50531444258, 25.033440421601]]]]}, "id": "A6307-011-00"}, {"type": "Feature", "properties": {"county": "台北市", "town": "大安區", "village": "永康里"}, "geometry": {"type": "MultiPolygon", "coordinates": [[[[121.52769520709, 25.03400091611], [121.5299873476, 25.033711478483], [121.52949491282, 25.031269409075], [121.52953221995, 25.029778054924], [121.52657570438, 25.030198999629], [121.52725150764, 25.034083651694], [121.52769520709, 25.03400091611]]]]}, "id": "A6303-018-00"}, {"type": "Feature", "properties": {"county": "台北市", "town": "信義區", "village": "中興里"}, "geometry": {"type": "MultiPolygon", "coordinates": [[[[121.55957398296, 25.033036485658], [121.55739102015, 25.029420991021], [121.55750193659, 25.034248973455], [121.56010062681, 25.034612513287], [121.56030642853, 25.034508982803], [121.56040785848, 25.034412778306], [121.55957398296, 25.033036485658]]]]}, "id": "A6302-004-00"}, {"type": "Feature", "properties": {"county": "台北市", "town": "中正區", "village": "新營里"}, "geometry": {"type": "MultiPolygon", "coordinates": [[[[121.52158694196, 25.032751824284], [121.52254789868, 25.032319831447], [121.52177783714, 25.02847080935], [121.52155951797, 25.02822807852], [121.51683242192, 25.034783341258], [121.51920846357, 25.033895308368], [121.52158694196, 25.032751824284]]]]}, "id": "A6305-021-00"}, {"type": "Feature", "properties": {"county": "台北市", "town": "中正區", "village": "龍福里"}, "geometry": {"type": "MultiPolygon", "coordinates": [[[[121.51670085395, 25.034953009791], [121.51908803887, 25.031643358083], [121.51645383128, 25.030074460575], [121.51526658677, 25.029801819973], [121.51441385229, 25.031920063512], [121.51247224879, 25.035064930837], [121.51248054759, 25.035257323671], [121.51670085395, 25.034953009791]]]]}, "id": "A6305-020-00"}, {"type": "Feature", "properties": {"county": "台北市", "town": "中正區", "village": "永功里"}, "geometry": {"type": "MultiPolygon", "coordinates": [[[[121.51462531717, 25.027687595765], [121.51393652824, 25.026263770537], [121.51228484892, 25.024099382106], [121.51015913726, 25.024664162578], [121.51108249251, 25.027491940812], [121.51204613091, 25.029052361641], [121.51462531717, 25.027687595765]]]]}, "id": "A6305-011-00"}, {"type": "Feature", "properties": {"county": "台北市", "town": "萬華區", "village": "新和里"}, "geometry": {"type": "MultiPolygon", "coordinates": [[[[121.50609037859, 25.027818079482], [121.50708335336, 25.026770213921], [121.50651243977, 25.026106165757], [121.50376092507, 25.025239033917], [121.50269166681, 25.027990375443], [121.50411151995, 25.028677861277], [121.50481777797, 25.029194478317], [121.50609037859, 25.027818079482]]]]}, "id": "A6307-014-00"}, {"type": "Feature", "properties": {"county": "台北市", "town": "大安區", "village": "全安里"}, "geometry": {"type": "MultiPolygon", "coordinates": [[[[121.55095848131, 25.028572936367], [121.55256314418, 25.024360717216], [121.54872134068, 25.024567720093], [121.54878112973, 25.028128366693], [121.54984338307, 25.028048782083], [121.55078264163, 25.029031808157], [121.55095848131, 25.028572936367]]]]}, "id": "A6303-035-00"}, {"type": "Feature", "properties": {"county": "台北市", "town": "萬華區", "village": "日善里"}, "geometry": {"type": "MultiPolygon", "coordinates": [[[[121.50046273657, 25.026364996668], [121.49981608121, 25.026348701765], [121.49683729403, 25.025181499847], [121.49534627131, 25.028290752059], [121.49562684677, 25.028732273662], [121.49610621156, 25.02874014135], [121.49657797091, 25.02913249665], [121.50052280033, 25.029410873351], [121.50046273657, 25.026364996668]]]]}, "id": "A6307-020-00"}, {"type": "Feature", "properties": {"county": "台北市", "town": "萬華區", "village": "新安里"}, "geometry": {"type": "MultiPolygon", "coordinates": [[[[121.50269166681, 25.027990375443], [121.50356664605, 25.0257127678], [121.50258280275, 25.025484228031], [121.50044333523, 25.025381543975], [121.50052280033, 25.029410873351], [121.50176557088, 25.02960623174], [121.50212569514, 25.027891640208], [121.50269166681, 25.027990375443]]]]}, "id": "A6307-021-00"}, {"type": "Feature", "properties": {"county": "台北市", "town": "大安區", "village": "錦華里"}, "geometry": {"type": "MultiPolygon", "coordinates": [[[[121.52500373078, 25.02908419937], [121.52632568147, 25.028876295253], [121.52593146245, 25.026790651471], [121.52241592031, 25.027080586078], [121.52155951797, 25.02822807852], [121.52177783714, 25.02847080935], [121.52200374896, 25.029553799543], [121.52500373078, 25.02908419937]]]]}, "id": "A6303-021-00"}, {"type": "Feature", "properties": {"county": "台北市", "town": "信義區", "village": "景勤里"}, "geometry": {"type": "MultiPolygon", "coordinates": [[[[121.56314922926, 25.027713857501], [121.55996321762, 25.025160810378], [121.55941802798, 25.025128842595], [121.55900769192, 25.024881517439], [121.55826647196, 25.025188897568], [121.55698750363, 25.025298272918], [121.55671999236, 25.025543215457], [121.5573749392, 25.025991129357], [121.55768760752, 25.026540047132], [121.55820651103, 25.026888031132], [121.55826769364, 25.027203888631], [121.55807581883, 25.027640813109], [121.55817995077, 25.02873020242], [121.55907296102, 25.028314144188], [121.55952056516, 25.029037616148], [121.55991064696, 25.028841119254], [121.5599105633, 25.028675727149], [121.56032520437, 25.028938961484], [121.56020072358, 25.029093404409], [121.560420135, 25.02924055906], [121.56053872108, 25.029106451339], [121.56146766953, 25.029707337178], [121.56314922926, 25.027713857501]]]]}, "id": "A6302-035-00"}, {"type": "Feature", "properties": {"county": "台北市", "town": "萬華區", "village": "新忠里"}, "geometry": {"type": "MultiPolygon", "coordinates": [[[[121.50481777797, 25.029194478317], [121.50355649392, 25.028404919372], [121.50212569514, 25.027891640208], [121.50176557088, 25.02960623174], [121.50412601296, 25.030024374445], [121.50481777797, 25.029194478317]]]]}, "id": "A6307-013-00"}, {"type": "Feature", "properties": {"county": "台北市", "town": "信義區", "village": "嘉興里"}, "geometry": {"type": "MultiPolygon", "coordinates": [[[[121.557679545, 25.029872700766], [121.55812363126, 25.029611581563], [121.55774241161, 25.028965676447], [121.55817995077, 25.02873020242], [121.55807581883, 25.027640813109], [121.55825671692, 25.027004844603], [121.55768760752, 25.026540047132], [121.5573749392, 25.025991129357], [121.55682633757, 25.025642453691], [121.55642522636, 25.025767072454], [121.55668377596, 25.02631145706], [121.55647778073, 25.026364715799], [121.55656380173, 25.026555120858], [121.556126339, 25.026865264668], [121.55619922618, 25.027164575077], [121.55596643849, 25.027383319579], [121.5564160526, 25.027769981607], [121.557679545, 25.029872700766]]]]}, "id": "A6302-037-00"}, {"type": "Feature", "properties": {"county": "台北市", "town": "信義區", "village": "中坡里"}, "geometry": {"type": "MultiPolygon", "coordinates": [[[[121.58368784095, 25.033057149539], [121.58378134148, 25.033436639755], [121.58357649336, 25.035055623574], [121.58293880316, 25.036332919566], [121.58261377949, 25.036669985722], [121.58172181875, 25.036709957002], [121.58149783819, 25.037121025228], [121.58378166141, 25.03798818356], [121.58264889376, 25.040432212689], [121.58344723916, 25.040730654123], [121.5836120166, 25.040244652832], [121.58403786451, 25.039942950127], [121.58431891593, 25.039180602462], [121.58501486153, 25.038256631101], [121.58525475239, 25.036911534271], [121.58529392672, 25.034833470364], [121.58504319014, 25.034251047898], [121.58508058316, 25.033901587877], [121.58460054023, 25.033235493362], [121.58368784095, 25.033057149539]]]]}, "id": "A6302-024-00"}, {"type": "Feature", "properties": {"county": "台北市", "town": "信義區", "village": "廣居里"}, "geometry": {"type": "MultiPolygon", "coordinates": [[[[121.57693924878, 25.040836883024], [121.57782309895, 25.04081393255], [121.57781987764, 25.039567862879], [121.57685011861, 25.038877381837], [121.57641018882, 25.039330943349], [121.57399052966, 25.038927191311], [121.57397450336, 25.038741441653], [121.57296818169, 25.038515729617], [121.57297340938, 25.03897461125], [121.56981782969, 25.039049722732], [121.56985082966, 25.040457589449], [121.57027211708, 25.041009554753], [121.57693924878, 25.040836883024]]]]}, "id": "A6302-008-00"}, {"type": "Feature", "properties": {"county": "台北市", "town": "信義區", "village": "興隆里"}, "geometry": {"type": "MultiPolygon", "coordinates": [[[[121.5588197995, 25.041322189299], [121.56450000408, 25.041168507784], [121.56336972282, 25.039179290101], [121.5635974968, 25.039181082392], [121.56358327716, 25.037512759192], [121.56201169608, 25.037554876877], [121.56199033334, 25.036959707193], [121.56096657493, 25.035341809183], [121.56053564277, 25.035484888711], [121.5605161801, 25.035858527903], [121.56129047547, 25.037132612478], [121.56131406566, 25.037573432927], [121.55756560133, 25.037701717621], [121.55766783842, 25.041353326217], [121.5588197995, 25.041322189299]]]]}, "id": "A6302-003-00"}, {"type": "Feature", "properties": {"county": "台北市", "town": "大安區", "village": "正聲里"}, "geometry": {"type": "MultiPolygon", "coordinates": [[[[121.55766783842, 25.041353326217], [121.55756560133, 25.037701717621], [121.555486634, 25.037696727269], [121.55451031343, 25.041410193786], [121.55766783842, 25.041353326217]]]]}, "id": "A6303-052-00"}, {"type": "Feature", "properties": {"county": "台北市", "town": "南港區", "village": "仁福里"}, "geometry": {"type": "MultiPolygon", "coordinates": [[[[121.59392646697, 25.040195672893], [121.59416789726, 25.039535405753], [121.59477834965, 25.039440008245], [121.595213311, 25.038693237262], [121.59553157874, 25.038673530432], [121.59594457789, 25.038193705526], [121.59631952911, 25.037539675816], [121.5974700745, 25.034298614928], [121.59674408102, 25.033987685272], [121.59537502448, 25.033035745049], [121.59453112719, 25.033560726756], [121.59362814101, 25.034393827129], [121.59348118884, 25.034802794182], [121.59236628996, 25.035066172612], [121.5914935381, 25.036049208088], [121.59124663187, 25.037519214115], [121.59162169782, 25.038741245346], [121.59139371601, 25.038925261992], [121.59110385353, 25.040029311311], [121.59064382478, 25.040403316449], [121.5907278728, 25.04112431144], [121.59100192535, 25.041325291323], [121.59152689175, 25.04128230081], [121.59208781626, 25.040199202057], [121.59232582843, 25.040027243729], [121.59268482223, 25.040095154629], [121.59293779535, 25.040450883096], [121.59392646697, 25.040195672893]]]]}, "id": "A6309-019-00"}, {"type": "Feature", "properties": {"county": "台北市", "town": "中正區", "village": "文北里"}, "geometry": {"type": "MultiPolygon", "coordinates": [[[[121.52921067835, 25.040858894], [121.53009324903, 25.040635399492], [121.52971554248, 25.039364648751], [121.52943746425, 25.039330621685], [121.52939945335, 25.038227576398], [121.5289464615, 25.036983294423], [121.52509131476, 25.037889752219], [121.52616704884, 25.041583556842], [121.52921067835, 25.040858894]]]]}, "id": "A6305-029-00"}, {"type": "Feature", "properties": {"county": "台北市", "town": "大安區", "village": "建倫里"}, "geometry": {"type": "MultiPolygon", "coordinates": [[[[121.5529527184, 25.041437507988], [121.55294681501, 25.037771902588], [121.54885943765, 25.037860412687], [121.54890053974, 25.041526290647], [121.5529527184, 25.041437507988]]]]}, "id": "A6303-050-00"}, {"type": "Feature", "properties": {"county": "台北市", "town": "大安區", "village": "仁愛里"}, "geometry": {"type": "MultiPolygon", "coordinates": [[[[121.54806552687, 25.041547162889], [121.54890053974, 25.041526290647], [121.54885943765, 25.037860412687], [121.54369855109, 25.037974121546], [121.54377335464, 25.041622799371], [121.54806552687, 25.041547162889]]]]}, "id": "A6303-005-00"}, {"type": "Feature", "properties": {"county": "台北市", "town": "大安區", "village": "義村里"}, "geometry": {"type": "MultiPolygon", "coordinates": [[[[121.53714773553, 25.041698555106], [121.54377335464, 25.041622799371], [121.54369855109, 25.037974121546], [121.53789072387, 25.038141554752], [121.53781956024, 25.039737151427], [121.53714773553, 25.041698555106]]]]}, "id": "A6303-006-00"}, {"type": "Feature", "properties": {"county": "台北市", "town": "南港區", "village": "百福里"}, "geometry": {"type": "MultiPolygon", "coordinates": [[[[121.5903645622, 25.038134050365], [121.59067392837, 25.03766176288], [121.59124663187, 25.037519214115], [121.5914935381, 25.036049208088], [121.59236628996, 25.035066172612], [121.59348118884, 25.034802794182], [121.59362814101, 25.034393827129], [121.59453112719, 25.033560726756], [121.59537502448, 25.033035745049], [121.59389104211, 25.032416787729], [121.59316008295, 25.032309824019], [121.59217503394, 25.031321072207], [121.59087716788, 25.032831191949], [121.58931432231, 25.034297298023], [121.58955449438, 25.035153287998], [121.58914356279, 25.035844284589], [121.58934568492, 25.036783315496], [121.58908273395, 25.037432372005], [121.58837076692, 25.037954361299], [121.58770883151, 25.039028456166], [121.58744791046, 25.039780433002], [121.58716288993, 25.039694519451], [121.58680438808, 25.040904156641], [121.58699983373, 25.040960814616], [121.58675096227, 25.041603744481], [121.58755903996, 25.04177374296], [121.59020477591, 25.0387913025], [121.5903645622, 25.038134050365]]]]}, "id": "A6309-014-00"}, {"type": "Feature", "properties": {"county": "台北市", "town": "信義區", "village": "中行里"}, "geometry": {"type": "MultiPolygon", "coordinates": [[[[121.58675096227, 25.041603744481], [121.58699983373, 25.040960814616], [121.58680438808, 25.040904156641], [121.58716288993, 25.039694519451], [121.58744791046, 25.039780433002], [121.58770883151, 25.039028456166], [121.58837076692, 25.037954361299], [121.58908273395, 25.037432372005], [121.58934568492, 25.036783315496], [121.58914356279, 25.035844284589], [121.58955449438, 25.035153287998], [121.58931432231, 25.034297298023], [121.59087716788, 25.032831191949], [121.59217503394, 25.031321072207], [121.59135692269, 25.030116157419], [121.58973693258, 25.029365241081], [121.58826091485, 25.028448325236], [121.58664187602, 25.026823361228], [121.58556551272, 25.024838421562], [121.58355756808, 25.024395498341], [121.58290659619, 25.024531811978], [121.58372790907, 25.026496515987], [121.5850429499, 25.0279145], [121.58508202973, 25.028158490676], [121.58414911268, 25.02989157753], [121.5833291743, 25.03032159947], [121.58310023192, 25.03128760918], [121.58315330522, 25.031829593556], [121.58368784095, 25.033057149539], [121.58460054023, 25.033235493362], [121.58508058316, 25.033901587877], [121.58504319014, 25.034251047898], [121.58529392672, 25.034833470364], [121.58525475239, 25.036911534271], [121.58507287426, 25.038114556961], [121.58431891593, 25.039180602462], [121.58403786451, 25.039942950127], [121.5836120166, 25.040244652832], [121.58344723916, 25.040730654123], [121.58474234841, 25.041227797606], [121.58467326129, 25.041381713893], [121.58506807344, 25.041547595376], [121.58492406707, 25.041637640055], [121.58504820895, 25.041827038698], [121.5855184688, 25.041562076119], [121.58675096227, 25.041603744481]]]]}, "id": "A6302-025-00"}, {"type": "Feature", "properties": {"county": "台北市", "town": "萬華區", "village": "柳鄉里"}, "geometry": {"type": "MultiPolygon", "coordinates": [[[[121.49475593952, 25.035867229381], [121.4943246332, 25.035386145882], [121.49106919674, 25.035479948102], [121.48333873062, 25.03532286788], [121.48367009764, 25.036907842777], [121.4853362567, 25.039167976486], [121.48788644229, 25.041862847942], [121.49000653302, 25.042236718715], [121.49609870555, 25.038798275394], [121.49712944252, 25.038512882494], [121.49475593952, 25.035867229381]]]]}, "id": "A6307-019-00"}, {"type": "Feature", "properties": {"county": "台北市", "town": "中正區", "village": "建國里"}, "geometry": {"type": "MultiPolygon", "coordinates": [[[[121.51770981057, 25.039099931455], [121.51657461897, 25.035298986643], [121.51670085395, 25.034953009791], [121.51245308404, 25.03525744185], [121.51076923732, 25.035706568548], [121.50685672478, 25.037318999973], [121.50829096321, 25.042149940389], [121.51322788852, 25.042320341756], [121.51299168658, 25.039966079469], [121.51557538118, 25.039596729839], [121.51770981057, 25.039099931455]]]]}, "id": "A6305-022-00"}, {"type": "Feature", "properties": {"county": "台北市", "town": "大安區", "village": "光武里"}, "geometry": {"type": "MultiPolygon", "coordinates": [[[[121.54674023639, 25.045109837844], [121.54892892474, 25.044837126604], [121.54890053974, 25.041526290647], [121.54377335464, 25.041622799371], [121.54386170647, 25.044847606818], [121.54674023639, 25.045109837844]]]]}, "id": "A6303-010-00"}, {"type": "Feature", "properties": {"county": "台北市", "town": "大安區", "village": "華聲里"}, "geometry": {"type": "MultiPolygon", "coordinates": [[[[121.55767691523, 25.04171189285], [121.55766783842, 25.041353326217], [121.55451031343, 25.041410193786], [121.55377061669, 25.044347001911], [121.5577620369, 25.045073753204], [121.55767691523, 25.04171189285]]]]}, "id": "A6303-054-00"}, {"type": "Feature", "properties": {"county": "台北市", "town": "大安區", "village": "民輝里"}, "geometry": {"type": "MultiPolygon", "coordinates": [[[[121.53464884046, 25.044970759909], [121.53653172984, 25.044784409017], [121.53666383953, 25.042882499488], [121.53770461828, 25.040221175334], [121.53789072387, 25.038141554752], [121.53276605562, 25.038181535281], [121.53288036522, 25.045498697174], [121.53464884046, 25.044970759909]]]]}, "id": "A6303-007-00"}, {"type": "Feature", "properties": {"county": "台北市", "town": "信義區", "village": "永春里"}, "geometry": {"type": "MultiPolygon", "coordinates": [[[[121.58069748671, 25.045370631176], [121.58143551575, 25.044688167911], [121.58122879333, 25.044696155893], [121.5813724888, 25.044219171951], [121.58193939288, 25.0442042681], [121.58027279135, 25.042285036462], [121.57782309895, 25.04081393255], [121.57780753088, 25.045438208828], [121.58069748671, 25.045370631176]]]]}, "id": "A6302-018-00"}, {"type": "Feature", "properties": {"county": "台北市", "town": "南港區", "village": "鴻福里"}, "geometry": {"type": "MultiPolygon", "coordinates": [[[[121.58677833773, 25.043096167577], [121.58755903996, 25.04177374296], [121.5855184688, 25.041562076119], [121.58432279525, 25.042266819214], [121.58284882251, 25.043452303078], [121.58340928631, 25.044208799748], [121.5841356226, 25.044786514588], [121.58432126389, 25.044532784992], [121.58620281764, 25.045428464004], [121.58683639309, 25.044440565793], [121.58664820218, 25.043821555082], [121.58677833773, 25.043096167577]]]]}, "id": "A6309-013-00"}, {"type": "Feature", "properties": {"county": "台北市", "town": "中正區", "village": "幸福里"}, "geometry": {"type": "MultiPolygon", "coordinates": [[[[121.52683277404, 25.043956375722], [121.52985557662, 25.043126184224], [121.52921067835, 25.040858894], [121.51893543938, 25.043311838073], [121.51963501419, 25.045680406507], [121.52683277404, 25.043956375722]]]]}, "id": "A6305-026-00"}, {"type": "Feature", "properties": {"county": "台北市", "town": "信義區", "village": "四維里"}, "geometry": {"type": "MultiPolygon", "coordinates": [[[[121.57780753088, 25.045438208828], [121.57781530724, 25.043264711425], [121.57542368325, 25.043361318956], [121.57549162231, 25.04550529616], [121.57780753088, 25.045438208828]]]]}, "id": "A6302-017-00"}, {"type": "Feature", "properties": {"county": "台北市", "town": "信義區", "village": "五全里"}, "geometry": {"type": "MultiPolygon", "coordinates": [[[[121.57549162231, 25.04550529616], [121.57542368325, 25.043361318956], [121.5720175351, 25.043474859296], [121.57209058052, 25.045603302698], [121.57549162231, 25.04550529616]]]]}, "id": "A6302-013-00"}, {"type": "Feature", "properties": {"county": "台北市", "town": "信義區", "village": "六藝里"}, "geometry": {"type": "MultiPolygon", "coordinates": [[[[121.57209058052, 25.045603302698], [121.57199548708, 25.042864917741], [121.57139251751, 25.042654332312], [121.57137703534, 25.042270914072], [121.57017880006, 25.042315219875], [121.57029678579, 25.045601044155], [121.57209058052, 25.045603302698]]]]}, "id": "A6302-010-00"}, {"type": "Feature", "properties": {"county": "台北市", "town": "萬華區", "village": "新起里"}, "geometry": {"type": "MultiPolygon", "coordinates": [[[[121.50829096321, 25.042149940389], [121.50743736139, 25.03923361513], [121.50202198354, 25.040102678221], [121.50230932222, 25.041710979268], [121.50457102001, 25.041548526296], [121.50598839476, 25.041692093964], [121.50698967533, 25.041478713233], [121.50743801783, 25.042029308109], [121.50752700935, 25.042390650982], [121.50829096321, 25.042149940389]]]]}, "id": "A6307-004-00"}, {"type": "Feature", "properties": {"county": "台北市", "town": "萬華區", "village": "青山里"}, "geometry": {"type": "MultiPolygon", "coordinates": [[[[121.49991211991, 25.040143489119], [121.4998000403, 25.038491922813], [121.49937055305, 25.036716269832], [121.49931312472, 25.035283890163], [121.49435615857, 25.035421095408], [121.49712944252, 25.038512882494], [121.49609870555, 25.038798275394], [121.49000653302, 25.042236718715], [121.49395751646, 25.042630570101], [121.49796057549, 25.04005769628], [121.49991211991, 25.040143489119]]]]}, "id": "A6307-006-00"}, {"type": "Feature", "properties": {"county": "台北市", "town": "信義區", "village": "富台里"}, "geometry": {"type": "MultiPolygon", "coordinates": [[[[121.57781945023, 25.042108893871], [121.57782309895, 25.04081393255], [121.57027211708, 25.041009554753], [121.57016139842, 25.041221987923], [121.57017880006, 25.042315219875], [121.57137703534, 25.042270914072], [121.57139251751, 25.042654332312], [121.57199548708, 25.042864917741], [121.57200461283, 25.042246379691], [121.57310337418, 25.042187079897], [121.57310264885, 25.042031014972], [121.57527910494, 25.04189272744], [121.57781945023, 25.042108893871]]]]}, "id": "A6302-019-00"}, {"type": "Feature", "properties": {"county": "台北市", "town": "中正區", "village": "幸市里"}, "geometry": {"type": "MultiPolygon", "coordinates": [[[[121.5328421915, 25.04233602242], [121.53276605562, 25.038181535281], [121.52940120441, 25.03823981676], [121.52943746425, 25.039330621685], [121.52971554248, 25.039364648751], [121.53009324903, 25.040635399492], [121.52921067835, 25.040858894], [121.52985557662, 25.043126184224], [121.5328421915, 25.04233602242]]]]}, "id": "A6305-027-00"}, {"type": "Feature", "properties": {"county": "台北市", "town": "中正區", "village": "東門里"}, "geometry": {"type": "MultiPolygon", "coordinates": [[[[121.52267355444, 25.042429043533], [121.52616704884, 25.041583556842], [121.52441086647, 25.035617933205], [121.52247661535, 25.032473905549], [121.52254789868, 25.032319831447], [121.51920846357, 25.033895308368], [121.51683242192, 25.034783341258], [121.51657461897, 25.035298986643], [121.51893543938, 25.043311838073], [121.52267355444, 25.042429043533]]]]}, "id": "A6305-028-00"}, {"type": "Feature", "properties": {"county": "台北市", "town": "信義區", "village": "松光里"}, "geometry": {"type": "MultiPolygon", "coordinates": [[[[121.58021205063, 25.039967445211], [121.57934209699, 25.039638171938], [121.57916905007, 25.039410229573], [121.57939543939, 25.038158538598], [121.57915204972, 25.036358258141], [121.57846111692, 25.036241591399], [121.57781711542, 25.039582163199], [121.57782309895, 25.04081393255], [121.58027279135, 25.042285036462], [121.58120637196, 25.043224776867], [121.58145399125, 25.04261820592], [121.58114348166, 25.042461640596], [121.58068891449, 25.040513462151], [121.58021205063, 25.039967445211]]]]}, "id": "A6302-023-00"}, {"type": "Feature", "properties": {"county": "台北市", "town": "信義區", "village": "長春里"}, "geometry": {"type": "MultiPolygon", "coordinates": [[[[121.57204630291, 25.043474204143], [121.57781530724, 25.043264711425], [121.57781945023, 25.042108893871], [121.57506709922, 25.041894871661], [121.57200461283, 25.042246379691], [121.57204630291, 25.043474204143]]]]}, "id": "A6302-015-00"}, {"type": "Feature", "properties": {"county": "台北市", "town": "南港區", "village": "舊莊里"}, "geometry": {"type": "MultiPolygon", "coordinates": [[[[121.63013127348, 25.035137081949], [121.63332817161, 25.035882662197], [121.63389991495, 25.034792606179], [121.63783968976, 25.033680375644], [121.63981852682, 25.031963260269], [121.64277536205, 25.030775850615], [121.644464192, 25.029618805354], [121.64644117417, 25.028883670152], [121.6463370616, 25.028230705963], [121.64657907495, 25.027920687124], [121.64802308528, 25.028466601933], [121.65039397903, 25.027563475554], [121.65489192748, 25.027640942778], [121.65718197047, 25.028121825745], [121.65752101313, 25.028800742278], [121.66097508898, 25.030497566271], [121.66314710859, 25.030199032478], [121.66467707473, 25.029480989534], [121.66588215026, 25.029841898392], [121.66539006936, 25.028803969993], [121.66480202519, 25.028126994022], [121.66509467125, 25.025513890589], [121.66401348847, 25.02327300264], [121.66260340927, 25.022939090921], [121.66090943674, 25.02344255228], [121.65731247784, 25.023387805975], [121.65388159985, 25.024398987496], [121.65132962738, 25.023853421265], [121.65005467056, 25.023974479765], [121.64874161108, 25.022786613984], [121.64695056624, 25.02161472085], [121.64602554913, 25.021761758426], [121.64585265154, 25.022517766497], [121.64432576829, 25.024021812605], [121.64304581379, 25.024455860118], [121.64062180767, 25.023420272996], [121.63769399358, 25.024137468962], [121.63612692949, 25.023464584569], [121.63248824744, 25.025668693844], [121.63176525817, 25.025711008556], [121.63052411118, 25.023721090541], [121.62993104275, 25.021547117796], [121.62893792715, 25.020072220141], [121.6277109592, 25.0192912656], [121.62716397754, 25.019965319227], [121.6265329972, 25.019725374448], [121.6263209422, 25.018730388094], [121.62273794636, 25.017155551785], [121.62019909816, 25.018490899885], [121.61894412235, 25.018042971749], [121.61743925197, 25.018380046163], [121.61591237788, 25.019730144284], [121.61648638715, 25.020299110714], [121.61849650485, 25.023338992955], [121.62059076556, 25.026058873634], [121.62071585896, 25.026864808833], [121.62034794862, 25.028268888064], [121.61936811798, 25.030714920728], [121.61909925067, 25.032462944289], [121.61915433301, 25.033829863942], [121.6183494779, 25.034915955788], [121.61809875755, 25.035579990781], [121.61797493531, 25.038500992789], [121.61821395314, 25.039124978727], [121.61827801243, 25.040098930344], [121.61807609188, 25.040842938641], [121.61779414576, 25.041129965491], [121.6175151428, 25.041923050064], [121.61933918758, 25.043301934103], [121.62165492603, 25.040397781158], [121.62462463885, 25.038423364235], [121.62507062718, 25.037786307472], [121.62631856449, 25.037981223104], [121.62987832277, 25.036468106742], [121.63013127348, 25.035137081949]]]]}, "id": "A6309-016-00"}, {"type": "Feature", "properties": {"county": "台北市", "town": "信義區", "village": "興雅里"}, "geometry": {"type": "MultiPolygon", "coordinates": [[[[121.57017880006, 25.042315219875], [121.57027211708, 25.041009554753], [121.56985082966, 25.040457589449], [121.56981782969, 25.039049722732], [121.56336972282, 25.039179290101], [121.56582834734, 25.043406254902], [121.56688910232, 25.043321400361], [121.56764990637, 25.043709602995], [121.56776356617, 25.043369173475], [121.56828653973, 25.043226138841], [121.5685825392, 25.042875129058], [121.56934946546, 25.042812058124], [121.56979723458, 25.04232241017], [121.57017880006, 25.042315219875]]]]}, "id": "A6302-006-00"}, {"type": "Feature", "properties": {"county": "台北市", "town": "信義區", "village": "大道里"}, "geometry": {"type": "MultiPolygon", "coordinates": [[[[121.58284882251, 25.043452303078], [121.58504820895, 25.041827038698], [121.58492406707, 25.041637640055], [121.58506807344, 25.041547595376], [121.58467326129, 25.041381713893], [121.58474234841, 25.041227797606], [121.58039593141, 25.039567651804], [121.58019705983, 25.039992654047], [121.58068891449, 25.040513462151], [121.58114348166, 25.042461640596], [121.58145399125, 25.04261820592], [121.58120637196, 25.043224776867], [121.58195071322, 25.044219394456], [121.58284882251, 25.043452303078]]]]}, "id": "A6302-026-00"}, {"type": "Feature", "properties": {"county": "台北市", "town": "萬華區", "village": "西門里"}, "geometry": {"type": "MultiPolygon", "coordinates": [[[[121.50784099431, 25.043372053125], [121.50859730444, 25.043224437735], [121.50829096321, 25.042149940389], [121.50752700935, 25.042390650982], [121.50743801783, 25.042029308109], [121.50698967533, 25.041478713233], [121.50598839476, 25.041692093964], [121.50457102001, 25.041548526296], [121.50230932222, 25.041710979268], [121.50285855515, 25.044521361018], [121.50784099431, 25.043372053125]]]]}, "id": "A6307-003-00"}, {"type": "Feature", "properties": {"county": "台北市", "town": "大安區", "village": "車層里"}, "geometry": {"type": "MultiPolygon", "coordinates": [[[[121.55377061669, 25.044347001911], [121.555486634, 25.037696727269], [121.55294681501, 25.037771902588], [121.55300098557, 25.044401369179], [121.55377061669, 25.044347001911]]]]}, "id": "A6303-055-00"}, {"type": "Feature", "properties": {"county": "台北市", "town": "大安區", "village": "昌隆里"}, "geometry": {"type": "MultiPolygon", "coordinates": [[[[121.5407339921, 25.044532129001], [121.54067953445, 25.041666329162], [121.53701174123, 25.041770880382], [121.53666383953, 25.042882499488], [121.53653172984, 25.044784409017], [121.5407339921, 25.044532129001]]]]}, "id": "A6303-008-00"}, {"type": "Feature", "properties": {"county": "台北市", "town": "大安區", "village": "誠安里"}, "geometry": {"type": "MultiPolygon", "coordinates": [[[[121.54377335464, 25.041622799371], [121.54067953445, 25.041666329162], [121.5407339921, 25.044532129001], [121.54386170647, 25.044847606818], [121.54377335464, 25.041622799371]]]]}, "id": "A6303-009-00"}, {"type": "Feature", "properties": {"county": "台北市", "town": "大安區", "village": "建安里"}, "geometry": {"type": "MultiPolygon", "coordinates": [[[[121.55244995702, 25.044474388761], [121.55300098557, 25.044401369179], [121.5529527184, 25.041437507988], [121.54890053974, 25.041526290647], [121.54892892474, 25.044837126604], [121.55244995702, 25.044474388761]]]]}, "id": "A6303-049-00"}, {"type": "Feature", "properties": {"county": "台北市", "town": "萬華區", "village": "菜園里"}, "geometry": {"type": "MultiPolygon", "coordinates": [[[[121.50285855515, 25.044521361018], [121.50202198354, 25.040102678221], [121.50174576036, 25.04025661241], [121.49796057549, 25.04005769628], [121.49395751646, 25.042630570101], [121.495772539, 25.04281251086], [121.49633062139, 25.043345442215], [121.50035398592, 25.045106259867], [121.50285855515, 25.044521361018]]]]}, "id": "A6307-005-00"}, {"type": "Feature", "properties": {"county": "台北市", "town": "信義區", "village": "正和里"}, "geometry": {"type": "MultiPolygon", "coordinates": [[[[121.56070476504, 25.036115369855], [121.55921102118, 25.036162914857], [121.559206218, 25.035973619007], [121.55871523088, 25.035902690603], [121.5588529921, 25.035261417634], [121.55751713865, 25.035073380929], [121.55756560133, 25.037701717621], [121.56131406566, 25.037573432927], [121.56129047547, 25.037132612478], [121.56070476504, 25.036115369855]]]]}, "id": "A6302-002-00"}, {"type": "Feature", "properties": {"county": "台北市", "town": "大安區", "village": "光信里"}, "geometry": {"type": "MultiPolygon", "coordinates": [[[[121.555486634, 25.037696727269], [121.55756560133, 25.037701717621], [121.5574806586, 25.03309502364], [121.55629786986, 25.033110989983], [121.55629299854, 25.033501920818], [121.55468401043, 25.034414885522], [121.55503703254, 25.0346337882], [121.55436566707, 25.035381977262], [121.5544553562, 25.037727263072], [121.555486634, 25.037696727269]]]]}, "id": "A6303-056-00"}, {"type": "Feature", "properties": {"county": "台北市", "town": "中正區", "village": "文祥里"}, "geometry": {"type": "MultiPolygon", "coordinates": [[[[121.5289464615, 25.036983294423], [121.52825592396, 25.036055256224], [121.52769520709, 25.03400091611], [121.52711778747, 25.034109955426], [121.52432053229, 25.035476548777], [121.52509131476, 25.037889752219], [121.5289464615, 25.036983294423]]]]}, "id": "A6305-030-00"}, {"type": "Feature", "properties": {"county": "台北市", "town": "大安區", "village": "敦煌里"}, "geometry": {"type": "MultiPolygon", "coordinates": [[[[121.55294681501, 25.037771902588], [121.5544553562, 25.037727263072], [121.55436566707, 25.035381977262], [121.55503703254, 25.0346337882], [121.55468401043, 25.034414885522], [121.55629299854, 25.033501920818], [121.55629786986, 25.033110989983], [121.55246935555, 25.033186049326], [121.55252917627, 25.036246185308], [121.55125741983, 25.03779122138], [121.55294681501, 25.037771902588]]]]}, "id": "A6303-053-00"}, {"type": "Feature", "properties": {"county": "台北市", "town": "大安區", "village": "敦安里"}, "geometry": {"type": "MultiPolygon", "coordinates": [[[[121.55125741983, 25.03779122138], [121.55252917627, 25.036246185308], [121.55246935555, 25.033186049326], [121.54882711858, 25.033265244409], [121.54885943765, 25.037860412687], [121.55125741983, 25.03779122138]]]]}, "id": "A6303-051-00"}, {"type": "Feature", "properties": {"county": "台北市", "town": "大安區", "village": "德安里"}, "geometry": {"type": "MultiPolygon", "coordinates": [[[[121.54885943765, 25.037860412687], [121.54882711858, 25.033265244409], [121.5459603896, 25.033330206539], [121.54604934433, 25.037916838509], [121.54885943765, 25.037860412687]]]]}, "id": "A6303-001-00"}, {"type": "Feature", "properties": {"county": "台北市", "town": "大安區", "village": "仁慈里"}, "geometry": {"type": "MultiPolygon", "coordinates": [[[[121.54604934433, 25.037916838509], [121.5459603896, 25.033330206539], [121.54360627551, 25.033376836129], [121.54369855109, 25.037974121546], [121.54604934433, 25.037916838509]]]]}, "id": "A6303-002-00"}, {"type": "Feature", "properties": {"county": "台北市", "town": "大安區", "village": "和安里"}, "geometry": {"type": "MultiPolygon", "coordinates": [[[[121.54369855109, 25.037974121546], [121.54360627551, 25.033376836129], [121.53778317814, 25.03352242785], [121.53789072387, 25.038141554752], [121.54369855109, 25.037974121546]]]]}, "id": "A6303-003-00"}, {"type": "Feature", "properties": {"county": "台北市", "town": "大安區", "village": "民炤里"}, "geometry": {"type": "MultiPolygon", "coordinates": [[[[121.53584494006, 25.038129988906], [121.53789072387, 25.038141554752], [121.53778317814, 25.03352242785], [121.53267570199, 25.033604380783], [121.53276605562, 25.038181535281], [121.53584494006, 25.038129988906]]]]}, "id": "A6303-004-00"}, {"type": "Feature", "properties": {"county": "台北市", "town": "中正區", "village": "三愛里"}, "geometry": {"type": "MultiPolygon", "coordinates": [[[[121.53276605562, 25.038181535281], [121.53267570199, 25.033604380783], [121.53012729497, 25.033652034024], [121.52769520709, 25.03400091611], [121.52825592396, 25.036055256224], [121.5289464615, 25.036983294423], [121.52940120441, 25.03823981676], [121.53276605562, 25.038181535281]]]]}, "id": "A6305-031-00"}, {"type": "Feature", "properties": {"county": "台北市", "town": "南港區", "village": "九如里"}, "geometry": {"type": "MultiPolygon", "coordinates": [[[[121.61797493791, 25.038158977954], [121.61809875755, 25.035579990781], [121.6183494779, 25.034915955788], [121.61915433301, 25.033829863942], [121.61909925067, 25.032462944289], [121.61936811798, 25.030714920728], [121.62034794862, 25.028268888064], [121.62071278882, 25.026400828997], [121.61648638715, 25.020299110714], [121.61591237788, 25.019730144284], [121.61461338926, 25.019223222066], [121.61244248489, 25.019321482167], [121.6110425377, 25.019862565581], [121.61038550673, 25.019769648671], [121.60960849712, 25.01906271362], [121.60798955745, 25.01956177946], [121.60438265018, 25.019290991359], [121.60337355176, 25.017005992456], [121.60308724476, 25.015670063482], [121.60223627388, 25.014949273133], [121.60144827134, 25.015309287833], [121.59973824447, 25.014535369232], [121.59716135881, 25.014524521645], [121.59589537477, 25.014905567191], [121.59539445938, 25.015743658654], [121.5943324415, 25.015514688531], [121.59387844135, 25.014929708112], [121.59296743078, 25.014542749684], [121.5916814907, 25.014940951792], [121.59118643454, 25.014227004313], [121.58885449667, 25.013777128161], [121.58822746146, 25.013522099892], [121.5857405239, 25.013451287235], [121.58459251459, 25.013055273954], [121.58318856078, 25.013039387428], [121.58275451575, 25.012756528048], [121.58147749677, 25.012675568113], [121.58068854492, 25.012253645731], [121.57982251389, 25.012418648187], [121.57917261407, 25.012893770419], [121.57818366615, 25.013232783256], [121.57767967419, 25.014136851973], [121.58014581246, 25.017012809794], [121.58280520962, 25.018741682236], [121.58357115516, 25.018557453127], [121.58438628945, 25.02056438588], [121.58437239689, 25.021617405829], [121.58497439963, 25.022257453674], [121.58507648583, 25.023673435687], [121.58664187602, 25.026823361228], [121.58826091485, 25.028448325236], [121.58973693258, 25.029365241081], [121.59135692269, 25.030116157419], [121.59217503394, 25.031321072207], [121.59316008295, 25.032309824019], [121.5951660734, 25.032874692293], [121.59793004241, 25.034629572215], [121.60024125751, 25.035412457504], [121.60279326641, 25.036902293195], [121.60371431511, 25.037197047332], [121.60567527089, 25.037486932353], [121.60806226632, 25.038394795137], [121.61118218424, 25.038270577957], [121.61193314285, 25.038510546408], [121.61260908668, 25.03837548742], [121.61618603143, 25.038707057649], [121.61797493791, 25.038158977954]]]]}, "id": "A6309-018-00"}, {"type": "Feature", "properties": {"county": "台北市", "town": "信義區", "village": "西村里"}, "geometry": {"type": "MultiPolygon", "coordinates": [[[[121.56845926846, 25.039071520802], [121.56829958506, 25.03286280086], [121.55957398296, 25.033036485658], [121.56040785848, 25.034412778306], [121.56030642853, 25.034508982803], [121.56010062681, 25.034612513287], [121.55750193659, 25.034248973455], [121.55751713865, 25.035073380929], [121.5588529921, 25.035261417634], [121.55871523088, 25.035902690603], [121.559206218, 25.035973619007], [121.55921102118, 25.036162914857], [121.56070476504, 25.036115369855], [121.5605161801, 25.035858527903], [121.56053564277, 25.035484888711], [121.56096657493, 25.035341809183], [121.56199033334, 25.036959707193], [121.56201169608, 25.037554876877], [121.56358327716, 25.037512759192], [121.5635974968, 25.039181082392], [121.56845926846, 25.039071520802]]]]}, "id": "A6302-001-00"}, {"type": "Feature", "properties": {"county": "台北市", "town": "信義區", "village": "安康里"}, "geometry": {"type": "MultiPolygon", "coordinates": [[[[121.57685011861, 25.038877381837], [121.57491866955, 25.03747236333], [121.57686414504, 25.035278553958], [121.57459885795, 25.033578637608], [121.57388458786, 25.033177865384], [121.57260487327, 25.032802447916], [121.56829958506, 25.03286280086], [121.56845926846, 25.039071520802], [121.57297340938, 25.03897461125], [121.57296818169, 25.038515729617], [121.57397450336, 25.038741441653], [121.57399052966, 25.038927191311], [121.57641018882, 25.039330943349], [121.57685011861, 25.038877381837]]]]}, "id": "A6302-009-00"}, {"type": "Feature", "properties": {"county": "台北市", "town": "萬華區", "village": "仁德里"}, "geometry": {"type": "MultiPolygon", "coordinates": [[[[121.50743736139, 25.03923361513], [121.50652568026, 25.03603894604], [121.50485523182, 25.036509877045], [121.50354895594, 25.036570828771], [121.50420982455, 25.039762680114], [121.50743736139, 25.03923361513]]]]}, "id": "A6307-009-00"}, {"type": "Feature", "properties": {"county": "台北市", "town": "信義區", "village": "國業里"}, "geometry": {"type": "MultiPolygon", "coordinates": [[[[121.57834879573, 25.036819282434], [121.57846111692, 25.036241591399], [121.5779216892, 25.036093249648], [121.57686414504, 25.035278553958], [121.57491866955, 25.03747236333], [121.57781987764, 25.039567862879], [121.57834879573, 25.036819282434]]]]}, "id": "A6302-020-00"}, {"type": "Feature", "properties": {"county": "台北市", "town": "萬華區", "village": "福音里"}, "geometry": {"type": "MultiPolygon", "coordinates": [[[[121.50420982455, 25.039762680114], [121.50334093768, 25.035164153458], [121.50123981799, 25.03523566353], [121.50202198354, 25.040102678221], [121.50420982455, 25.039762680114]]]]}, "id": "A6307-008-00"}, {"type": "Feature", "properties": {"county": "台北市", "town": "萬華區", "village": "富民里"}, "geometry": {"type": "MultiPolygon", "coordinates": [[[[121.50202198354, 25.040102678221], [121.50123981799, 25.03523566353], [121.49931312472, 25.035283890163], [121.49937055305, 25.036716269832], [121.4998000403, 25.038491922813], [121.49991211991, 25.040143489119], [121.50174576036, 25.04025661241], [121.50202198354, 25.040102678221]]]]}, "id": "A6307-007-00"}, {"type": "Feature", "properties": {"county": "台北市", "town": "信義區", "village": "大仁里"}, "geometry": {"type": "MultiPolygon", "coordinates": [[[[121.58149783819, 25.037121025228], [121.57926084873, 25.036279133036], [121.57915204972, 25.036358258141], [121.57939543939, 25.038158538598], [121.57916905007, 25.039410229573], [121.57934209699, 25.039638171938], [121.58021205063, 25.039967445211], [121.58039593141, 25.039567651804], [121.58264889376, 25.040432212689], [121.58378166141, 25.03798818356], [121.58149783819, 25.037121025228]]]]}, "id": "A6302-027-00"}, {"type": "Feature", "properties": {"county": "台北市", "town": "信義區", "village": "永吉里"}, "geometry": {"type": "MultiPolygon", "coordinates": [[[[121.58010288267, 25.049257313018], [121.58016812533, 25.048107327551], [121.58064592932, 25.047390744463], [121.58069748671, 25.045370631176], [121.57780753088, 25.045438208828], [121.57780588395, 25.049280441289], [121.58010288267, 25.049257313018]]]]}, "id": "A6302-014-00"}, {"type": "Feature", "properties": {"county": "台北市", "town": "南港區", "village": "中研里"}, "geometry": {"type": "MultiPolygon", "coordinates": [[[[121.61800398982, 25.045610911505], [121.61933918758, 25.043301934103], [121.6175151428, 25.041923050064], [121.61779414576, 25.041129965491], [121.61807609188, 25.040842938641], [121.61827801243, 25.040098930344], [121.61797493791, 25.038158977954], [121.61618603143, 25.038707057649], [121.61260908668, 25.03837548742], [121.61193314285, 25.038510546408], [121.61118218424, 25.038270577957], [121.60858223187, 25.038336777679], [121.60844337599, 25.039863778139], [121.60868058622, 25.043160806551], [121.60893954652, 25.043344748094], [121.60895960365, 25.043764782076], [121.60925253238, 25.044234329007], [121.61050179424, 25.044317220098], [121.61108825767, 25.044555835765], [121.61128423755, 25.044947400692], [121.61127903409, 25.04571341684], [121.61100266991, 25.046245142548], [121.61103493291, 25.046872047402], [121.61153788217, 25.047477362266], [121.61219998932, 25.047500410069], [121.61229907982, 25.048285586802], [121.61270703989, 25.048939588667], [121.61305906603, 25.049046284352], [121.61488097846, 25.048838220802], [121.61665496684, 25.04916611238], [121.61707080869, 25.047291059498], [121.61800398982, 25.045610911505]]]]}, "id": "A6309-017-00"}, {"type": "Feature", "properties": {"county": "台北市", "town": "信義區", "village": "雅祥里"}, "geometry": {"type": "MultiPolygon", "coordinates": [[[[121.57272693013, 25.047231368131], [121.57032440593, 25.045600694368], [121.56718387101, 25.045691244344], [121.56929002902, 25.049191192127], [121.57272900226, 25.049377065303], [121.57272693013, 25.047231368131]]]]}, "id": "A6302-011-00"}, {"type": "Feature", "properties": {"county": "台北市", "town": "信義區", "village": "四育里"}, "geometry": {"type": "MultiPolygon", "coordinates": [[[[121.57319871632, 25.04936790112], [121.57780588395, 25.049280441289], [121.57780753088, 25.045438208828], [121.57549162231, 25.04550529616], [121.57550008867, 25.046079177217], [121.57527278633, 25.046084103942], [121.57528857109, 25.046543845927], [121.57551783723, 25.046544591094], [121.57552947272, 25.046934949705], [121.5745885016, 25.04695558384], [121.57456740633, 25.047330860518], [121.57487564541, 25.047317752822], [121.57485244401, 25.048394370304], [121.57272693013, 25.047231368131], [121.57272900226, 25.049377065303], [121.57319871632, 25.04936790112]]]]}, "id": "A6302-016-00"}, {"type": "Feature", "properties": {"county": "台北市", "town": "萬華區", "village": "福星里"}, "geometry": {"type": "MultiPolygon", "coordinates": [[[[121.51030726332, 25.047986821941], [121.50966014604, 25.047350861069], [121.50957863995, 25.047058161849], [121.50996727292, 25.047041531054], [121.50966940559, 25.046649733636], [121.5091452127, 25.045161431096], [121.50362579092, 25.046489609507], [121.50266037371, 25.045713636598], [121.50120876756, 25.046027651525], [121.50489937333, 25.049700890048], [121.50625834879, 25.048995747764], [121.50935404541, 25.04821332923], [121.50989068404, 25.048205487267], [121.50983118271, 25.048106107104], [121.51030726332, 25.047986821941]]]]}, "id": "A6307-001-00"}, {"type": "Feature", "properties": {"county": "台北市", "town": "中正區", "village": "光復里"}, "geometry": {"type": "MultiPolygon", "coordinates": [[[[121.51332389685, 25.04947014589], [121.51322788852, 25.042320341756], [121.50829096321, 25.042149940389], [121.50939306237, 25.046011820876], [121.50996727292, 25.047041531054], [121.50957863995, 25.047058161849], [121.50966014604, 25.047350861069], [121.51030726332, 25.047986821941], [121.51069656673, 25.048164605974], [121.51098599901, 25.048039187313], [121.51146651306, 25.048474538464], [121.51200195525, 25.049912639115], [121.51332389685, 25.04947014589]]]]}, "id": "A6305-023-00"}, {"type": "Feature", "properties": {"county": "台北市", "town": "南港區", "village": "聯成里"}, "geometry": {"type": "MultiPolygon", "coordinates": [[[[121.58962374874, 25.047723851594], [121.59016615716, 25.046482787588], [121.58835509448, 25.046579836114], [121.58701540807, 25.046391875705], [121.58692881816, 25.046744514649], [121.58592028274, 25.04729260197], [121.58509363154, 25.048021530592], [121.58658748354, 25.048679973271], [121.59090090104, 25.049699396686], [121.59103323069, 25.048778624137], [121.59074078625, 25.048427280486], [121.58969457854, 25.047981458422], [121.58962374874, 25.047723851594]]]]}, "id": "A6309-015-00"}, {"type": "Feature", "properties": {"county": "台北市", "town": "南港區", "village": "合成里"}, "geometry": {"type": "MultiPolygon", "coordinates": [[[[121.59090090104, 25.049699396686], [121.58658748354, 25.048679973271], [121.58509363154, 25.048021530592], [121.58403758442, 25.04706406287], [121.58193939288, 25.0442042681], [121.5813724888, 25.044219171951], [121.58122879333, 25.044696155893], [121.58143551575, 25.044688167911], [121.58069748671, 25.045370631176], [121.58064592932, 25.047390744463], [121.58016812533, 25.048107327551], [121.58012762362, 25.048881493505], [121.58140984706, 25.04893164712], [121.58258779107, 25.049368216997], [121.59377178275, 25.051151094581], [121.5940189612, 25.050437531072], [121.59090090104, 25.049699396686]]]]}, "id": "A6309-010-00"}, {"type": "Feature", "properties": {"county": "台北市", "town": "松山區", "village": "新聚里"}, "geometry": {"type": "MultiPolygon", "coordinates": [[[[121.57041234638, 25.05126769479], [121.56929002902, 25.049191192127], [121.5658134145, 25.048280834558], [121.5655702177, 25.048973248908], [121.56491245794, 25.048902937906], [121.56384356162, 25.051407269324], [121.57041234638, 25.05126769479]]]]}, "id": "A6301-024-00"}, {"type": "Feature", "properties": {"county": "台北市", "town": "大同區", "village": "建明里"}, "geometry": {"type": "MultiPolygon", "coordinates": [[[[121.51548782889, 25.051252361977], [121.52020206822, 25.050169673579], [121.51897384387, 25.048407773266], [121.51546588454, 25.048920770645], [121.51334568162, 25.049409772004], [121.51393739839, 25.051629714178], [121.51548782889, 25.051252361977]]]]}, "id": "A6306-002-00"}, {"type": "Feature", "properties": {"county": "台北市", "town": "松山區", "village": "吉祥里"}, "geometry": {"type": "MultiPolygon", "coordinates": [[[[121.56384356162, 25.051407269324], [121.56491245794, 25.048902937906], [121.55783033719, 25.04819273125], [121.55787010155, 25.05157289529], [121.56384356162, 25.051407269324]]]]}, "id": "A6301-022-00"}, {"type": "Feature", "properties": {"county": "台北市", "town": "松山區", "village": "復勢里"}, "geometry": {"type": "MultiPolygon", "coordinates": [[[[121.55636746156, 25.051584906861], [121.55787010155, 25.05157289529], [121.55783033719, 25.04819273125], [121.55623686748, 25.048043293936], [121.55419524634, 25.04816020006], [121.55473140593, 25.050721359571], [121.5551116251, 25.051612636927], [121.55636746156, 25.051584906861]]]]}, "id": "A6301-033-00"}, {"type": "Feature", "properties": {"county": "台北市", "town": "中山區", "village": "康樂里"}, "geometry": {"type": "MultiPolygon", "coordinates": [[[[121.52755584306, 25.054918043749], [121.52768109403, 25.052129045431], [121.52254494478, 25.052251346542], [121.52273416827, 25.054996158937], [121.52755584306, 25.054918043749]]]]}, "id": "A6304-005-00"}, {"type": "Feature", "properties": {"county": "台北市", "town": "南港區", "village": "玉成里"}, "geometry": {"type": "MultiPolygon", "coordinates": [[[[121.58897271763, 25.050397515963], [121.58258779107, 25.049368216997], [121.58140984706, 25.04893164712], [121.58012762362, 25.048881493505], [121.58008193829, 25.049552255483], [121.57966892871, 25.050445339026], [121.58004996126, 25.051404366328], [121.57980407408, 25.052969435442], [121.58305825564, 25.0535022354], [121.58618024196, 25.054456743262], [121.58734427554, 25.05521573457], [121.58778426318, 25.054944746201], [121.58840628601, 25.053043814654], [121.58897271763, 25.050397515963]]]]}, "id": "A6309-009-00"}, {"type": "Feature", "properties": {"county": "台北市", "town": "南港區", "village": "新富里"}, "geometry": {"type": "MultiPolygon", "coordinates": [[[[121.62097149836, 25.054921975106], [121.62101740659, 25.054460942109], [121.62056843594, 25.053726952974], [121.61658109616, 25.0512791027], [121.61629109767, 25.050811161636], [121.61665496684, 25.04916611238], [121.6158222904, 25.048951233888], [121.61556896987, 25.050398008337], [121.61565536391, 25.051754550867], [121.6159110181, 25.052374473556], [121.61562989224, 25.0532322952], [121.61575094297, 25.054857195508], [121.61559731819, 25.054932649008], [121.61556170055, 25.055249368144], [121.61949951553, 25.054733998172], [121.62097149836, 25.054921975106]]]]}, "id": "A6309-003-00"}, {"type": "Feature", "properties": {"county": "台北市", "town": "南港區", "village": "中南里"}, "geometry": {"type": "MultiPolygon", "coordinates": [[[[121.61556170055, 25.055249368144], [121.61559731819, 25.054932649008], [121.61575094297, 25.054857195508], [121.61562989224, 25.0532322952], [121.6159110181, 25.052374473556], [121.61565536391, 25.051754550867], [121.61556896987, 25.050398008337], [121.6158222904, 25.048951233888], [121.61488097846, 25.048838220802], [121.61305906603, 25.049046284352], [121.61270703989, 25.048939588667], [121.61229907982, 25.048285586802], [121.61219998932, 25.047500410069], [121.61153788217, 25.047477362266], [121.61103493291, 25.046872047402], [121.61100266991, 25.046245142548], [121.61127903409, 25.04571341684], [121.61128423755, 25.044947400692], [121.61108825767, 25.044555835765], [121.61050179424, 25.044317220098], [121.60925253238, 25.044234329007], [121.60913664864, 25.044095838896], [121.60893954652, 25.043344748094], [121.60868058622, 25.043160806551], [121.6085854766, 25.042571786839], [121.60844337599, 25.039863778139], [121.60858223187, 25.038336777679], [121.60806226632, 25.038394795137], [121.60567527089, 25.037486932353], [121.60371431511, 25.037197047332], [121.602465308, 25.036694331226], [121.6016954155, 25.038381447189], [121.60116353491, 25.040238423465], [121.60035371189, 25.041790530042], [121.60048180882, 25.043001520889], [121.6003272692, 25.04678854703], [121.60141038025, 25.049105523981], [121.60355044251, 25.050225150006], [121.60591630357, 25.04979494819], [121.60658032809, 25.049764970866], [121.60724432557, 25.049994934641], [121.60737932426, 25.050367911445], [121.60685931509, 25.050593955466], [121.60659638445, 25.050967926219], [121.60520447979, 25.051927063084], [121.60508947784, 25.052496086697], [121.61477113832, 25.054142351784], [121.61476761006, 25.054398452296], [121.61489017338, 25.054402322601], [121.61481580673, 25.054908235294], [121.61513777898, 25.054906902117], [121.6152418852, 25.055275154629], [121.61556170055, 25.055249368144]]]]}, "id": "A6309-002-00"}, {"type": "Feature", "properties": {"county": "台北市", "town": "南港區", "village": "東明里"}, "geometry": {"type": "MultiPolygon", "coordinates": [[[[121.60651173633, 25.052686583335], [121.59865058958, 25.051657705216], [121.59548984162, 25.051409399125], [121.59475972834, 25.054408705457], [121.59558626655, 25.054457495714], [121.59817826022, 25.054074749974], [121.59941073301, 25.054335741441], [121.59988253517, 25.054745862645], [121.60111673052, 25.054567527864], [121.60214980422, 25.054739867494], [121.60302536003, 25.055113275414], [121.60414901992, 25.055925650887], [121.60579572421, 25.056086308549], [121.60651173633, 25.052686583335]]]]}, "id": "A6309-007-00"}, {"type": "Feature", "properties": {"county": "台北市", "town": "松山區", "village": "龍田里"}, "geometry": {"type": "MultiPolygon", "coordinates": [[[[121.56046699676, 25.053984946857], [121.55286968678, 25.053362620885], [121.55299214419, 25.056233278193], [121.55563824784, 25.056250562898], [121.56025010712, 25.056613610877], [121.56046699676, 25.053984946857]]]]}, "id": "A6301-012-00"}, {"type": "Feature", "properties": {"county": "台北市", "town": "松山區", "village": "中華里"}, "geometry": {"type": "MultiPolygon", "coordinates": [[[[121.55299214419, 25.056233278193], [121.55286968678, 25.053362620885], [121.55262852543, 25.053254685259], [121.55258221706, 25.051649826835], [121.54898397072, 25.051742123281], [121.54901291763, 25.055727406424], [121.54997581721, 25.05594588415], [121.55132990543, 25.056614184251], [121.55226048226, 25.056579118693], [121.55299214419, 25.056233278193]]]]}, "id": "A6301-015-00"}, {"type": "Feature", "properties": {"county": "台北市", "town": "大同區", "village": "永樂里"}, "geometry": {"type": "MultiPolygon", "coordinates": [[[[121.51186056004, 25.052083418287], [121.51047973696, 25.052035457053], [121.51029822861, 25.053300082502], [121.50868511865, 25.053429622937], [121.5064048162, 25.054029234289], [121.50656988564, 25.054908204038], [121.50658402068, 25.056815299475], [121.51160705149, 25.056963121553], [121.51186056004, 25.052083418287]]]]}, "id": "A6306-005-00"}, {"type": "Feature", "properties": {"county": "台北市", "town": "松山區", "village": "美仁里"}, "geometry": {"type": "MultiPolygon", "coordinates": [[[[121.54991248264, 25.051718315035], [121.5551116251, 25.051612636927], [121.55473140593, 25.050721359571], [121.55419524634, 25.04816020006], [121.54894326096, 25.048188443335], [121.54898397072, 25.051742123281], [121.54991248264, 25.051718315035]]]]}, "id": "A6301-028-00"}, {"type": "Feature", "properties": {"county": "台北市", "town": "中山區", "village": "力行里"}, "geometry": {"type": "MultiPolygon", "coordinates": [[[[121.54404015124, 25.051840510286], [121.54396046113, 25.048261398804], [121.53671333525, 25.048409235563], [121.53680360244, 25.052015292152], [121.54404015124, 25.051840510286]]]]}, "id": "A6304-039-00"}, {"type": "Feature", "properties": {"county": "台北市", "town": "中山區", "village": "朱園里"}, "geometry": {"type": "MultiPolygon", "coordinates": [[[[121.53680360244, 25.052015292152], [121.53664748889, 25.046063550355], [121.53568213185, 25.045680294342], [121.53464884046, 25.044970759909], [121.53288036522, 25.045498697174], [121.5330191054, 25.052064383279], [121.53680360244, 25.052015292152]]]]}, "id": "A6304-036-00"}, {"type": "Feature", "properties": {"county": "台北市", "town": "中山區", "village": "正義里"}, "geometry": {"type": "MultiPolygon", "coordinates": [[[[121.52841453031, 25.049860267185], [121.52959122746, 25.048222621842], [121.52934819731, 25.048053318763], [121.52459996873, 25.049132542708], [121.52539046207, 25.05212385531], [121.52768109403, 25.052129045431], [121.52841453031, 25.049860267185]]]]}, "id": "A6304-002-00"}, {"type": "Feature", "properties": {"county": "台北市", "town": "中山區", "village": "興亞里"}, "geometry": {"type": "MultiPolygon", "coordinates": [[[[121.53009398011, 25.052075461596], [121.5330191054, 25.052064383279], [121.53288719657, 25.04581332907], [121.53125828529, 25.046794086827], [121.53104631095, 25.04673318206], [121.52965646739, 25.04793642948], [121.52810340681, 25.05054503264], [121.52768109403, 25.052129045431], [121.53009398011, 25.052075461596]]]]}, "id": "A6304-032-00"}, {"type": "Feature", "properties": {"county": "台北市", "town": "中山區", "village": "正得里"}, "geometry": {"type": "MultiPolygon", "coordinates": [[[[121.52445984563, 25.052165557679], [121.52539046207, 25.05212385531], [121.52423402474, 25.047817965796], [121.52076478596, 25.048091288114], [121.52213080385, 25.050961274981], [121.52254494478, 25.052251346542], [121.52445984563, 25.052165557679]]]]}, "id": "A6304-003-00"}, {"type": "Feature", "properties": {"county": "台北市", "town": "南港區", "village": "新光里"}, "geometry": {"type": "MultiPolygon", "coordinates": [[[[121.60089024395, 25.047908339051], [121.6003272692, 25.04678854703], [121.60048180882, 25.043001520889], [121.60035371189, 25.041790530042], [121.60116353491, 25.040238423465], [121.6016954155, 25.038381447189], [121.602465308, 25.036694331226], [121.60024125751, 25.035412457504], [121.59832906707, 25.034814595288], [121.5974700745, 25.034298614928], [121.59631952911, 25.037539675816], [121.59594457789, 25.038193705526], [121.59553157874, 25.038673530432], [121.595213311, 25.038693237262], [121.59477834965, 25.039440008245], [121.59416789726, 25.039535405753], [121.59370322574, 25.040824272484], [121.59384491972, 25.04101864917], [121.59450420432, 25.041044107003], [121.59470159511, 25.041228211795], [121.5945589458, 25.042611813607], [121.59410179032, 25.042697691358], [121.5940056006, 25.043320653425], [121.59371422617, 25.043543479369], [121.59375620495, 25.044001554758], [121.59354209696, 25.044658455436], [121.59394574214, 25.045199322133], [121.59384025717, 25.045354001887], [121.59329187561, 25.045368182985], [121.59365041887, 25.046022282026], [121.59359858007, 25.046190364177], [121.59339791807, 25.046431998923], [121.59231626299, 25.045954954402], [121.59016615716, 25.046482787588], [121.58962374874, 25.047723851594], [121.58969457854, 25.047981458422], [121.59074078625, 25.048427280486], [121.59103323069, 25.048778624137], [121.59090090104, 25.049699396686], [121.5940189612, 25.050437531072], [121.59377178275, 25.051151094581], [121.59550668711, 25.051411932558], [121.59865058958, 25.051657705216], [121.60508947784, 25.052496086697], [121.60520447979, 25.051927063084], [121.60659638445, 25.050967926219], [121.60685931509, 25.050593955466], [121.60737932426, 25.050367911445], [121.60724432557, 25.049994934641], [121.60658032809, 25.049764970866], [121.60379538803, 25.050233093171], [121.603253374, 25.050123154988], [121.60150341205, 25.049207536576], [121.60089024395, 25.047908339051]]]]}, "id": "A6309-006-00"}, {"type": "Feature", "properties": {"county": "台北市", "town": "松山區", "village": "慈祐里"}, "geometry": {"type": "MultiPolygon", "coordinates": [[[[121.58010288267, 25.049257313018], [121.57272900226, 25.049377065303], [121.56929002902, 25.049191192127], [121.57047414361, 25.051266241389], [121.57221024991, 25.05254711847], [121.57345419542, 25.051861748637], [121.57513609994, 25.051855606867], [121.57980407408, 25.052969435442], [121.58004996126, 25.051404366328], [121.57966892871, 25.050445339026], [121.58010288267, 25.049257313018]]]]}, "id": "A6301-018-00"}, {"type": "Feature", "properties": {"county": "台北市", "town": "大同區", "village": "建泰里"}, "geometry": {"type": "MultiPolygon", "coordinates": [[[[121.51770990235, 25.053240816686], [121.52048049714, 25.052622413848], [121.52020206822, 25.050169673579], [121.51548782889, 25.051252361977], [121.51611529685, 25.053644880153], [121.51770990235, 25.053240816686]]]]}, "id": "A6306-004-00"}, {"type": "Feature", "properties": {"county": "台北市", "town": "松山區", "village": "東勢里"}, "geometry": {"type": "MultiPolygon", "coordinates": [[[[121.55739734387, 25.051562202376], [121.55258221706, 25.051649826835], [121.55262852543, 25.053254685259], [121.55664793976, 25.053606621698], [121.55739734387, 25.051562202376]]]]}, "id": "A6301-014-00"}, {"type": "Feature", "properties": {"county": "台北市", "town": "大同區", "village": "玉泉里"}, "geometry": {"type": "MultiPolygon", "coordinates": [[[[121.50816396823, 25.053550081083], [121.51029822861, 25.053300082502], [121.51047973696, 25.052035457053], [121.51186056004, 25.052083418287], [121.5120209767, 25.049959639688], [121.51146651306, 25.048474538464], [121.51098599901, 25.048039187313], [121.51069656673, 25.048164605974], [121.51030726332, 25.047986821941], [121.50983118271, 25.048106107104], [121.50989068404, 25.048205487267], [121.50764747462, 25.048613921641], [121.50592687775, 25.049111058994], [121.50489937333, 25.049700890048], [121.50614150113, 25.052613182066], [121.5064048162, 25.054029234289], [121.50816396823, 25.053550081083]]]]}, "id": "A6306-001-00"}, {"type": "Feature", "properties": {"county": "台北市", "town": "大同區", "village": "建功里"}, "geometry": {"type": "MultiPolygon", "coordinates": [[[[121.51611529685, 25.053644880153], [121.51548782889, 25.051252361977], [121.51393739839, 25.051629714178], [121.51332389685, 25.04947014589], [121.51200195525, 25.049912639115], [121.51186056004, 25.052083418287], [121.51321130301, 25.052956654723], [121.51311174547, 25.053976995219], [121.51471197944, 25.054069461767], [121.51611529685, 25.053644880153]]]]}, "id": "A6306-003-00"}, {"type": "Feature", "properties": {"county": "台北市", "town": "松山區", "village": "東光里"}, "geometry": {"type": "MultiPolygon", "coordinates": [[[[121.56385089242, 25.051990448207], [121.56384356162, 25.051407269324], [121.55739734387, 25.051562202376], [121.55664793976, 25.053606621698], [121.56389456405, 25.054167878066], [121.56385089242, 25.051990448207]]]]}, "id": "A6301-011-00"}, {"type": "Feature", "properties": {"county": "台北市", "town": "松山區", "village": "中正里"}, "geometry": {"type": "MultiPolygon", "coordinates": [[[[121.54899322179, 25.054372582259], [121.54894326096, 25.048188443335], [121.54662429141, 25.048231791373], [121.54394518636, 25.047575726506], [121.54409468447, 25.054571856062], [121.54899322179, 25.054372582259]]]]}, "id": "A6301-026-00"}, {"type": "Feature", "properties": {"county": "台北市", "town": "松山區", "village": "安平里"}, "geometry": {"type": "MultiPolygon", "coordinates": [[[[121.57031898543, 25.051842921295], [121.57041234638, 25.05126769479], [121.56384356162, 25.051407269324], [121.56389456405, 25.054167878066], [121.56982663661, 25.054510645448], [121.57031898543, 25.051842921295]]]]}, "id": "A6301-019-00"}, {"type": "Feature", "properties": {"county": "台北市", "town": "中山區", "village": "復華里"}, "geometry": {"type": "MultiPolygon", "coordinates": [[[[121.54214714832, 25.054638378775], [121.54409468447, 25.054571856062], [121.54404015124, 25.051840510286], [121.53680360244, 25.052015292152], [121.5368371151, 25.054766040457], [121.54214714832, 25.054638378775]]]]}, "id": "A6304-040-00"}, {"type": "Feature", "properties": {"county": "台北市", "town": "信義區", "village": "敦厚里"}, "geometry": {"type": "MultiPolygon", "coordinates": [[[[121.56931777297, 25.045629585612], [121.57029678579, 25.045601044155], [121.57017880006, 25.042315219875], [121.56979723458, 25.04232241017], [121.56934946546, 25.042812058124], [121.5685825392, 25.042875129058], [121.56828653973, 25.043226138841], [121.56776356617, 25.043369173475], [121.56764990637, 25.043709602995], [121.56688910232, 25.043321400361], [121.56582834734, 25.043406254902], [121.56718387101, 25.045691244344], [121.56931777297, 25.045629585612]]]]}, "id": "A6302-007-00"}, {"type": "Feature", "properties": {"county": "台北市", "town": "萬華區", "village": "萬壽里"}, "geometry": {"type": "MultiPolygon", "coordinates": [[[[121.5091452127, 25.045161431096], [121.50859730444, 25.043224437735], [121.50035398592, 25.045106259867], [121.50120876756, 25.046027651525], [121.50266037371, 25.045713636598], [121.50362579092, 25.046489609507], [121.5091452127, 25.045161431096]]]]}, "id": "A6307-002-00"}, {"type": "Feature", "properties": {"county": "台北市", "town": "南港區", "village": "成福里"}, "geometry": {"type": "MultiPolygon", "coordinates": [[[[121.59016615716, 25.046482787588], [121.59231626299, 25.045954954402], [121.59339791807, 25.046431998923], [121.59365041887, 25.046022282026], [121.59329187561, 25.045368182985], [121.59384025717, 25.045354001887], [121.59394574214, 25.045199322133], [121.59354209696, 25.044658455436], [121.59375620495, 25.044001554758], [121.59371422617, 25.043543479369], [121.5940056006, 25.043320653425], [121.59410179032, 25.042697691358], [121.5945589458, 25.042611813607], [121.59469908809, 25.041218384901], [121.59450420432, 25.041044107003], [121.59376366234, 25.040964975523], [121.59392646697, 25.040195672893], [121.59293779535, 25.040450883096], [121.59265677679, 25.040076215563], [121.59229277282, 25.040037216945], [121.59152689175, 25.04128230081], [121.59103987629, 25.041330287238], [121.59075892221, 25.041190280339], [121.59064382478, 25.040403316449], [121.59110385353, 25.040029311311], [121.59139371601, 25.038925261992], [121.59162375527, 25.03872724191], [121.59124663187, 25.037519214115], [121.59048869436, 25.037793279976], [121.59020477591, 25.0387913025], [121.58718304849, 25.042297509645], [121.58666812874, 25.043422574064], [121.58683639309, 25.044440565793], [121.58582394653, 25.046042340063], [121.58782702296, 25.046538607427], [121.59016615716, 25.046482787588]]]]}, "id": "A6309-011-00"}, {"type": "Feature", "properties": {"county": "台北市", "town": "中山區", "village": "埤頭里"}, "geometry": {"type": "MultiPolygon", "coordinates": [[[[121.54386170647, 25.044847606818], [121.54102201201, 25.044522140837], [121.53464884046, 25.044970759909], [121.53638456176, 25.046011134965], [121.53980313848, 25.046582493178], [121.54394518636, 25.047575726506], [121.54386170647, 25.044847606818]]]]}, "id": "A6304-037-00"}, {"type": "Feature", "properties": {"county": "台北市", "town": "中正區", "village": "梅花里"}, "geometry": {"type": "MultiPolygon", "coordinates": [[[[121.52423402474, 25.047817965796], [121.52611664029, 25.047423296073], [121.53288036522, 25.045498697174], [121.5328421915, 25.04233602242], [121.51963501419, 25.045680406507], [121.52076478596, 25.048091288114], [121.52423402474, 25.047817965796]]]]}, "id": "A6305-025-00"}, {"type": "Feature", "properties": {"county": "台北市", "town": "南港區", "village": "萬福里"}, "geometry": {"type": "MultiPolygon", "coordinates": [[[[121.58701540807, 25.046391875705], [121.58582394653, 25.046042340063], [121.58620281764, 25.045428464004], [121.58432126389, 25.044532784992], [121.5841356226, 25.044786514588], [121.58340928631, 25.044208799748], [121.58284882251, 25.043452303078], [121.58195071322, 25.044219394456], [121.58403758442, 25.04706406287], [121.58509363154, 25.048021530592], [121.58592028274, 25.04729260197], [121.58692881816, 25.046744514649], [121.58701540807, 25.046391875705]]]]}, "id": "A6309-012-00"}, {"type": "Feature", "properties": {"county": "台北市", "town": "松山區", "village": "復源里"}, "geometry": {"type": "MultiPolygon", "coordinates": [[[[121.55419524634, 25.04816020006], [121.55509711469, 25.048090924383], [121.55555604618, 25.044693311464], [121.55404490486, 25.044380163112], [121.55386502526, 25.046080222572], [121.55412873402, 25.047021555792], [121.55400152326, 25.047213972967], [121.55419524634, 25.04816020006]]]]}, "id": "A6301-031-00"}, {"type": "Feature", "properties": {"county": "台北市", "town": "松山區", "village": "敦化里"}, "geometry": {"type": "MultiPolygon", "coordinates": [[[[121.55251470984, 25.046177398246], [121.55244995702, 25.044474388761], [121.54892892474, 25.044837126604], [121.54894326096, 25.048188443335], [121.55258044977, 25.048199169732], [121.55251470984, 25.046177398246]]]]}, "id": "A6301-030-00"}, {"type": "Feature", "properties": {"county": "台北市", "town": "松山區", "village": "吉仁里"}, "geometry": {"type": "MultiPolygon", "coordinates": [[[[121.55416791247, 25.048161770895], [121.55400152326, 25.047213972967], [121.55412873402, 25.047021555792], [121.55386502526, 25.046080222572], [121.55404490486, 25.044380163112], [121.55244995702, 25.044474388761], [121.55258044977, 25.048199169732], [121.55416791247, 25.048161770895]]]]}, "id": "A6301-029-00"}, {"type": "Feature", "properties": {"county": "台北市", "town": "松山區", "village": "福成里"}, "geometry": {"type": "MultiPolygon", "coordinates": [[[[121.54744756269, 25.048217897145], [121.54894326096, 25.048188443335], [121.54892892474, 25.044837126604], [121.54674023639, 25.045109837844], [121.54686256688, 25.048220921243], [121.54744756269, 25.048217897145]]]]}, "id": "A6301-034-00"}, {"type": "Feature", "properties": {"county": "台北市", "town": "松山區", "village": "中崙里"}, "geometry": {"type": "MultiPolygon", "coordinates": [[[[121.54686256688, 25.048220921243], [121.54674023639, 25.045109837844], [121.54386170647, 25.044847606818], [121.54394518636, 25.047575726506], [121.54686256688, 25.048220921243]]]]}, "id": "A6301-027-00"}, {"type": "Feature", "properties": {"county": "台北市", "town": "松山區", "village": "復建里"}, "geometry": {"type": "MultiPolygon", "coordinates": [[[[121.55777635823, 25.045725471466], [121.5577620369, 25.045073753204], [121.55555604618, 25.044693311464], [121.55509711469, 25.048090924383], [121.55783033719, 25.04819273125], [121.55777635823, 25.045725471466]]]]}, "id": "A6301-032-00"}, {"type": "Feature", "properties": {"county": "台北市", "town": "中山區", "village": "朱崙里"}, "geometry": {"type": "MultiPolygon", "coordinates": [[[[121.54335429399, 25.048274069899], [121.54396046113, 25.048261398804], [121.54394518636, 25.047575726506], [121.5405580465, 25.046738776714], [121.53664748889, 25.046063550355], [121.53671333525, 25.048409235563], [121.54335429399, 25.048274069899]]]]}, "id": "A6304-038-00"}, {"type": "Feature", "properties": {"county": "台北市", "town": "信義區", "village": "五常里"}, "geometry": {"type": "MultiPolygon", "coordinates": [[[[121.57527278633, 25.046084103942], [121.57550008867, 25.046079177217], [121.57549162231, 25.04550529616], [121.57035842323, 25.045630357202], [121.57166132498, 25.046622068097], [121.57485244401, 25.048394370304], [121.57487564541, 25.047317752822], [121.57456740633, 25.047330860518], [121.5745885016, 25.04695558384], [121.57552947272, 25.046934949705], [121.57551783723, 25.046544591094], [121.57528857109, 25.046543845927], [121.57527278633, 25.046084103942]]]]}, "id": "A6302-012-00"}, {"type": "Feature", "properties": {"county": "台北市", "town": "松山區", "village": "復盛里"}, "geometry": {"type": "MultiPolygon", "coordinates": [[[[121.5658134145, 25.048280834558], [121.56298593189, 25.047301699219], [121.55776429859, 25.045174342485], [121.55783033719, 25.04819273125], [121.5655702177, 25.048973248908], [121.5658134145, 25.048280834558]]]]}, "id": "A6301-025-00"}, {"type": "Feature", "properties": {"county": "台北市", "town": "中山區", "village": "正守里"}, "geometry": {"type": "MultiPolygon", "coordinates": [[[[121.5295032851, 25.048159913048], [121.53104631095, 25.04673318206], [121.53125828529, 25.046794086827], [121.53288719657, 25.04581332907], [121.53288036522, 25.045498697174], [121.52611664029, 25.047423296073], [121.52423402474, 25.047817965796], [121.52459996873, 25.049132542708], [121.52934819731, 25.048053318763], [121.5295032851, 25.048159913048]]]]}, "id": "A6304-001-00"}, {"type": "Feature", "properties": {"county": "台北市", "town": "信義區", "village": "新仁里"}, "geometry": {"type": "MultiPolygon", "coordinates": [[[[121.56718387101, 25.045691244344], [121.56450000408, 25.041168507784], [121.55766783842, 25.041353326217], [121.55776429859, 25.045174342485], [121.56298593189, 25.047301699219], [121.5658134145, 25.048280834558], [121.56929002902, 25.049191192127], [121.56718387101, 25.045691244344]]]]}, "id": "A6302-005-00"}, {"type": "Feature", "properties": {"county": "台北市", "town": "中正區", "village": "黎明里"}, "geometry": {"type": "MultiPolygon", "coordinates": [[[[121.51897384387, 25.048407773266], [121.52076478596, 25.048091288114], [121.51954758099, 25.045485971938], [121.51770981057, 25.039099931455], [121.51557538118, 25.039596729839], [121.51299168658, 25.039966079469], [121.51322788852, 25.042320341756], [121.51334568162, 25.049409772004], [121.51546588454, 25.048920770645], [121.51897384387, 25.048407773266]]]]}, "id": "A6305-024-00"}, {"type": "Feature", "properties": {"county": "台北市", "town": "南港區", "village": "東新里"}, "geometry": {"type": "MultiPolygon", "coordinates": [[[[121.6057694002, 25.056079788475], [121.60414901992, 25.055925650887], [121.60302536003, 25.055113275414], [121.60214980422, 25.054739867494], [121.60111673052, 25.054567527864], [121.59988253517, 25.054745862645], [121.59941073301, 25.054335741441], [121.59817826022, 25.054074749974], [121.59558626655, 25.054457495714], [121.59475972834, 25.054408705457], [121.59456763218, 25.054831659178], [121.59500690076, 25.054877052388], [121.60014324479, 25.057071148567], [121.60265505753, 25.057657092519], [121.60534767929, 25.05788164097], [121.6057694002, 25.056079788475]]]]}, "id": "A6309-005-00"}, {"type": "Feature", "properties": {"county": "台北市", "town": "松山區", "village": "東昌里"}, "geometry": {"type": "MultiPolygon", "coordinates": [[[[121.55563824784, 25.056250562898], [121.55299214419, 25.056233278193], [121.55294859707, 25.058070329048], [121.55527944904, 25.058274620788], [121.55563824784, 25.056250562898]]]]}, "id": "A6301-013-00"}, {"type": "Feature", "properties": {"county": "台北市", "town": "松山區", "village": "介壽里"}, "geometry": {"type": "MultiPolygon", "coordinates": [[[[121.56176773516, 25.05673935607], [121.55563824784, 25.056250562898], [121.55527944904, 25.058274620788], [121.5615786535, 25.058744416266], [121.56176773516, 25.05673935607]]]]}, "id": "A6301-009-00"}, {"type": "Feature", "properties": {"county": "台北市", "town": "松山區", "village": "富泰里"}, "geometry": {"type": "MultiPolygon", "coordinates": [[[[121.56607829116, 25.0577282947], [121.56614229458, 25.057086061307], [121.5636022735, 25.056887199183], [121.56340195187, 25.058877831984], [121.56594454555, 25.059078078339], [121.56607829116, 25.0577282947]]]]}, "id": "A6301-008-00"}, {"type": "Feature", "properties": {"county": "台北市", "town": "南港區", "village": "西新里"}, "geometry": {"type": "MultiPolygon", "coordinates": [[[[121.59456763218, 25.054831659178], [121.59548984162, 25.051409399125], [121.58897271763, 25.050397515963], [121.58840628601, 25.053043814654], [121.58778426318, 25.054944746201], [121.58734427554, 25.05521573457], [121.58937931318, 25.056545693769], [121.59208366752, 25.059180153024], [121.59456763218, 25.054831659178]]]]}, "id": "A6309-008-00"}, {"type": "Feature", "properties": {"county": "台北市", "town": "大同區", "village": "雙連里"}, "geometry": {"type": "MultiPolygon", "coordinates": [[[[121.52066545498, 25.057665984936], [121.51557284352, 25.057031231291], [121.51378774823, 25.056994294076], [121.51362442792, 25.05925943135], [121.51483696938, 25.059373861556], [121.51479992014, 25.059554985749], [121.51768269357, 25.060239649229], [121.5204444803, 25.060347696491], [121.52072814098, 25.058710675022], [121.52066545498, 25.057665984936]]]]}, "id": "A6306-011-00"}, {"type": "Feature", "properties": {"county": "台北市", "town": "中山區", "village": "江山里"}, "geometry": {"type": "MultiPolygon", "coordinates": [[[[121.54421021876, 25.06017985878], [121.54415315066, 25.057762518212], [121.53693887316, 25.057867977967], [121.53700226775, 25.060289341207], [121.54421021876, 25.06017985878]]]]}, "id": "A6304-029-00"}, {"type": "Feature", "properties": {"county": "台北市", "town": "中山區", "village": "中庄里"}, "geometry": {"type": "MultiPolygon", "coordinates": [[[[121.53254667481, 25.060344692976], [121.53314837589, 25.060337366285], [121.53314357878, 25.057936350586], [121.52760312248, 25.05803781774], [121.52760719929, 25.060310643563], [121.53254667481, 25.060344692976]]]]}, "id": "A6304-023-00"}, {"type": "Feature", "properties": {"county": "台北市", "town": "南港區", "village": "重陽里"}, "geometry": {"type": "MultiPolygon", "coordinates": [[[[121.5963784037, 25.059676960427], [121.59796432396, 25.059193940106], [121.59941127275, 25.059033800326], [121.60314525838, 25.059137259883], [121.60495218495, 25.059385161025], [121.60534767929, 25.05788164097], [121.60237560693, 25.057622279521], [121.60047664215, 25.057177640302], [121.59500690076, 25.054877052388], [121.59456763218, 25.054831659178], [121.59208366752, 25.059180153024], [121.59247047915, 25.059599580473], [121.59375351823, 25.060115184592], [121.59469851121, 25.060188150157], [121.5963784037, 25.059676960427]]]]}, "id": "A6309-020-00"}, {"type": "Feature", "properties": {"county": "台北市", "town": "南港區", "village": "南港里"}, "geometry": {"type": "MultiPolygon", "coordinates": [[[[121.61146232979, 25.056266764994], [121.61316682271, 25.055361480519], [121.6152418852, 25.055275154629], [121.61523672794, 25.054993727826], [121.61481580673, 25.054908235294], [121.61489017338, 25.054402322601], [121.61476761006, 25.054398452296], [121.61477113832, 25.054142351784], [121.60651173633, 25.052686583335], [121.60495218495, 25.059385161025], [121.60692519173, 25.059657099866], [121.60858215854, 25.060277022973], [121.60916311855, 25.058840048717], [121.60980448282, 25.059111414785], [121.61016536048, 25.05644572263], [121.6110268589, 25.05652120445], [121.61146232979, 25.056266764994]]]]}, "id": "A6309-001-00"}, {"type": "Feature", "properties": {"county": "台北市", "town": "大同區", "village": "大有里"}, "geometry": {"type": "MultiPolygon", "coordinates": [[[[121.5115000103, 25.058321645775], [121.51160705149, 25.056963121553], [121.50658402068, 25.056815299475], [121.50619123152, 25.060404382186], [121.51137161235, 25.060668932382], [121.5115000103, 25.058321645775]]]]}, "id": "A6306-009-00"}, {"type": "Feature", "properties": {"county": "台北市", "town": "大同區", "village": "延平里"}, "geometry": {"type": "MultiPolygon", "coordinates": [[[[121.51362442792, 25.05925943135], [121.51378774823, 25.056994294076], [121.51160705149, 25.056963121553], [121.51137161235, 25.060668932382], [121.51355069096, 25.060788139567], [121.51362442792, 25.05925943135]]]]}, "id": "A6306-010-00"}, {"type": "Feature", "properties": {"county": "台北市", "town": "中山區", "village": "聚盛里"}, "geometry": {"type": "MultiPolygon", "coordinates": [[[[121.52760719929, 25.060310643563], [121.52760312248, 25.05803781774], [121.52423441938, 25.058074122258], [121.52288592946, 25.057929814719], [121.52297414621, 25.060966558691], [121.52371473318, 25.060908563283], [121.52373581581, 25.060326560588], [121.52760719929, 25.060310643563]]]]}, "id": "A6304-007-00"}, {"type": "Feature", "properties": {"county": "台北市", "town": "大同區", "village": "隆和里"}, "geometry": {"type": "MultiPolygon", "coordinates": [[[[121.51473817164, 25.062961075565], [121.51121694783, 25.062980979976], [121.51112338746, 25.064626910365], [121.51035433292, 25.064596772983], [121.51034420495, 25.065927412929], [121.51371198027, 25.065971295376], [121.51368920413, 25.064781094594], [121.51530163131, 25.064428007136], [121.51473817164, 25.062961075565]]]]}, "id": "A6306-015-00"}, {"type": "Feature", "properties": {"county": "台北市", "town": "大同區", "village": "蓬萊里"}, "geometry": {"type": "MultiPolygon", "coordinates": [[[[121.51939407782, 25.062869207578], [121.51473817164, 25.062961075565], [121.51530163131, 25.064428007136], [121.51368920413, 25.064781094594], [121.51371198027, 25.065971295376], [121.51835563904, 25.065880300819], [121.51835977266, 25.066076349757], [121.51954348884, 25.066079376184], [121.5192792507, 25.064423819637], [121.51939407782, 25.062869207578]]]]}, "id": "A6306-016-00"}, {"type": "Feature", "properties": {"county": "台北市", "town": "中山區", "village": "晴光里"}, "geometry": {"type": "MultiPolygon", "coordinates": [[[[121.5277438348, 25.066631670412], [121.52773376247, 25.064849607756], [121.52224347834, 25.06492786133], [121.52244592925, 25.066836643475], [121.5277438348, 25.066631670412]]]]}, "id": "A6304-011-00"}, {"type": "Feature", "properties": {"county": "台北市", "town": "松山區", "village": "民福里"}, "geometry": {"type": "MultiPolygon", "coordinates": [[[[121.55080279104, 25.061516781366], [121.54794067527, 25.06204937325], [121.54424563007, 25.062205878787], [121.54430987635, 25.066934326379], [121.54721854971, 25.06530720054], [121.54763675472, 25.064712850619], [121.54826476142, 25.064424502232], [121.55112089688, 25.062277313797], [121.55080279104, 25.061516781366]]]]}, "id": "A6301-017-00"}, {"type": "Feature", "properties": {"county": "台北市", "town": "內湖區", "village": "石潭里"}, "geometry": {"type": "MultiPolygon", "coordinates": [[[[121.60393727707, 25.067590654596], [121.60474104956, 25.067065093622], [121.60519775087, 25.066211839426], [121.60462755786, 25.065259821253], [121.60575957204, 25.064637803593], [121.5965088892, 25.063352073175], [121.59688179395, 25.062868061088], [121.59689781819, 25.062378982938], [121.59684930831, 25.062203279266], [121.59645059388, 25.062214630671], [121.59682967609, 25.060518107437], [121.5963784037, 25.059676960427], [121.59469851121, 25.060188150157], [121.59375351823, 25.060115184592], [121.59247047915, 25.059599580473], [121.58937931318, 25.056545693769], [121.58734427554, 25.05521573457], [121.58619555117, 25.057617830434], [121.58556119391, 25.057379467538], [121.58476044834, 25.058877118236], [121.58501355627, 25.059059950555], [121.58486912112, 25.059404478411], [121.58360211123, 25.061334752348], [121.58430061605, 25.062048210641], [121.58532812445, 25.063764283618], [121.58570005196, 25.065349905053], [121.58568455403, 25.0663190577], [121.58765859392, 25.065401863863], [121.58770423749, 25.066113954187], [121.5905910516, 25.064853776948], [121.59108906109, 25.065338733597], [121.59131449927, 25.066879544346], [121.59565670575, 25.065242110207], [121.59564966542, 25.06490390034], [121.59586911143, 25.064830548553], [121.59765400958, 25.065458452977], [121.59770165632, 25.065875524753], [121.5995285512, 25.066516808892], [121.60072698082, 25.06617020242], [121.60076598338, 25.065941672775], [121.60155308513, 25.065373206913], [121.6024932842, 25.065499238751], [121.60393727707, 25.067590654596]]]]}, "id": "A6310-028-00"}, {"type": "Feature", "properties": {"county": "台北市", "town": "中山區", "village": "行仁里"}, "geometry": {"type": "MultiPolygon", "coordinates": [[[[121.54103187928, 25.068107475337], [121.54085889691, 25.062368430173], [121.5370618423, 25.062400001711], [121.53704709715, 25.064310816482], [121.5383181477, 25.064333541664], [121.53836108769, 25.068150548118], [121.54103187928, 25.068107475337]]]]}, "id": "A6304-025-00"}, {"type": "Feature", "properties": {"county": "台北市", "town": "中山區", "village": "行孝里"}, "geometry": {"type": "MultiPolygon", "coordinates": [[[[121.53836108769, 25.068150548118], [121.5383181477, 25.064333541664], [121.53704709715, 25.064310816482], [121.53680410466, 25.065032127104], [121.53631155986, 25.065719930318], [121.53370225166, 25.067744440827], [121.53336323203, 25.068240425027], [121.53836108769, 25.068150548118]]]]}, "id": "A6304-026-00"}, {"type": "Feature", "properties": {"county": "台北市", "town": "中山區", "village": "行政里"}, "geometry": {"type": "MultiPolygon", "coordinates": [[[[121.53336323203, 25.068240425027], [121.53370225166, 25.067744440827], [121.53608932418, 25.065932973262], [121.53666406321, 25.065277757476], [121.53707597989, 25.064162787436], [121.5370618423, 25.062400001711], [121.53318666597, 25.062475571655], [121.53325736853, 25.06824328531], [121.53336323203, 25.068240425027]]]]}, "id": "A6304-024-00"}, {"type": "Feature", "properties": {"county": "台北市", "town": "中山區", "village": "新喜里"}, "geometry": {"type": "MultiPolygon", "coordinates": [[[[121.53325736853, 25.06824328531], [121.53323470756, 25.064757848033], [121.53038330054, 25.064839180256], [121.53046794635, 25.068296062975], [121.53325736853, 25.06824328531]]]]}, "id": "A6304-018-00"}, {"type": "Feature", "properties": {"county": "台北市", "town": "內湖區", "village": "週美里"}, "geometry": {"type": "MultiPolygon", "coordinates": [[[[121.58610446028, 25.057582964477], [121.58734427554, 25.05521573457], [121.58618024196, 25.054456743262], [121.58305825564, 25.0535022354], [121.58093147609, 25.053155907824], [121.58041485221, 25.054720599829], [121.57954683709, 25.05447739994], [121.57924593932, 25.05536256297], [121.58004104363, 25.055677942083], [121.57993558562, 25.055918914434], [121.5792182238, 25.055526739931], [121.57786962564, 25.057713731039], [121.58059828618, 25.059134525854], [121.58360211123, 25.061334752348], [121.58486912112, 25.059404478411], [121.58501355627, 25.059059950555], [121.58476044834, 25.058877118236], [121.58556119391, 25.057379467538], [121.58610446028, 25.057582964477]]]]}, "id": "A6310-026-00"}, {"type": "Feature", "properties": {"county": "台北市", "town": "松山區", "village": "民有里"}, "geometry": {"type": "MultiPolygon", "coordinates": [[[[121.54991830498, 25.06167916156], [121.55080279104, 25.061516781366], [121.54902374906, 25.057712069479], [121.54415315066, 25.057762518212], [121.54424563007, 25.062205878787], [121.54794067527, 25.06204937325], [121.54991830498, 25.06167916156]]]]}, "id": "A6301-016-00"}, {"type": "Feature", "properties": {"county": "台北市", "town": "中山區", "village": "江寧里"}, "geometry": {"type": "MultiPolygon", "coordinates": [[[[121.54085889691, 25.062368430173], [121.54378418267, 25.062344037275], [121.54424563007, 25.062205878787], [121.54421021876, 25.06017985878], [121.53700226775, 25.060289341207], [121.5370618423, 25.062400001711], [121.54085889691, 25.062368430173]]]]}, "id": "A6304-028-00"}, {"type": "Feature", "properties": {"county": "台北市", "town": "中山區", "village": "松江里"}, "geometry": {"type": "MultiPolygon", "coordinates": [[[[121.5370618423, 25.062400001711], [121.53693887316, 25.057867977967], [121.53314357878, 25.057936350586], [121.53318666597, 25.062475571655], [121.5370618423, 25.062400001711]]]]}, "id": "A6304-021-00"}, {"type": "Feature", "properties": {"county": "台北市", "town": "松山區", "village": "東榮里"}, "geometry": {"type": "MultiPolygon", "coordinates": [[[[121.5615786535, 25.058744416266], [121.55527944904, 25.058274620788], [121.55459365752, 25.061917268823], [121.55732368371, 25.062059335989], [121.56019195067, 25.062451565039], [121.56027888525, 25.061452745189], [121.56134052338, 25.061609149376], [121.5615786535, 25.058744416266]]]]}, "id": "A6301-003-00"}, {"type": "Feature", "properties": {"county": "台北市", "town": "中山區", "village": "新生里"}, "geometry": {"type": "MultiPolygon", "coordinates": [[[[121.53318666597, 25.062475571655], [121.53314837589, 25.060337366285], [121.52760719929, 25.060310643563], [121.52772364179, 25.062641666015], [121.53318666597, 25.062475571655]]]]}, "id": "A6304-022-00"}, {"type": "Feature", "properties": {"county": "台北市", "town": "中山區", "village": "聚葉里"}, "geometry": {"type": "MultiPolygon", "coordinates": [[[[121.52772364179, 25.062641666015], [121.52760719929, 25.060310643563], [121.52373581581, 25.060326560588], [121.52371473318, 25.060908563283], [121.52297414621, 25.060966558691], [121.52260767768, 25.06280063635], [121.52772364179, 25.062641666015]]]]}, "id": "A6304-009-00"}, {"type": "Feature", "properties": {"county": "台北市", "town": "松山區", "village": "三民里"}, "geometry": {"type": "MultiPolygon", "coordinates": [[[[121.56340195187, 25.058877831984], [121.5636022735, 25.056887199183], [121.56176773516, 25.05673935607], [121.56134052338, 25.061609149376], [121.56027888525, 25.061452745189], [121.56019195067, 25.062451565039], [121.56306762947, 25.06284474672], [121.56340195187, 25.058877831984]]]]}, "id": "A6301-004-00"}, {"type": "Feature", "properties": {"county": "台北市", "town": "大同區", "village": "民權里"}, "geometry": {"type": "MultiPolygon", "coordinates": [[[[121.51473817164, 25.062961075565], [121.51939407782, 25.062869207578], [121.5204444803, 25.060347696491], [121.51768269357, 25.060239649229], [121.51479992014, 25.059554985749], [121.51483696938, 25.059373861556], [121.51362442792, 25.05925943135], [121.51362321428, 25.063024323059], [121.51473817164, 25.062961075565]]]]}, "id": "A6306-013-00"}, {"type": "Feature", "properties": {"county": "台北市", "town": "松山區", "village": "富錦里"}, "geometry": {"type": "MultiPolygon", "coordinates": [[[[121.56553144501, 25.060772914316], [121.56594454555, 25.059078078339], [121.56340195187, 25.058877831984], [121.56306762947, 25.06284474672], [121.56495242857, 25.063113344036], [121.56520666032, 25.061624686488], [121.56553144501, 25.060772914316]]]]}, "id": "A6301-006-00"}, {"type": "Feature", "properties": {"county": "台北市", "town": "大同區", "village": "南芳里"}, "geometry": {"type": "MultiPolygon", "coordinates": [[[[121.51121694783, 25.062980979976], [121.51362321428, 25.063024323059], [121.51355069096, 25.060788139567], [121.50619123152, 25.060404382186], [121.50607831205, 25.061435447122], [121.50667775965, 25.063783087756], [121.51121694783, 25.062980979976]]]]}, "id": "A6306-012-00"}, {"type": "Feature", "properties": {"county": "台北市", "town": "松山區", "village": "新益里"}, "geometry": {"type": "MultiPolygon", "coordinates": [[[[121.56563379654, 25.060480816361], [121.56520666032, 25.061624686488], [121.56495242857, 25.063113344036], [121.56828416903, 25.063565586816], [121.56898794076, 25.059302723996], [121.56839899434, 25.059276570884], [121.56680896827, 25.06099665657], [121.56563379654, 25.060480816361]]]]}, "id": "A6301-005-00"}, {"type": "Feature", "properties": {"county": "台北市", "town": "松山區", "village": "新東里"}, "geometry": {"type": "MultiPolygon", "coordinates": [[[[121.57164247614, 25.054165253937], [121.57165744277, 25.053814231786], [121.57221024991, 25.05254711847], [121.57041234638, 25.05126769479], [121.56933096268, 25.057347700676], [121.56614229458, 25.057086061307], [121.56589508603, 25.059652084557], [121.56563379654, 25.060480816361], [121.56680896827, 25.06099665657], [121.56839899434, 25.059276570884], [121.56898794076, 25.059302723996], [121.56828416903, 25.063565586816], [121.56938795869, 25.063890627221], [121.57090692355, 25.060045444936], [121.57153668767, 25.056843264093], [121.57164247614, 25.054165253937]]]]}, "id": "A6301-007-00"}, {"type": "Feature", "properties": {"county": "台北市", "town": "中山區", "village": "新福里"}, "geometry": {"type": "MultiPolygon", "coordinates": [[[[121.53038330054, 25.064839180256], [121.53323470756, 25.064757848033], [121.53318666597, 25.062475571655], [121.52772364179, 25.062641666015], [121.52773376247, 25.064849607756], [121.53038330054, 25.064839180256]]]]}, "id": "A6304-020-00"}, {"type": "Feature", "properties": {"county": "台北市", "town": "南港區", "village": "三重里"}, "geometry": {"type": "MultiPolygon", "coordinates": [[[[121.61629936613, 25.063952411312], [121.61847424681, 25.063173188818], [121.61946919588, 25.06267415803], [121.62036891613, 25.061915121321], [121.62171983597, 25.060225018155], [121.62220270723, 25.058988909712], [121.62334450339, 25.057180591777], [121.62237752738, 25.057021928082], [121.62114754551, 25.055968966778], [121.62091654557, 25.055485977411], [121.62097149836, 25.054921975106], [121.61949951553, 25.054733998172], [121.61664372137, 25.055145505052], [121.61316682271, 25.055361480519], [121.6110268589, 25.05652120445], [121.61016536048, 25.05644572263], [121.60980448282, 25.059111414785], [121.60916311855, 25.058840048717], [121.60858215854, 25.060277022973], [121.61018218238, 25.061049932731], [121.61164743675, 25.062564844033], [121.61260649286, 25.064129869012], [121.61385846791, 25.064574513325], [121.61629936613, 25.063952411312]]]]}, "id": "A6309-004-00"}, {"type": "Feature", "properties": {"county": "台北市", "town": "中山區", "village": "恆安里"}, "geometry": {"type": "MultiPolygon", "coordinates": [[[[121.52773376247, 25.064849607756], [121.52772364179, 25.062641666015], [121.52260767768, 25.06280063635], [121.52224347834, 25.06492786133], [121.52773376247, 25.064849607756]]]]}, "id": "A6304-010-00"}, {"type": "Feature", "properties": {"county": "台北市", "town": "內湖區", "village": "蘆洲里"}, "geometry": {"type": "MultiPolygon", "coordinates": [[[[121.61088631494, 25.065225724276], [121.61127508852, 25.063802982292], [121.611955995, 25.063067906934], [121.61164743675, 25.062564844033], [121.61018218238, 25.061049932731], [121.60906317897, 25.060457979399], [121.60692519173, 25.059657099866], [121.60314525838, 25.059137259883], [121.59941127275, 25.059033800326], [121.59796432396, 25.059193940106], [121.5963784037, 25.059676960427], [121.59682967609, 25.060518107437], [121.59645059388, 25.062214630671], [121.59684930831, 25.062203279266], [121.59689781819, 25.062378982938], [121.59688179395, 25.062868061088], [121.5965088892, 25.063352073175], [121.61088631494, 25.065225724276]]]]}, "id": "A6310-037-00"}, {"type": "Feature", "properties": {"county": "台北市", "town": "大同區", "village": "景星里"}, "geometry": {"type": "MultiPolygon", "coordinates": [[[[121.51121694783, 25.062980979976], [121.50667775965, 25.063783087756], [121.50692386077, 25.06573846752], [121.51034420495, 25.065927412929], [121.51035433292, 25.064596772983], [121.51112338746, 25.064626910365], [121.51121694783, 25.062980979976]]]]}, "id": "A6306-014-00"}, {"type": "Feature", "properties": {"county": "台北市", "town": "大同區", "village": "朝陽里"}, "geometry": {"type": "MultiPolygon", "coordinates": [[[[121.51436949525, 25.054051631481], [121.51311174547, 25.053976995219], [121.51321130301, 25.052956654723], [121.51186056004, 25.052083418287], [121.51160705149, 25.056963121553], [121.51378774823, 25.056994294076], [121.51436949525, 25.054051631481]]]]}, "id": "A6306-006-00"}, {"type": "Feature", "properties": {"county": "台北市", "town": "松山區", "village": "自強里"}, "geometry": {"type": "MultiPolygon", "coordinates": [[[[121.56555265065, 25.055258198835], [121.56563223103, 25.054254947321], [121.56046699676, 25.053984946857], [121.56025010712, 25.056613610877], [121.56538778637, 25.057019906414], [121.56555265065, 25.055258198835]]]]}, "id": "A6301-021-00"}, {"type": "Feature", "properties": {"county": "台北市", "town": "大同區", "village": "星明里"}, "geometry": {"type": "MultiPolygon", "coordinates": [[[[121.51817749675, 25.054771513791], [121.51770990235, 25.053240816686], [121.51436949525, 25.054051631481], [121.51378774823, 25.056994294076], [121.51557284352, 25.057031231291], [121.51816913208, 25.057372848604], [121.51817749675, 25.054771513791]]]]}, "id": "A6306-007-00"}, {"type": "Feature", "properties": {"county": "台北市", "town": "松山區", "village": "鵬程里"}, "geometry": {"type": "MultiPolygon", "coordinates": [[[[121.56972307019, 25.055112834842], [121.56982663661, 25.054510645448], [121.56563223103, 25.054254947321], [121.56538778637, 25.057019906414], [121.56933096268, 25.057347700676], [121.56972307019, 25.055112834842]]]]}, "id": "A6301-020-00"}, {"type": "Feature", "properties": {"county": "台北市", "town": "大同區", "village": "光能里"}, "geometry": {"type": "MultiPolygon", "coordinates": [[[[121.52043069214, 25.053982533709], [121.52034549238, 25.052647925335], [121.51770990235, 25.053240816686], [121.51817749675, 25.054771513791], [121.51816913208, 25.057372848604], [121.52066545498, 25.057665984936], [121.52043069214, 25.053982533709]]]]}, "id": "A6306-008-00"}, {"type": "Feature", "properties": {"county": "台北市", "town": "松山區", "village": "松基里"}, "geometry": {"type": "MultiPolygon", "coordinates": [[[[121.54902374906, 25.057712069479], [121.54899322179, 25.054372582259], [121.54409468447, 25.054571856062], [121.54415315066, 25.057762518212], [121.54902374906, 25.057712069479]]]]}, "id": "A6301-035-00"}, {"type": "Feature", "properties": {"county": "台北市", "town": "中山區", "village": "龍洲里"}, "geometry": {"type": "MultiPolygon", "coordinates": [[[[121.54415315066, 25.057762518212], [121.54409468447, 25.054571856062], [121.54214714832, 25.054638378775], [121.54218881725, 25.057791224656], [121.54415315066, 25.057762518212]]]]}, "id": "A6304-035-00"}, {"type": "Feature", "properties": {"county": "台北市", "town": "內湖區", "village": "行善里"}, "geometry": {"type": "MultiPolygon", "coordinates": [[[[121.57931108239, 25.055170931169], [121.57954683709, 25.05447739994], [121.58041485221, 25.054720599829], [121.58093147609, 25.053155907824], [121.57513609994, 25.051855606867], [121.57345419542, 25.051861748637], [121.57221024991, 25.05254711847], [121.57165744277, 25.053814231786], [121.57164247614, 25.054165253937], [121.57430103926, 25.055896532428], [121.57786962564, 25.057713731039], [121.5792182238, 25.055526739931], [121.57993558562, 25.055918914434], [121.58004104363, 25.055677942083], [121.57924593932, 25.05536256297], [121.57931108239, 25.055170931169]]]]}, "id": "A6310-027-00"}, {"type": "Feature", "properties": {"county": "台北市", "town": "中山區", "village": "朱馥里"}, "geometry": {"type": "MultiPolygon", "coordinates": [[[[121.5418753323, 25.057795807596], [121.54218881725, 25.057791224656], [121.54214714832, 25.054638378775], [121.5368371151, 25.054766040457], [121.53693887316, 25.057867977967], [121.5418753323, 25.057795807596]]]]}, "id": "A6304-034-00"}, {"type": "Feature", "properties": {"county": "台北市", "town": "中山區", "village": "民安里"}, "geometry": {"type": "MultiPolygon", "coordinates": [[[[121.52273416827, 25.054996158937], [121.52248293578, 25.052002104467], [121.52165147434, 25.049850445069], [121.52076478596, 25.048091288114], [121.51897384387, 25.048407773266], [121.51993442225, 25.049647773646], [121.52031105055, 25.050621166296], [121.52066545498, 25.057665984936], [121.52288592946, 25.057929814719], [121.52273416827, 25.054996158937]]]]}, "id": "A6304-004-00"}, {"type": "Feature", "properties": {"county": "台北市", "town": "中山區", "village": "中央里"}, "geometry": {"type": "MultiPolygon", "coordinates": [[[[121.53693887316, 25.057867977967], [121.53680360244, 25.052015292152], [121.5330191054, 25.052064383279], [121.53314357878, 25.057936350586], [121.53693887316, 25.057867977967]]]]}, "id": "A6304-033-00"}, {"type": "Feature", "properties": {"county": "台北市", "town": "中山區", "village": "中吉里"}, "geometry": {"type": "MultiPolygon", "coordinates": [[[[121.53314357878, 25.057936350586], [121.5330191054, 25.052064383279], [121.53009398011, 25.052075461596], [121.53022032438, 25.057987558008], [121.53314357878, 25.057936350586]]]]}, "id": "A6304-030-00"}, {"type": "Feature", "properties": {"county": "台北市", "town": "中山區", "village": "中原里"}, "geometry": {"type": "MultiPolygon", "coordinates": [[[[121.53022032438, 25.057987558008], [121.53009398011, 25.052075461596], [121.52768109403, 25.052129045431], [121.52753764337, 25.053298172031], [121.52760312248, 25.05803781774], [121.53022032438, 25.057987558008]]]]}, "id": "A6304-031-00"}, {"type": "Feature", "properties": {"county": "台北市", "town": "中山區", "village": "中山里"}, "geometry": {"type": "MultiPolygon", "coordinates": [[[[121.52760312248, 25.05803781774], [121.52755584306, 25.054918043749], [121.52273416827, 25.054996158937], [121.52288592946, 25.057929814719], [121.52423441938, 25.058074122258], [121.52760312248, 25.05803781774]]]]}, "id": "A6304-006-00"}, {"type": "Feature", "properties": {"county": "台北市", "town": "大同區", "village": "鄰江里"}, "geometry": {"type": "MultiPolygon", "coordinates": [[[[121.51380362437, 25.072060058426], [121.51378215915, 25.070544045783], [121.51230739726, 25.07056811305], [121.51227434957, 25.068672167278], [121.50709209541, 25.068771496123], [121.50702345956, 25.071863567056], [121.50687953833, 25.07229555501], [121.51380362437, 25.072060058426]]]]}, "id": "A6306-021-00"}, {"type": "Feature", "properties": {"county": "台北市", "town": "內湖區", "village": "明湖里"}, "geometry": {"type": "MultiPolygon", "coordinates": [[[[121.61256127601, 25.072529441913], [121.61285155482, 25.072536010547], [121.61324897681, 25.071910373746], [121.61353360392, 25.070968288127], [121.61389395479, 25.070865764677], [121.61355888824, 25.070639673222], [121.6133429351, 25.070848374861], [121.6118762283, 25.069802742624], [121.61150180499, 25.070266877424], [121.61032035169, 25.071123401469], [121.60886475179, 25.071962764716], [121.60918195238, 25.072916147234], [121.60973265081, 25.072896876676], [121.61027773793, 25.073125669542], [121.61147997754, 25.071985055778], [121.61169612069, 25.07223121821], [121.61257335837, 25.07224056228], [121.61256127601, 25.072529441913]]]]}, "id": "A6310-036-00"}, {"type": "Feature", "properties": {"county": "台北市", "town": "內湖區", "village": "葫洲里"}, "geometry": {"type": "MultiPolygon", "coordinates": [[[[121.60886475179, 25.071962764716], [121.61125333345, 25.070449297803], [121.61025712151, 25.06913747888], [121.60871058312, 25.070223602902], [121.60814829274, 25.069838511807], [121.60764999675, 25.069744388086], [121.60693151134, 25.070040754281], [121.60568403132, 25.069441164529], [121.6050396216, 25.068567022451], [121.60393727707, 25.067590654596], [121.60329798976, 25.067764435916], [121.60314602357, 25.067968478968], [121.60317804526, 25.068797485479], [121.6028014763, 25.069103820194], [121.60572809371, 25.073354452819], [121.60886475179, 25.071962764716]]]]}, "id": "A6310-018-00"}, {"type": "Feature", "properties": {"county": "台北市", "town": "內湖區", "village": "湖元里"}, "geometry": {"type": "MultiPolygon", "coordinates": [[[[121.57955872058, 25.073402315654], [121.58435128971, 25.068800208711], [121.58782864134, 25.06907162384], [121.58765859392, 25.065401863863], [121.58568455403, 25.0663190577], [121.58570005196, 25.065349905053], [121.58532812445, 25.063764283618], [121.58430061605, 25.062048210641], [121.58373976522, 25.06144740442], [121.58059828618, 25.059134525854], [121.57437234511, 25.055937544532], [121.57164247614, 25.054165253937], [121.57153668767, 25.056843264093], [121.57090692355, 25.060045444936], [121.5693752999, 25.063922671959], [121.56954837563, 25.064877654425], [121.57180763801, 25.069197636859], [121.57183205817, 25.07219873568], [121.57311099634, 25.072452667151], [121.57400398387, 25.072329202235], [121.57919461843, 25.07375020144], [121.57955872058, 25.073402315654]]]]}, "id": "A6310-030-00"}, {"type": "Feature", "properties": {"county": "台北市", "town": "內湖區", "village": "樂康里"}, "geometry": {"type": "MultiPolygon", "coordinates": [[[[121.61949455567, 25.07336623836], [121.6206659991, 25.073281378946], [121.62060395237, 25.073023317057], [121.62136983781, 25.072094272259], [121.62157857299, 25.069854190543], [121.62032653549, 25.068682309157], [121.61977855414, 25.06865525333], [121.61879350783, 25.067766298438], [121.61771017662, 25.067624791466], [121.61758795563, 25.067917176643], [121.61804216791, 25.068110495403], [121.61831306451, 25.068433373719], [121.61914412471, 25.070674025855], [121.61786660224, 25.070766293988], [121.61779222205, 25.072202682492], [121.61751407997, 25.072565822911], [121.61659911109, 25.073108626871], [121.61787509685, 25.073772556283], [121.61820657199, 25.073471963582], [121.61949455567, 25.07336623836]]]]}, "id": "A6310-024-00"}, {"type": "Feature", "properties": {"county": "台北市", "town": "大同區", "village": "保安里"}, "geometry": {"type": "MultiPolygon", "coordinates": [[[[121.52071257798, 25.073643686128], [121.52040866756, 25.071895082527], [121.51380362437, 25.072060058426], [121.51384965591, 25.074583723777], [121.51733630672, 25.07466123186], [121.52071257798, 25.073643686128]]]]}, "id": "A6306-026-00"}, {"type": "Feature", "properties": {"county": "台北市", "town": "士林區", "village": "明勝里"}, "geometry": {"type": "MultiPolygon", "coordinates": [[[[121.52077634686, 25.080862987649], [121.52215644124, 25.080252173513], [121.52246537437, 25.080818683847], [121.52428611486, 25.08040411336], [121.52592550092, 25.074833993338], [121.52500252097, 25.074153034869], [121.52378868863, 25.076212166281], [121.52171374382, 25.077576039206], [121.51822989759, 25.078990274793], [121.51624804326, 25.080253392187], [121.5182392547, 25.080749276808], [121.51930351837, 25.081517385009], [121.52077634686, 25.080862987649]]]]}, "id": "A6311-014-00"}, {"type": "Feature", "properties": {"county": "台北市", "town": "內湖區", "village": "康寧里"}, "geometry": {"type": "MultiPolygon", "coordinates": [[[[121.61556028114, 25.074677676401], [121.61494025246, 25.074537676857], [121.61486327775, 25.074791712903], [121.61372430534, 25.074730785107], [121.61365023771, 25.072533685182], [121.61256127601, 25.072529441913], [121.61257335837, 25.07224056228], [121.61169612069, 25.07223121821], [121.61147997754, 25.071985055778], [121.61027773793, 25.073125669542], [121.60973265081, 25.072896876676], [121.60918195238, 25.072916147234], [121.60914329728, 25.07405429248], [121.60935541339, 25.074432507849], [121.61021121149, 25.075191942525], [121.60989564619, 25.075364616361], [121.60995575314, 25.076925095129], [121.61021627331, 25.077012032452], [121.61025894471, 25.07770378953], [121.60987257679, 25.07852891335], [121.60984454708, 25.079082751046], [121.60964554993, 25.079207795983], [121.60876555617, 25.079132680687], [121.60889682612, 25.079636447504], [121.61006699525, 25.080203360828], [121.611118011, 25.081212365862], [121.61180294669, 25.080273233211], [121.61204071, 25.079551284144], [121.61181958425, 25.077915229921], [121.6137375505, 25.077354850232], [121.61476642192, 25.076811737185], [121.61558431365, 25.075281712163], [121.61556028114, 25.074677676401]]]]}, "id": "A6310-035-00"}, {"type": "Feature", "properties": {"county": "台北市", "town": "內湖區", "village": "港墘里"}, "geometry": {"type": "MultiPolygon", "coordinates": [[[[121.57316493833, 25.080781435381], [121.57887226104, 25.0786223156], [121.57959530858, 25.078496844938], [121.57956020063, 25.078013058317], [121.57891726496, 25.07769406807], [121.57925328916, 25.07725403461], [121.57832200351, 25.076344308667], [121.57813037537, 25.076329933289], [121.57829231273, 25.075816638816], [121.57695431816, 25.075147132956], [121.57919461843, 25.07375020144], [121.57400398387, 25.072329202235], [121.57311099634, 25.072452667151], [121.57183205817, 25.07219873568], [121.57111615772, 25.07410184325], [121.57002526331, 25.075579943755], [121.56955446781, 25.075794443523], [121.57011587021, 25.076940020828], [121.56869351067, 25.077408698727], [121.57087591316, 25.0815314302], [121.57316493833, 25.080781435381]]]]}, "id": "A6310-005-00"}, {"type": "Feature", "properties": {"county": "台北市", "town": "內湖區", "village": "紫星里"}, "geometry": {"type": "MultiPolygon", "coordinates": [[[[121.59425162971, 25.079642760916], [121.59302689095, 25.079086777834], [121.59308639104, 25.078360448038], [121.59261415205, 25.07799293484], [121.59248710483, 25.077604922172], [121.59248098307, 25.076383948736], [121.59285890823, 25.075147897908], [121.59259792797, 25.075182889772], [121.59131186542, 25.07430894956], [121.59004915604, 25.075025507525], [121.59030185585, 25.076118146179], [121.58946615182, 25.07918403539], [121.5897484237, 25.079560844133], [121.59234288562, 25.082124631853], [121.59425162971, 25.079642760916]]]]}, "id": "A6310-011-00"}, {"type": "Feature", "properties": {"county": "台北市", "town": "士林區", "village": "富光里"}, "geometry": {"type": "MultiPolygon", "coordinates": [[[[121.51023554404, 25.082664629599], [121.51061623249, 25.080974484984], [121.51149103893, 25.078650917925], [121.50927480484, 25.078158576031], [121.5046810153, 25.07789467909], [121.50330633366, 25.081248559124], [121.50747291587, 25.08246939835], [121.50792578543, 25.082737365346], [121.51023554404, 25.082664629599]]]]}, "id": "A6311-016-00"}, {"type": "Feature", "properties": {"county": "台北市", "town": "士林區", "village": "福華里"}, "geometry": {"type": "MultiPolygon", "coordinates": [[[[121.51951312248, 25.082480630717], [121.51955575357, 25.082085191307], [121.51979561909, 25.082267010346], [121.52115903512, 25.081765718841], [121.52253412686, 25.081008106517], [121.52215644124, 25.080252173513], [121.51930351837, 25.081517385009], [121.5182392547, 25.080749276808], [121.51624804326, 25.080253392187], [121.51468245122, 25.082441480631], [121.51655442098, 25.083189961374], [121.51680304589, 25.083148718725], [121.51682215793, 25.083286637705], [121.51767215389, 25.083209834694], [121.51941001707, 25.083436999939], [121.51951312248, 25.082480630717]]]]}, "id": "A6311-013-00"}, {"type": "Feature", "properties": {"county": "台北市", "town": "內湖區", "village": "港都里"}, "geometry": {"type": "MultiPolygon", "coordinates": [[[[121.57823822574, 25.082201472099], [121.57806407529, 25.081079765918], [121.57686111928, 25.079441356073], [121.57445540716, 25.080328634072], [121.57500783471, 25.081670076512], [121.57288855591, 25.082257300931], [121.57327326368, 25.083565299169], [121.57823822574, 25.082201472099]]]]}, "id": "A6310-006-00"}, {"type": "Feature", "properties": {"county": "台北市", "town": "內湖區", "village": "東湖里"}, "geometry": {"type": "MultiPolygon", "coordinates": [[[[121.61659911109, 25.073108626871], [121.61751407997, 25.072565822911], [121.61779222205, 25.072202682492], [121.61786660224, 25.070766293988], [121.61914412471, 25.070674025855], [121.61831306451, 25.068433373719], [121.61804216791, 25.068110495403], [121.61758795563, 25.067917176643], [121.61511261992, 25.068565211793], [121.61601830067, 25.070246475975], [121.6154111156, 25.07237305025], [121.61553592268, 25.073934615917], [121.6151285876, 25.074590593889], [121.61556028114, 25.074677676401], [121.61659911109, 25.073108626871]]]]}, "id": "A6310-023-00"}, {"type": "Feature", "properties": {"county": "台北市", "town": "內湖區", "village": "安湖里"}, "geometry": {"type": "MultiPolygon", "coordinates": [[[[121.6151285876, 25.074590593889], [121.61553592268, 25.073934615917], [121.6154111156, 25.07237305025], [121.6159966072, 25.070156560834], [121.61511261992, 25.068565211793], [121.61405467549, 25.068799543507], [121.61211603138, 25.068873241312], [121.6118762283, 25.069802742624], [121.6133429351, 25.070848374861], [121.61355888824, 25.070639673222], [121.61389395479, 25.070865764677], [121.61353360392, 25.070968288127], [121.61324897681, 25.071910373746], [121.61285155482, 25.072536010547], [121.61365023771, 25.072533685182], [121.61372430534, 25.074730785107], [121.61486327775, 25.074791712903], [121.61494025246, 25.074537676857], [121.6151285876, 25.074590593889]]]]}, "id": "A6310-031-00"}, {"type": "Feature", "properties": {"county": "台北市", "town": "內湖區", "village": "寶湖里"}, "geometry": {"type": "MultiPolygon", "coordinates": [[[[121.59004915604, 25.075025507525], [121.58975049459, 25.071544427278], [121.59086947496, 25.068942883857], [121.59035972359, 25.06495495639], [121.58770423749, 25.066113954187], [121.58782864134, 25.06907162384], [121.58435128971, 25.068800208711], [121.58037905827, 25.072606420999], [121.58131291051, 25.072610819043], [121.58347992449, 25.073186389469], [121.58586791879, 25.073325240598], [121.58719296508, 25.074377217526], [121.59004915604, 25.075025507525]]]]}, "id": "A6310-039-00"}, {"type": "Feature", "properties": {"county": "台北市", "town": "松山區", "village": "莊敬里"}, "geometry": {"type": "MultiPolygon", "coordinates": [[[[121.56955446781, 25.075794443523], [121.57002526331, 25.075579943755], [121.57111615772, 25.07410184325], [121.57183205817, 25.07219873568], [121.57180763801, 25.069197636859], [121.56954837563, 25.064877654425], [121.56938795869, 25.063890627221], [121.56828416903, 25.063565586816], [121.56379516785, 25.062948734369], [121.56358737713, 25.064300953295], [121.56394539534, 25.06433896154], [121.56381248954, 25.065166989197], [121.56439769857, 25.065279583307], [121.56438213365, 25.065781813465], [121.56339098073, 25.067336509409], [121.56417411566, 25.067765546128], [121.56511966786, 25.067637029348], [121.56791972362, 25.068794814554], [121.56785997669, 25.069704191928], [121.56628973785, 25.069763967022], [121.56576370433, 25.06949798777], [121.56502177146, 25.069522031891], [121.56445977248, 25.070006055399], [121.56154884425, 25.070138603701], [121.56014083153, 25.070041621942], [121.55807988475, 25.070394749796], [121.55480591621, 25.070380927619], [121.55485016532, 25.071713016793], [121.55471415316, 25.071812033457], [121.55247114189, 25.071889384757], [121.55239614773, 25.071502404005], [121.5518531663, 25.071555438146], [121.5514981479, 25.071388454305], [121.55034612273, 25.071531507545], [121.55031400848, 25.070999535429], [121.54948154971, 25.070999025854], [121.54971423475, 25.072231212416], [121.55105746465, 25.072256643156], [121.55222075975, 25.073439939644], [121.55223045583, 25.075758542342], [121.55488637695, 25.075376084574], [121.55741431112, 25.074594895452], [121.56043318388, 25.073020769037], [121.56201413263, 25.072466634401], [121.56356415864, 25.072591156771], [121.56809928136, 25.07546200443], [121.56955446781, 25.075794443523]]]]}, "id": "A6301-002-00"}, {"type": "Feature", "properties": {"county": "台北市", "town": "內湖區", "village": "湖興里"}, "geometry": {"type": "MultiPolygon", "coordinates": [[[[121.6028014763, 25.069103820194], [121.60317804526, 25.068797485479], [121.60314602357, 25.067968478968], [121.60329798976, 25.067764435916], [121.60393070863, 25.067593730063], [121.6024932842, 25.065499238751], [121.60155308513, 25.065373206913], [121.60076598338, 25.065941672775], [121.60072698082, 25.06617020242], [121.5995285512, 25.066516808892], [121.59770165632, 25.065875524753], [121.59765400958, 25.065458452977], [121.59577698387, 25.064836706993], [121.59564966542, 25.06490390034], [121.59565670575, 25.065242110207], [121.59129219149, 25.066881808033], [121.59108906109, 25.065338733597], [121.5905910516, 25.064853776948], [121.59035972359, 25.06495495639], [121.59086947496, 25.068942883857], [121.58975049459, 25.071544427278], [121.59004915604, 25.075025507525], [121.59131186542, 25.07430894956], [121.59259792797, 25.075182889772], [121.59354691066, 25.07509250804], [121.59443295219, 25.075717474827], [121.59491087957, 25.075520442028], [121.59557287734, 25.075768343429], [121.59666144879, 25.073205978487], [121.59773521255, 25.073108571175], [121.59773265586, 25.072581876643], [121.59839451093, 25.072600223652], [121.59950820001, 25.073013699187], [121.59937950429, 25.071257014489], [121.59989348294, 25.07140102188], [121.6028014763, 25.069103820194]]]]}, "id": "A6310-029-00"}, {"type": "Feature", "properties": {"county": "台北市", "town": "內湖區", "village": "瑞光里"}, "geometry": {"type": "MultiPolygon", "coordinates": [[[[121.58382322177, 25.075003375325], [121.58379890008, 25.073209333067], [121.58082793593, 25.07254788828], [121.58037905827, 25.072606420999], [121.57919461843, 25.07375020144], [121.57695431816, 25.075147132956], [121.57930903448, 25.076360799712], [121.57947568181, 25.076063469522], [121.57983470375, 25.076194024203], [121.58022934972, 25.075489549931], [121.58061030101, 25.075653435048], [121.58109570254, 25.074567589714], [121.58245094898, 25.07497963757], [121.58259828234, 25.074579898499], [121.58287687389, 25.074605379592], [121.58356367471, 25.075003315294], [121.58382322177, 25.075003375325]]]]}, "id": "A6310-021-00"}, {"type": "Feature", "properties": {"county": "台北市", "town": "中山區", "village": "新庄里"}, "geometry": {"type": "MultiPolygon", "coordinates": [[[[121.5334395666, 25.076888566346], [121.53340137554, 25.074692215312], [121.53267581588, 25.074148497951], [121.53341610255, 25.072421364553], [121.53343643756, 25.070603929212], [121.53325338855, 25.068850123398], [121.53336323203, 25.068240425027], [121.53046794635, 25.068296062975], [121.53038330054, 25.064839180256], [121.52773376247, 25.064849607756], [121.52785110592, 25.071134793654], [121.52663141823, 25.072744865123], [121.52743636752, 25.072937848197], [121.52800345201, 25.073506832681], [121.52817351063, 25.074229819214], [121.52794955945, 25.075372887427], [121.52819660357, 25.076067881079], [121.52873265791, 25.076622887179], [121.52949665862, 25.076926792074], [121.5334395666, 25.076888566346]]]]}, "id": "A6304-019-00"}, {"type": "Feature", "properties": {"county": "台北市", "town": "中山區", "village": "圓山里"}, "geometry": {"type": "MultiPolygon", "coordinates": [[[[121.52500252097, 25.074153034869], [121.5254124551, 25.073227997963], [121.52606743417, 25.072822979434], [121.52663141823, 25.072744865123], [121.52785110592, 25.071134793654], [121.5277438348, 25.066631670412], [121.52244592925, 25.066836643475], [121.52288866381, 25.068457035989], [121.51993474651, 25.068530662619], [121.52072410081, 25.073723266811], [121.52233269272, 25.077169000466], [121.52378868863, 25.076212166281], [121.52500252097, 25.074153034869]]]]}, "id": "A6304-012-00"}, {"type": "Feature", "properties": {"county": "台北市", "town": "中山區", "village": "大佳里"}, "geometry": {"type": "MultiPolygon", "coordinates": [[[[121.55024866412, 25.077311816285], [121.55020442584, 25.075976625833], [121.55223045583, 25.075758542342], [121.55222075975, 25.073439939644], [121.55105746465, 25.072256643156], [121.54971423475, 25.072231212416], [121.54948154971, 25.070999025854], [121.54366805066, 25.071116843975], [121.53971304438, 25.071323279221], [121.53851724612, 25.071545315855], [121.53849100038, 25.069539377036], [121.53865844882, 25.069027421332], [121.53916022814, 25.068763669344], [121.54070196037, 25.068638085131], [121.54101912721, 25.068460343929], [121.54103187928, 25.068107475337], [121.53336323203, 25.068240425027], [121.53325338855, 25.068850123398], [121.53343643756, 25.070603929212], [121.53341610255, 25.072421364553], [121.53267581588, 25.074148497951], [121.53340137554, 25.074692215312], [121.5334395666, 25.076888566346], [121.54437492221, 25.076461293077], [121.5443957269, 25.077465795047], [121.55024866412, 25.077311816285]]]]}, "id": "A6304-017-00"}, {"type": "Feature", "properties": {"county": "台北市", "town": "內湖區", "village": "瑞陽里"}, "geometry": {"type": "MultiPolygon", "coordinates": [[[[121.58382322177, 25.075003375325], [121.58356367471, 25.075003315294], [121.58287687389, 25.074605379592], [121.58259828234, 25.074579898499], [121.58245094898, 25.07497963757], [121.58109570254, 25.074567589714], [121.58061030101, 25.075653435048], [121.58022934972, 25.075489549931], [121.57983470375, 25.076194024203], [121.57947568181, 25.076063469522], [121.57930903448, 25.076360799712], [121.57829231273, 25.075816638816], [121.57813037537, 25.076329933289], [121.57832200351, 25.076344308667], [121.57925328916, 25.07725403461], [121.57891726496, 25.07769406807], [121.57956020063, 25.078013058317], [121.57959530858, 25.078496844938], [121.58388472496, 25.078523115732], [121.58382322177, 25.075003375325]]]]}, "id": "A6310-020-00"}, {"type": "Feature", "properties": {"county": "台北市", "town": "大同區", "village": "老師里"}, "geometry": {"type": "MultiPolygon", "coordinates": [[[[121.51379371121, 25.079428169477], [121.51392004432, 25.078483063756], [121.51380362437, 25.072060058426], [121.50687953833, 25.07229555501], [121.50574278759, 25.075695607215], [121.5046810153, 25.07789467909], [121.50927480484, 25.078158576031], [121.51090169951, 25.078459303177], [121.5126871509, 25.079230925968], [121.51379371121, 25.079428169477]]]]}, "id": "A6306-024-00"}, {"type": "Feature", "properties": {"county": "台北市", "town": "內湖區", "village": "金湖里"}, "geometry": {"type": "MultiPolygon", "coordinates": [[[[121.60918195238, 25.072916147234], [121.60886475179, 25.071962764716], [121.60572809371, 25.073354452819], [121.6028014763, 25.069103820194], [121.59989348294, 25.07140102188], [121.59937950429, 25.071257014489], [121.59950820001, 25.073013699187], [121.59839451093, 25.072600223652], [121.59773265586, 25.072581876643], [121.59773521255, 25.073108571175], [121.59666144879, 25.073205978487], [121.59557287734, 25.075768343429], [121.59722990313, 25.076602290033], [121.60120874894, 25.075740115808], [121.60173473717, 25.075743040075], [121.6019987995, 25.075988011292], [121.60262786192, 25.077906025003], [121.6025799469, 25.078273069121], [121.60433586425, 25.07846767952], [121.60482580861, 25.077822634578], [121.60711074744, 25.077774480169], [121.60719374059, 25.079339987096], [121.60893985833, 25.079674373444], [121.60876555617, 25.079132680687], [121.60981644834, 25.079119225693], [121.60996376198, 25.078234036732], [121.61025894471, 25.07770378953], [121.61021627331, 25.077012032452], [121.60995575314, 25.076925095129], [121.60989564619, 25.075364616361], [121.61021121149, 25.075191942525], [121.60935541339, 25.074432507849], [121.60914329728, 25.07405429248], [121.60918195238, 25.072916147234]]]]}, "id": "A6310-034-00"}, {"type": "Feature", "properties": {"county": "台北市", "town": "大同區", "village": "重慶里"}, "geometry": {"type": "MultiPolygon", "coordinates": [[[[121.52107196699, 25.077846907862], [121.52233269272, 25.077169000466], [121.52071257798, 25.073643686128], [121.51733630672, 25.07466123186], [121.51384965591, 25.074583723777], [121.51392004432, 25.078483063756], [121.51379371121, 25.079428169477], [121.51451423391, 25.079277373222], [121.51624804326, 25.080253392187], [121.51822989759, 25.078990274793], [121.52107196699, 25.077846907862]]]]}, "id": "A6306-025-00"}, {"type": "Feature", "properties": {"county": "台北市", "town": "內湖區", "village": "紫雲里"}, "geometry": {"type": "MultiPolygon", "coordinates": [[[[121.6025799469, 25.078273069121], [121.60262786192, 25.077906025003], [121.6019987995, 25.075988011292], [121.60156576107, 25.075698038056], [121.59722990313, 25.076602290033], [121.59518188223, 25.075597367265], [121.59491087957, 25.075520442028], [121.59443295219, 25.075717474827], [121.59354691066, 25.07509250804], [121.59285890823, 25.075147897908], [121.59248098307, 25.076383948736], [121.59248710483, 25.077604922172], [121.59261415205, 25.07799293484], [121.59308639104, 25.078360448038], [121.59302689095, 25.079086777834], [121.59554743881, 25.080174406128], [121.59580724536, 25.079901076152], [121.59533843685, 25.079587209559], [121.59605680411, 25.079276508534], [121.59597955813, 25.079161497242], [121.59612096322, 25.079088351686], [121.59640563615, 25.079051044676], [121.59650914363, 25.079297378493], [121.59683710525, 25.07943339168], [121.59691919801, 25.079120607091], [121.59741769184, 25.079219788656], [121.59759061416, 25.079848889049], [121.59781971108, 25.079902951254], [121.59788738243, 25.079330583492], [121.59901682807, 25.079604857168], [121.59914910407, 25.079826229767], [121.59990909422, 25.079639238391], [121.60016505532, 25.079127159244], [121.6005580311, 25.078829146262], [121.60154993194, 25.078449070312], [121.6025799469, 25.078273069121]]]]}, "id": "A6310-016-00"}, {"type": "Feature", "properties": {"county": "台北市", "town": "內湖區", "village": "紫陽里"}, "geometry": {"type": "MultiPolygon", "coordinates": [[[[121.58946615182, 25.07918403539], [121.59028587349, 25.076322377529], [121.59004915604, 25.075025507525], [121.58719296508, 25.074377217526], [121.58586791879, 25.073325240598], [121.58379890008, 25.073209333067], [121.58388472496, 25.078523115732], [121.58360521733, 25.078498471752], [121.58298468293, 25.079533816695], [121.58379736471, 25.079834499627], [121.58424436756, 25.079574419352], [121.58478036993, 25.079598401966], [121.585553396, 25.080049425468], [121.58629436957, 25.080207307458], [121.58683031632, 25.080133318427], [121.58750033246, 25.079454301352], [121.58837354736, 25.08063527142], [121.58867552867, 25.080571231966], [121.58946615182, 25.07918403539]]]]}, "id": "A6310-019-00"}, {"type": "Feature", "properties": {"county": "台北市", "town": "中山區", "village": "永安里"}, "geometry": {"type": "MultiPolygon", "coordinates": [[[[121.55156272871, 25.077718064067], [121.55061003855, 25.077303306095], [121.5443957269, 25.077465795047], [121.54445001272, 25.079722282393], [121.5474138321, 25.079909179686], [121.54819470448, 25.080520700171], [121.54860127017, 25.081231270107], [121.54913941265, 25.081092475618], [121.55173375818, 25.081057699599], [121.55224668031, 25.079612363095], [121.55229246323, 25.078843635939], [121.55193734197, 25.078063586611], [121.55156272871, 25.077718064067]]]]}, "id": "A6304-016-00"}, {"type": "Feature", "properties": {"county": "台北市", "town": "中山區", "village": "集英里"}, "geometry": {"type": "MultiPolygon", "coordinates": [[[[121.52244592925, 25.066836643475], [121.5222445727, 25.06489819127], [121.5229702744, 25.06107061266], [121.52288592946, 25.057929814719], [121.52066545498, 25.057665984936], [121.52072814098, 25.058710675022], [121.52057126461, 25.059950756459], [121.51927416796, 25.063364996976], [121.51944939406, 25.063387582606], [121.5192792507, 25.064423819637], [121.51993474651, 25.068530662619], [121.52288866381, 25.068457035989], [121.52244592925, 25.066836643475]]]]}, "id": "A6304-008-00"}, {"type": "Feature", "properties": {"county": "台北市", "town": "中山區", "village": "下埤里"}, "geometry": {"type": "MultiPolygon", "coordinates": [[[[121.54430987635, 25.066934326379], [121.54424563007, 25.062205878787], [121.54378418267, 25.062344037275], [121.54085889691, 25.062368430173], [121.54101912721, 25.068460343929], [121.5420245567, 25.068207108235], [121.54430987635, 25.066934326379]]]]}, "id": "A6304-027-00"}, {"type": "Feature", "properties": {"county": "台北市", "town": "大同區", "village": "斯文里"}, "geometry": {"type": "MultiPolygon", "coordinates": [[[[121.51993474651, 25.068530662619], [121.51954348884, 25.066079376184], [121.51835977266, 25.066076349757], [121.51835563904, 25.065880300819], [121.51603066122, 25.06592850491], [121.51585169282, 25.068613769937], [121.51993474651, 25.068530662619]]]]}, "id": "A6306-020-00"}, {"type": "Feature", "properties": {"county": "台北市", "town": "大同區", "village": "揚雅里"}, "geometry": {"type": "MultiPolygon", "coordinates": [[[[121.51438496318, 25.068644343397], [121.51585169282, 25.068613769937], [121.51603066122, 25.06592850491], [121.51371198027, 25.065971295376], [121.51375057194, 25.068653403161], [121.51438496318, 25.068644343397]]]]}, "id": "A6306-019-00"}, {"type": "Feature", "properties": {"county": "台北市", "town": "大同區", "village": "國順里"}, "geometry": {"type": "MultiPolygon", "coordinates": [[[[121.51090638364, 25.068690379005], [121.51106351916, 25.065953791554], [121.50692386077, 25.06573846752], [121.50709209541, 25.068771496123], [121.51090638364, 25.068690379005]]]]}, "id": "A6306-017-00"}, {"type": "Feature", "properties": {"county": "台北市", "town": "內湖區", "village": "五分里"}, "geometry": {"type": "MultiPolygon", "coordinates": [[[[121.61511261992, 25.068565211793], [121.61758795563, 25.067917176643], [121.61771017662, 25.067624791466], [121.61754458366, 25.067515433995], [121.61800448632, 25.066397347301], [121.61774577159, 25.065222212055], [121.61639840011, 25.06428535341], [121.61629936613, 25.063952411312], [121.61385846791, 25.064574513325], [121.61260649286, 25.064129869012], [121.611955995, 25.063067906934], [121.61116156888, 25.064069552715], [121.61088516609, 25.065163950589], [121.61089684075, 25.065783028229], [121.6110404537, 25.066397815367], [121.61199298129, 25.068080327523], [121.61211603138, 25.068873241312], [121.61405467549, 25.068799543507], [121.61511261992, 25.068565211793]]]]}, "id": "A6310-022-00"}, {"type": "Feature", "properties": {"county": "台北市", "town": "大同區", "village": "國慶里"}, "geometry": {"type": "MultiPolygon", "coordinates": [[[[121.51378215915, 25.070544045783], [121.51371198027, 25.065971295376], [121.51106351916, 25.065953791554], [121.51090638364, 25.068690379005], [121.51227434957, 25.068672167278], [121.51230739726, 25.07056811305], [121.51378215915, 25.070544045783]]]]}, "id": "A6306-018-00"}, {"type": "Feature", "properties": {"county": "台北市", "town": "內湖區", "village": "南湖里"}, "geometry": {"type": "MultiPolygon", "coordinates": [[[[121.6118762283, 25.069802742624], [121.61209496146, 25.069145297475], [121.61205386769, 25.068239111396], [121.6110404537, 25.066397815367], [121.61088746955, 25.065287859058], [121.60575957204, 25.064637803593], [121.60462755786, 25.065259821253], [121.60519775087, 25.066211839426], [121.60474104956, 25.067065093622], [121.60393727707, 25.067590654596], [121.60605672273, 25.069686607342], [121.60693151134, 25.070040754281], [121.60764999675, 25.069744388086], [121.60798352262, 25.069790954761], [121.60871058312, 25.070223602902], [121.61025712151, 25.06913747888], [121.61125333345, 25.070449297803], [121.6118762283, 25.069802742624]]]]}, "id": "A6310-040-00"}, {"type": "Feature", "properties": {"county": "台北市", "town": "松山區", "village": "精忠里"}, "geometry": {"type": "MultiPolygon", "coordinates": [[[[121.56379516785, 25.062948734369], [121.55732368371, 25.062059335989], [121.55459365752, 25.061917268823], [121.55527944904, 25.058274620788], [121.55294859707, 25.058070329048], [121.55299214419, 25.056233278193], [121.55226048226, 25.056579118693], [121.55132990543, 25.056614184251], [121.54997581721, 25.05594588415], [121.54901291763, 25.055727406424], [121.54902374906, 25.057712069479], [121.55112089688, 25.062277313797], [121.54826476142, 25.064424502232], [121.54763675472, 25.064712850619], [121.54721854971, 25.06530720054], [121.5420245567, 25.068207108235], [121.54115929981, 25.068381791073], [121.54053914099, 25.068699702161], [121.53916022814, 25.068763669344], [121.53865844882, 25.069027421332], [121.53849100038, 25.069539377036], [121.53851724612, 25.071545315855], [121.53971304438, 25.071323279221], [121.54366805066, 25.071116843975], [121.55031400848, 25.070999535429], [121.55034612273, 25.071531507545], [121.5514981479, 25.071388454305], [121.5518531663, 25.071555438146], [121.55239614773, 25.071502404005], [121.55247114189, 25.071889384757], [121.55471415316, 25.071812033457], [121.55485016532, 25.071713016793], [121.55480591621, 25.070380927619], [121.55807988475, 25.070394749796], [121.56014083153, 25.070041621942], [121.56154884425, 25.070138603701], [121.56445977248, 25.070006055399], [121.56502177146, 25.069522031891], [121.56576370433, 25.06949798777], [121.56628973785, 25.069763967022], [121.56785997669, 25.069704191928], [121.56791972362, 25.068794814554], [121.56511966786, 25.067637029348], [121.56417411566, 25.067765546128], [121.56339098073, 25.067336509409], [121.56438213365, 25.065781813465], [121.56439769857, 25.065279583307], [121.56381248954, 25.065166989197], [121.56394539534, 25.06433896154], [121.56358737713, 25.064300953295], [121.56379516785, 25.062948734369]]]]}, "id": "A6301-010-00"}, {"type": "Feature", "properties": {"county": "台北市", "town": "大同區", "village": "至聖里"}, "geometry": {"type": "MultiPolygon", "coordinates": [[[[121.52040866756, 25.071895082527], [121.51993474651, 25.068530662619], [121.51375057194, 25.068653403161], [121.51380362437, 25.072060058426], [121.52040866756, 25.071895082527]]]]}, "id": "A6306-022-00"}, {"type": "Feature", "properties": {"county": "台北市", "town": "士林區", "village": "葫東里"}, "geometry": {"type": "MultiPolygon", "coordinates": [[[[121.51399859503, 25.084998486404], [121.51395255641, 25.084077517972], [121.51268994036, 25.083962838943], [121.51203104337, 25.083729308461], [121.51194456131, 25.083938325378], [121.51008427566, 25.083423652147], [121.50926313501, 25.086800415925], [121.51079516905, 25.087246884552], [121.51365896485, 25.089215497518], [121.51399859503, 25.084998486404]]]]}, "id": "A6311-018-00"}, {"type": "Feature", "properties": {"county": "台北市", "town": "內湖區", "village": "湖濱里"}, "geometry": {"type": "MultiPolygon", "coordinates": [[[[121.58865190057, 25.085461343407], [121.58899582976, 25.085104327153], [121.58929679305, 25.084330249409], [121.58993772566, 25.083672197099], [121.58997369869, 25.083108193098], [121.59079292694, 25.08061683796], [121.58946615182, 25.07918403539], [121.58867552867, 25.080571231966], [121.58837354736, 25.08063527142], [121.58750033246, 25.079454301352], [121.58683031632, 25.080133318427], [121.58629436957, 25.080207307458], [121.585553396, 25.080049425468], [121.58478036993, 25.079598401966], [121.58424436756, 25.079574419352], [121.58379736471, 25.079834499627], [121.58298468293, 25.079533816695], [121.58125485872, 25.08184894435], [121.58060221548, 25.081913505096], [121.57998584207, 25.08325511825], [121.58001591279, 25.08391014518], [121.58043691783, 25.084634159191], [121.58066504123, 25.08542908138], [121.58034020182, 25.088851165912], [121.58077827536, 25.08913314242], [121.58100219909, 25.088274151258], [121.58207813139, 25.087511047245], [121.58200015445, 25.087829083696], [121.58215918234, 25.088154044745], [121.58303308551, 25.086673020115], [121.58364902482, 25.086269608523], [121.58418510947, 25.086173228857], [121.58462095296, 25.085825528743], [121.58591893332, 25.085597482429], [121.5871210184, 25.086728399464], [121.58811992382, 25.085720328356], [121.58865190057, 25.085461343407]]]]}, "id": "A6310-010-00"}, {"type": "Feature", "properties": {"county": "台北市", "town": "士林區", "village": "福中里"}, "geometry": {"type": "MultiPolygon", "coordinates": [[[[121.51819018067, 25.088933311763], [121.51989533711, 25.088652064928], [121.51950226745, 25.086825392428], [121.51941106966, 25.085127975419], [121.51728071405, 25.085345769364], [121.51722177635, 25.085085562741], [121.51676515036, 25.085072950686], [121.51676002145, 25.085226959866], [121.51399859503, 25.084998486404], [121.51365896485, 25.089215497518], [121.51534541836, 25.090305045858], [121.51549743145, 25.089388968211], [121.51819018067, 25.088933311763]]]]}, "id": "A6311-009-00"}, {"type": "Feature", "properties": {"county": "台北市", "town": "士林區", "village": "社新里"}, "geometry": {"type": "MultiPolygon", "coordinates": [[[[121.5053065877, 25.089429423055], [121.50694491743, 25.089566223024], [121.50754631459, 25.08937846645], [121.50887514706, 25.088006417974], [121.50928075161, 25.086737446225], [121.50920925383, 25.086575261676], [121.50770284214, 25.086088364111], [121.50678503858, 25.086042211935], [121.50514792046, 25.085593763393], [121.5013474343, 25.084914564141], [121.49967280904, 25.087698793563], [121.4987135204, 25.088498148144], [121.50130426663, 25.090506151703], [121.50380740188, 25.089141602468], [121.5053065877, 25.089429423055]]]]}, "id": "A6311-020-00"}, {"type": "Feature", "properties": {"county": "台北市", "town": "內湖區", "village": "港富里"}, "geometry": {"type": "MultiPolygon", "coordinates": [[[[121.58034020182, 25.088851165912], [121.58066504123, 25.08542908138], [121.58043691783, 25.084634159191], [121.58001591279, 25.08391014518], [121.58004787568, 25.083058134372], [121.58060221548, 25.081913505096], [121.58125485872, 25.08184894435], [121.58360649275, 25.078532896764], [121.57959530858, 25.078496844938], [121.57887226104, 25.0786223156], [121.57686111928, 25.079441356073], [121.57817517269, 25.0813186028], [121.57813275584, 25.083949585405], [121.5790209914, 25.084491164213], [121.57811011839, 25.086760269642], [121.57815656141, 25.089827322884], [121.57892360605, 25.090266297445], [121.57954654677, 25.090387290544], [121.58007652456, 25.089678255882], [121.58034020182, 25.088851165912]]]]}, "id": "A6310-007-00"}, {"type": "Feature", "properties": {"county": "台北市", "town": "士林區", "village": "義信里"}, "geometry": {"type": "MultiPolygon", "coordinates": [[[[121.52521610274, 25.087743301458], [121.5256334905, 25.085908579522], [121.52547867926, 25.082879082661], [121.52522185023, 25.082190724638], [121.52434110569, 25.080860492392], [121.52428611486, 25.08040411336], [121.52380455462, 25.080495157953], [121.52477121983, 25.084199918656], [121.52355464164, 25.084145881159], [121.52314907223, 25.086150677018], [121.52154134811, 25.088833918921], [121.523955172, 25.091171163241], [121.52419119046, 25.090984156264], [121.52368245983, 25.090518141057], [121.5254980006, 25.089993392958], [121.52505865689, 25.088702131805], [121.52521610274, 25.087743301458]]]]}, "id": "A6311-002-00"}, {"type": "Feature", "properties": {"county": "台北市", "town": "內湖區", "village": "安泰里"}, "geometry": {"type": "MultiPolygon", "coordinates": [[[[121.61948443842, 25.073427777192], [121.61820657199, 25.073471963582], [121.61787509685, 25.073772556283], [121.61659911109, 25.073108626871], [121.61556028114, 25.074677676401], [121.61558431365, 25.075281712163], [121.61476642192, 25.076811737185], [121.6137375505, 25.077354850232], [121.61181958425, 25.077915229921], [121.61204071, 25.079551284144], [121.61180294669, 25.080273233211], [121.611118011, 25.081212365862], [121.61175509423, 25.082901331756], [121.61132924119, 25.084379424534], [121.61066737854, 25.085903451992], [121.61067142261, 25.086652484122], [121.61099149432, 25.087745485358], [121.61219776794, 25.089467495559], [121.61185162661, 25.090882857841], [121.61226838464, 25.090627265682], [121.61386904724, 25.090578422506], [121.61461585261, 25.090109781638], [121.61481659347, 25.089648956623], [121.61541919418, 25.089427481215], [121.61698515819, 25.089426469347], [121.61811063811, 25.089985397109], [121.61842498655, 25.085028786988], [121.61791490253, 25.08324875556], [121.61895669204, 25.080959699825], [121.61859542447, 25.078904656218], [121.61948443842, 25.073427777192]]]]}, "id": "A6310-033-00"}, {"type": "Feature", "properties": {"county": "台北市", "town": "中山區", "village": "劍潭里"}, "geometry": {"type": "MultiPolygon", "coordinates": [[[[121.54445001272, 25.079722282393], [121.54437492221, 25.076461293077], [121.52949665862, 25.076926792074], [121.52873265791, 25.076622887179], [121.52819660357, 25.076067881079], [121.52794955945, 25.075372887427], [121.5281574164, 25.073965865744], [121.52800345201, 25.073506832681], [121.52743636752, 25.072937848197], [121.52648336229, 25.07272895654], [121.52606743417, 25.072822979434], [121.5254124551, 25.073227997963], [121.52504945948, 25.073886059331], [121.52500252097, 25.074153034869], [121.52592550092, 25.074833993338], [121.52428611486, 25.08040411336], [121.52443642473, 25.081048858793], [121.5251611483, 25.082102117102], [121.52615720816, 25.081442088166], [121.52693820347, 25.082044072026], [121.5269042006, 25.082467015426], [121.52892733915, 25.084457910064], [121.53074434745, 25.085146826422], [121.53258040778, 25.086851672217], [121.53277044208, 25.087512716277], [121.53349548096, 25.087790638115], [121.53594488891, 25.090166643896], [121.5390249874, 25.091835461366], [121.53996801858, 25.092061362684], [121.54038793798, 25.09124436051], [121.54160589513, 25.090821346453], [121.54202072727, 25.090852689911], [121.5426659484, 25.09001409915], [121.54259353501, 25.08848896921], [121.54283421055, 25.088448208556], [121.54322608751, 25.087938309413], [121.54330087307, 25.087519300046], [121.54356216521, 25.087189336065], [121.54369946399, 25.086052263701], [121.54399280159, 25.08554272353], [121.54322528437, 25.085276347741], [121.54276285788, 25.084843167441], [121.54332347715, 25.084638651732], [121.54458603676, 25.084568350288], [121.54465738014, 25.08123510911], [121.54458436892, 25.079873411487], [121.54445001272, 25.079722282393]]]]}, "id": "A6304-013-00"}, {"type": "Feature", "properties": {"county": "台北市", "town": "中山區", "village": "大直里"}, "geometry": {"type": "MultiPolygon", "coordinates": [[[[121.54653231506, 25.09057693364], [121.54730521336, 25.090598439429], [121.54752017362, 25.090125437317], [121.54912545759, 25.089428897524], [121.5493705809, 25.086867820415], [121.54973399332, 25.086183643701], [121.54951721062, 25.08573139311], [121.54955717099, 25.085489228529], [121.54979836672, 25.085325341564], [121.54931788146, 25.084117389053], [121.54860127017, 25.081231270107], [121.54819470448, 25.080520700171], [121.5474138321, 25.079909179686], [121.54445001272, 25.079722282393], [121.54458436892, 25.079873411487], [121.54465738014, 25.08123510911], [121.54458603676, 25.084568350288], [121.54332347715, 25.084638651732], [121.54276285788, 25.084843167441], [121.54322528437, 25.085276347741], [121.54399280159, 25.08554272353], [121.54369946399, 25.086052263701], [121.54356216521, 25.087189336065], [121.54330087307, 25.087519300046], [121.54322608751, 25.087938309413], [121.54283421055, 25.088448208556], [121.54259353501, 25.08848896921], [121.5426659484, 25.09001409915], [121.54202072727, 25.090852689911], [121.54160589513, 25.090821346453], [121.54038793798, 25.09124436051], [121.53996801858, 25.092061362684], [121.54101495196, 25.091777296613], [121.54397793726, 25.091736064165], [121.5445789293, 25.091060041338], [121.54486888123, 25.090428045339], [121.5457918655, 25.090393053086], [121.54653231506, 25.09057693364]]]]}, "id": "A6304-014-00"}, {"type": "Feature", "properties": {"county": "台北市", "town": "士林區", "village": "名山里"}, "geometry": {"type": "MultiPolygon", "coordinates": [[[[121.5329519465, 25.101587002289], [121.53279195076, 25.100662860793], [121.53236794074, 25.100737474009], [121.53193192058, 25.100592503801], [121.52975488033, 25.09962565176], [121.52932788451, 25.099656699552], [121.52815997951, 25.100317697675], [121.52739200114, 25.10033875896], [121.52674071335, 25.10012743701], [121.52486599543, 25.104045173782], [121.52669309008, 25.104271357387], [121.5275965421, 25.104593512953], [121.52896605818, 25.10560407964], [121.52971957698, 25.105382300268], [121.53075356357, 25.105483780616], [121.53132108439, 25.105797730439], [121.53119484306, 25.10463019177], [121.53283755484, 25.104302372107], [121.53350529599, 25.103539920173], [121.5336516287, 25.101298446767], [121.5329519465, 25.101587002289]]]]}, "id": "A6311-026-00"}, {"type": "Feature", "properties": {"county": "台北市", "town": "士林區", "village": "德行里"}, "geometry": {"type": "MultiPolygon", "coordinates": [[[[121.52486599543, 25.104045173782], [121.52674071335, 25.10012743701], [121.52613099457, 25.099924848293], [121.52565701276, 25.100366856716], [121.52522700959, 25.100249924284], [121.52408792135, 25.099044022035], [121.5236108125, 25.098879875809], [121.52270214504, 25.10188376463], [121.52216189088, 25.104757229226], [121.52326158181, 25.105668597899], [121.52489946801, 25.106470096334], [121.52486599543, 25.104045173782]]]]}, "id": "A6311-027-00"}, {"type": "Feature", "properties": {"county": "台北市", "town": "內湖區", "village": "金瑞里"}, "geometry": {"type": "MultiPolygon", "coordinates": [[[[121.57898681365, 25.105019329464], [121.5789047048, 25.104029365985], [121.57921461199, 25.103099359518], [121.58010869254, 25.103543243853], [121.58032857753, 25.102082240323], [121.58114545284, 25.100847236312], [121.58154146397, 25.100491212142], [121.5824668062, 25.100115511037], [121.58291321888, 25.100193769444], [121.58398042187, 25.100020759584], [121.58241303132, 25.097993121119], [121.58150198818, 25.097085137271], [121.58141596942, 25.096499137884], [121.58165488569, 25.096042150881], [121.58089785465, 25.095378242971], [121.58063585148, 25.09470417708], [121.57986583516, 25.094197235884], [121.57966880926, 25.093670266816], [121.57974973316, 25.093125236221], [121.58026073761, 25.092604256482], [121.58080569026, 25.092589213173], [121.58280182893, 25.094236112394], [121.58327478306, 25.093642697014], [121.58412669618, 25.092968674675], [121.58447870037, 25.093030670965], [121.58469267542, 25.093248599823], [121.58550464445, 25.092946629645], [121.58750358741, 25.089465438555], [121.58744414035, 25.088811464913], [121.58845023036, 25.087760737659], [121.58965359466, 25.086963395119], [121.58865190057, 25.085461343407], [121.58811992382, 25.085720328356], [121.5871210184, 25.086728399464], [121.58617891806, 25.085743448215], [121.58579590589, 25.085570430124], [121.58462095296, 25.085825528743], [121.58418510947, 25.086173228857], [121.58364902482, 25.086269608523], [121.58280205953, 25.086943984235], [121.58215918234, 25.088154044745], [121.58200015445, 25.087829083696], [121.58207813139, 25.087511047245], [121.58100219909, 25.088274151258], [121.58077827536, 25.08913314242], [121.58034020182, 25.088851165912], [121.58007652456, 25.089678255882], [121.57954654677, 25.090387290544], [121.57892360605, 25.090266297445], [121.57815656141, 25.089827322884], [121.5770346005, 25.090881392485], [121.57532271183, 25.091534510607], [121.57435680653, 25.092603575229], [121.57383685343, 25.092964576673], [121.57102891648, 25.09392503981], [121.57032794558, 25.09449113727], [121.56912308876, 25.096176217161], [121.56777943945, 25.098475239035], [121.56697448955, 25.099184279624], [121.56790663135, 25.101332184889], [121.56879670775, 25.102229124876], [121.56865973479, 25.102921165628], [121.56973182484, 25.104707097933], [121.5707578775, 25.105518993809], [121.57303894387, 25.106178869775], [121.5735579881, 25.106679610604], [121.5750279645, 25.106801586069], [121.57668587699, 25.106678495287], [121.57704786134, 25.105774473722], [121.57766884173, 25.105618385884], [121.57816378055, 25.105146415628], [121.57898681365, 25.105019329464]]]]}, "id": "A6310-014-00"}, {"type": "Feature", "properties": {"county": "台北市", "town": "士林區", "village": "忠誠里"}, "geometry": {"type": "MultiPolygon", "coordinates": [[[[121.52896605818, 25.10560407964], [121.5275965421, 25.104593512953], [121.52669309008, 25.104271357387], [121.52486599543, 25.104045173782], [121.52489946801, 25.106470096334], [121.53032396869, 25.108399869326], [121.52983632648, 25.106765229075], [121.52896605818, 25.10560407964]]]]}, "id": "A6311-030-00"}, {"type": "Feature", "properties": {"county": "台北市", "town": "士林區", "village": "岩山里"}, "geometry": {"type": "MultiPolygon", "coordinates": [[[[121.53893923919, 25.103143609521], [121.53947130589, 25.102166630406], [121.53978199677, 25.101839440245], [121.54011160046, 25.101759007914], [121.53986845451, 25.100887221255], [121.54016631896, 25.100460360887], [121.54013485905, 25.10012203822], [121.53981207632, 25.099497535649], [121.53911673687, 25.099974239671], [121.53852573897, 25.099624268191], [121.53849370207, 25.099311361004], [121.53709783672, 25.100270390504], [121.53575686628, 25.100807479014], [121.53458288692, 25.100913468598], [121.53391189861, 25.100653512559], [121.53279195076, 25.100662860793], [121.5329519465, 25.101587002289], [121.5336516287, 25.101298446767], [121.53350529599, 25.103539920173], [121.53283755484, 25.104302372107], [121.53119484306, 25.10463019177], [121.53132108439, 25.105797730439], [121.53239955316, 25.106608882808], [121.53275860259, 25.107776573245], [121.53424644374, 25.107590378976], [121.53444546115, 25.107636339331], [121.5346931653, 25.108081655233], [121.53584504246, 25.10859651162], [121.53627124176, 25.108586003447], [121.5372264298, 25.107504552859], [121.53727791961, 25.107175330156], [121.53697863284, 25.106405501728], [121.53893923919, 25.103143609521]]]]}, "id": "A6311-025-00"}, {"type": "Feature", "properties": {"county": "台北市", "town": "內湖區", "village": "內溝里"}, "geometry": {"type": "MultiPolygon", "coordinates": [[[[121.6213737309, 25.074178493021], [121.62072897116, 25.073544403203], [121.6206659991, 25.073281378946], [121.61949455567, 25.07336623836], [121.61859542447, 25.078904656218], [121.61895669204, 25.080959699825], [121.61791490253, 25.08324875556], [121.61842498655, 25.085028786988], [121.61811063811, 25.089985397109], [121.61698515819, 25.089426469347], [121.61541919418, 25.089427481215], [121.61481659347, 25.089648956623], [121.61461585261, 25.090109781638], [121.61386904724, 25.090578422506], [121.61217883189, 25.090653874921], [121.61185162661, 25.090882857841], [121.61214393893, 25.091648495194], [121.61178399491, 25.092703574648], [121.61198910421, 25.094286597193], [121.61172409294, 25.094503574332], [121.60875025579, 25.095299795144], [121.60722333308, 25.095440856473], [121.60577606395, 25.096076696249], [121.6052954239, 25.096520027915], [121.60458547872, 25.09655804628], [121.60384448169, 25.096201077054], [121.60347051175, 25.096248105105], [121.60367053898, 25.096949116255], [121.60354857582, 25.098075079027], [121.60103217962, 25.101631569189], [121.60071524409, 25.103514571594], [121.59921731136, 25.103655704476], [121.59950633644, 25.104329629396], [121.59942840941, 25.10448262305], [121.5990064025, 25.104898665298], [121.59838648648, 25.105197768085], [121.59839254539, 25.106358773328], [121.59860356695, 25.107186777356], [121.59952886301, 25.108714699637], [121.60031982711, 25.10838664042], [121.60169882586, 25.108446601477], [121.60612337942, 25.107239083831], [121.6081212657, 25.107197046185], [121.60822725528, 25.106635010484], [121.60923919022, 25.10570493831], [121.61184897786, 25.104570722361], [121.6133749618, 25.104597468416], [121.61493387444, 25.104194371121], [121.61558381595, 25.103663390726], [121.61742353611, 25.101110211042], [121.61992038377, 25.099314049352], [121.6212252785, 25.098713943484], [121.6221608718, 25.097321905416], [121.62317586662, 25.096887716326], [121.6251387678, 25.097143555427], [121.62589869735, 25.096677523915], [121.62618461773, 25.095817477857], [121.62523662072, 25.095126512583], [121.62504952183, 25.093838500229], [121.62623535225, 25.091519362025], [121.62575933596, 25.09062939438], [121.62825285181, 25.088338212597], [121.62784677004, 25.087084169447], [121.62835173238, 25.086453157385], [121.62739967104, 25.084904095874], [121.62749455409, 25.084141099048], [121.62800551615, 25.083518098465], [121.6277175013, 25.082805027949], [121.62693247736, 25.082291070198], [121.62561755541, 25.082084165784], [121.62415549047, 25.080383194033], [121.62405525008, 25.079966200646], [121.62441218886, 25.079185127684], [121.62375816316, 25.078376162947], [121.62452812853, 25.077606084443], [121.62317116668, 25.077191122813], [121.62353694778, 25.075073076031], [121.62336091805, 25.074039080814], [121.62301591526, 25.073865094529], [121.62195104187, 25.074746293128], [121.6213737309, 25.074178493021]]]]}, "id": "A6310-025-00"}, {"type": "Feature", "properties": {"county": "台北市", "town": "北投區", "village": "建民里"}, "geometry": {"type": "MultiPolygon", "coordinates": [[[[121.51743760149, 25.106938296652], [121.51838467316, 25.107871205944], [121.51874286187, 25.108766955983], [121.5192177121, 25.109194147241], [121.52111247761, 25.106454706549], [121.51982837024, 25.104109862711], [121.51853727741, 25.103451947902], [121.51761818792, 25.101270037893], [121.51774512309, 25.100593076388], [121.51752806757, 25.099774120037], [121.51716903363, 25.099380096478], [121.51202170156, 25.097998134154], [121.51164406269, 25.09920612649], [121.51175738348, 25.100073898869], [121.51242758574, 25.100300088054], [121.51230230116, 25.10170965505], [121.51120480947, 25.101519842894], [121.51102221812, 25.101649952975], [121.51048369667, 25.101627891249], [121.5099761747, 25.101957224563], [121.50869921367, 25.10231327761], [121.50815025652, 25.102702309269], [121.50746026799, 25.103559328069], [121.50712936182, 25.104747280882], [121.50568142953, 25.106375312629], [121.50560645409, 25.106838288932], [121.50698960056, 25.108452227463], [121.50713461433, 25.108889170009], [121.50725763393, 25.108693188739], [121.5084106416, 25.10824611328], [121.50950329416, 25.108233242186], [121.51000277252, 25.10763347483], [121.51058629918, 25.107807202725], [121.51086753307, 25.108092235522], [121.51093108581, 25.108568573231], [121.51134077647, 25.10869496535], [121.51255098696, 25.109544200407], [121.51428955656, 25.107921629758], [121.51663720464, 25.106138378248], [121.51743760149, 25.106938296652]]]]}, "id": "A6312-001-00"}, {"type": "Feature", "properties": {"county": "台北市", "town": "士林區", "village": "聖山里"}, "geometry": {"type": "MultiPolygon", "coordinates": [[[[121.53386293733, 25.109024672277], [121.53362354823, 25.108944393883], [121.53339116699, 25.107701192437], [121.53275860259, 25.107776573245], [121.53239955316, 25.106608882808], [121.5316776458, 25.10600918935], [121.53075356357, 25.105483780616], [121.52971957698, 25.105382300268], [121.52896605818, 25.10560407964], [121.52983632648, 25.106765229075], [121.53032396869, 25.108399869326], [121.53417035553, 25.109764516392], [121.53386293733, 25.109024672277]]]]}, "id": "A6311-029-00"}, {"type": "Feature", "properties": {"county": "台北市", "town": "北投區", "village": "文林里"}, "geometry": {"type": "MultiPolygon", "coordinates": [[[[121.51794179599, 25.107427353632], [121.51663720464, 25.106138378248], [121.51428955656, 25.107921629758], [121.51187074269, 25.110171872974], [121.51202863157, 25.110307019857], [121.51237726703, 25.10999867166], [121.5146904818, 25.110665116522], [121.5153108494, 25.109266998077], [121.51794179599, 25.107427353632]]]]}, "id": "A6312-002-00"}, {"type": "Feature", "properties": {"county": "台北市", "town": "士林區", "village": "仁勇里"}, "geometry": {"type": "MultiPolygon", "coordinates": [[[[121.52689092412, 25.087577982005], [121.5256334905, 25.085908579522], [121.52504869308, 25.088609079041], [121.5254980006, 25.089993392958], [121.52368245983, 25.090518141057], [121.52419119046, 25.090984156264], [121.523955172, 25.091171163241], [121.5244502382, 25.091826074907], [121.52599085087, 25.092370248102], [121.52660003677, 25.091544143474], [121.52727302176, 25.089774941511], [121.52742860657, 25.088789974211], [121.52689092412, 25.087577982005]]]]}, "id": "A6311-001-00"}, {"type": "Feature", "properties": {"county": "台北市", "town": "中山區", "village": "北安里"}, "geometry": {"type": "MultiPolygon", "coordinates": [[[[121.5577455157, 25.084516315543], [121.55699498304, 25.084462719441], [121.55636551062, 25.08461299655], [121.55189792537, 25.08598267452], [121.55064555717, 25.085826488636], [121.55054277835, 25.085384872173], [121.5502829643, 25.085250836424], [121.54979836672, 25.085325341564], [121.54955717099, 25.085489228529], [121.54951721062, 25.08573139311], [121.54973399332, 25.086183643701], [121.5493705809, 25.086867820415], [121.54912545759, 25.089428897524], [121.54752017362, 25.090125437317], [121.54730521336, 25.090598439429], [121.54653231506, 25.09057693364], [121.54933484322, 25.091268769326], [121.54952788226, 25.091646811721], [121.55053989008, 25.091804764949], [121.55129390046, 25.091688654639], [121.5520088732, 25.092039652794], [121.55221594499, 25.092444634839], [121.55352302474, 25.092499704473], [121.55300003764, 25.091416049541], [121.55337112474, 25.08987568697], [121.55319490183, 25.089835307327], [121.55276779678, 25.090205650609], [121.55227683942, 25.090226467503], [121.55186764861, 25.089935941384], [121.55150028049, 25.089900319623], [121.55148875347, 25.089738358551], [121.55193206642, 25.089418748352], [121.55240170668, 25.089572967488], [121.55317325451, 25.088696434152], [121.55430321344, 25.088272934161], [121.55476518285, 25.087809233008], [121.55717443875, 25.087828578027], [121.55802168775, 25.087226348426], [121.55803870704, 25.087010282283], [121.55678449762, 25.087249211746], [121.55671948452, 25.086821513941], [121.55702871623, 25.085872142311], [121.55771016748, 25.085148283169], [121.5577455157, 25.084516315543]]]]}, "id": "A6304-042-00"}, {"type": "Feature", "properties": {"county": "台北市", "town": "內湖區", "village": "港華里"}, "geometry": {"type": "MultiPolygon", "coordinates": [[[[121.57815656141, 25.089827322884], [121.57811011839, 25.086760269642], [121.5790209914, 25.084491164213], [121.57813275584, 25.083949585405], [121.57823822574, 25.082201472099], [121.57192244247, 25.083949705902], [121.57281202677, 25.085732047934], [121.57064605652, 25.086450403931], [121.57075428938, 25.088361052841], [121.57134683624, 25.092441005254], [121.57179585471, 25.093565988015], [121.57383685343, 25.092964576673], [121.57435680653, 25.092603575229], [121.57532271183, 25.091534510607], [121.5770346005, 25.090881392485], [121.57815656141, 25.089827322884]]]]}, "id": "A6310-008-00"}, {"type": "Feature", "properties": {"county": "台北市", "town": "士林區", "village": "福德里"}, "geometry": {"type": "MultiPolygon", "coordinates": [[[[121.52599085087, 25.092370248102], [121.5244502382, 25.091826074907], [121.52337313115, 25.090522893402], [121.5216323648, 25.088891804509], [121.51866520527, 25.092458810096], [121.52160381579, 25.094330488632], [121.52556154587, 25.095243753611], [121.52649820756, 25.092636012049], [121.52599085087, 25.092370248102]]]]}, "id": "A6311-004-00"}, {"type": "Feature", "properties": {"county": "台北市", "town": "士林區", "village": "社子里"}, "geometry": {"type": "MultiPolygon", "coordinates": [[[[121.50921657855, 25.09588431418], [121.51099048012, 25.094341248268], [121.51281937824, 25.092250195132], [121.51355125154, 25.090678192491], [121.51365896485, 25.089215497518], [121.51079516905, 25.087246884552], [121.50926313501, 25.086800415925], [121.50887514706, 25.088006417974], [121.50796990047, 25.088996051418], [121.5078732291, 25.089385363813], [121.50842600597, 25.090238948297], [121.50855739925, 25.091033751235], [121.50881128834, 25.091495465913], [121.50852642255, 25.094116411562], [121.5075594913, 25.095246423043], [121.50792559981, 25.096095408921], [121.50921657855, 25.09588431418]]]]}, "id": "A6311-019-00"}, {"type": "Feature", "properties": {"county": "台北市", "town": "士林區", "village": "社園里"}, "geometry": {"type": "MultiPolygon", "coordinates": [[[[121.50792559981, 25.096095408921], [121.5075594913, 25.095246423043], [121.50852642255, 25.094116411562], [121.50881128834, 25.091495465913], [121.50855739925, 25.091033751235], [121.50842600597, 25.090238948297], [121.50787467619, 25.089475355832], [121.50796990047, 25.088996051418], [121.50708190126, 25.089553125598], [121.5053065877, 25.089429423055], [121.50501234762, 25.091020691822], [121.50505660652, 25.091687520531], [121.50518994424, 25.092247037358], [121.50572448907, 25.092143690441], [121.5063416343, 25.096353539414], [121.50792559981, 25.096095408921]]]]}, "id": "A6311-021-00"}, {"type": "Feature", "properties": {"county": "台北市", "town": "士林區", "village": "永倫里"}, "geometry": {"type": "MultiPolygon", "coordinates": [[[[121.5063416343, 25.096353539414], [121.50572448907, 25.092143690441], [121.50518994424, 25.092247037358], [121.50505660652, 25.091687520531], [121.50501234762, 25.091020691822], [121.5053065877, 25.089429423055], [121.50380740188, 25.089141602468], [121.50130426663, 25.090506151703], [121.4987135204, 25.088498148144], [121.49538313824, 25.091272977449], [121.49798094023, 25.09408041683], [121.4984436388, 25.094186860093], [121.50014234616, 25.093960466856], [121.50067457509, 25.096528564138], [121.50098761081, 25.097227598573], [121.5063416343, 25.096353539414]]]]}, "id": "A6311-022-00"}, {"type": "Feature", "properties": {"county": "台北市", "town": "士林區", "village": "後港里"}, "geometry": {"type": "MultiPolygon", "coordinates": [[[[121.51866520527, 25.092458810096], [121.52162945488, 25.088889178553], [121.52089462919, 25.088494505797], [121.51549743145, 25.089388968211], [121.51534541836, 25.090305045858], [121.51365896485, 25.089215497518], [121.51355125154, 25.090678192491], [121.51281937824, 25.092250195132], [121.51099048012, 25.094341248268], [121.50921657855, 25.09588431418], [121.51060968507, 25.097444211248], [121.5131397431, 25.098297896046], [121.51406079399, 25.096081417648], [121.51547773816, 25.096364917435], [121.51866520527, 25.092458810096]]]]}, "id": "A6311-008-00"}, {"type": "Feature", "properties": {"county": "台北市", "town": "內湖區", "village": "西康里"}, "geometry": {"type": "MultiPolygon", "coordinates": [[[[121.5620992447, 25.09787180998], [121.56148009354, 25.096185856604], [121.56292005067, 25.09520880852], [121.56268704934, 25.094989840244], [121.56112204713, 25.09497888477], [121.56101003662, 25.094750878626], [121.56113005304, 25.0945648824], [121.5620539741, 25.094281853067], [121.56212700054, 25.09397784687], [121.5619499246, 25.093791892044], [121.56068198676, 25.093771950019], [121.56016688998, 25.092623985254], [121.56124089771, 25.092475916205], [121.56155389627, 25.092145902593], [121.56018082704, 25.091643944045], [121.5613158412, 25.091659878718], [121.56135475305, 25.09050991101], [121.5609567478, 25.090470967309], [121.56092842361, 25.089218953849], [121.56125839001, 25.088773933136], [121.56143443107, 25.088752952332], [121.56136434125, 25.08792589469], [121.56085738478, 25.087967900606], [121.56094332854, 25.087483894462], [121.56069833231, 25.087140907896], [121.56100529776, 25.086655885773], [121.56164826382, 25.086996914634], [121.56188296656, 25.086643703068], [121.56285637732, 25.086710050405], [121.56555788714, 25.086405945206], [121.56551877098, 25.082437709342], [121.56429690986, 25.078792332796], [121.56371184865, 25.079116177842], [121.56264050278, 25.080334060173], [121.56083861931, 25.084386091256], [121.56006763033, 25.084807860844], [121.55903521239, 25.085031517958], [121.5577455157, 25.084516315543], [121.55771016748, 25.085148283169], [121.55702871623, 25.085872142311], [121.55671948452, 25.086821513941], [121.55678449762, 25.087249211746], [121.55803870704, 25.087010282283], [121.55802168775, 25.087226348426], [121.55717443875, 25.087828578027], [121.55476518285, 25.087809233008], [121.55430321344, 25.088272934161], [121.55317325451, 25.088696434152], [121.55240170668, 25.089572967488], [121.5518822929, 25.089427928998], [121.55148008157, 25.08981039724], [121.55227683942, 25.090226467503], [121.55276779678, 25.090205650609], [121.55319490183, 25.089835307327], [121.55337112474, 25.08987568697], [121.55300003764, 25.091416049541], [121.55352302474, 25.092499704473], [121.55439696024, 25.092536319776], [121.55458699602, 25.093931285451], [121.55481806659, 25.094088245276], [121.55558005493, 25.094161235986], [121.55655805377, 25.09480313128], [121.55703515648, 25.096144107187], [121.55789415205, 25.096182050413], [121.55781621582, 25.097065091274], [121.55864750762, 25.098449059955], [121.55917423596, 25.098130976612], [121.56073121811, 25.098113903572], [121.5620992447, 25.09787180998]]]]}, "id": "A6310-002-00"}, {"type": "Feature", "properties": {"county": "台北市", "town": "內湖區", "village": "西安里"}, "geometry": {"type": "MultiPolygon", "coordinates": [[[[121.57179585471, 25.093565988015], [121.57134683624, 25.092441005254], [121.57075428938, 25.088361052841], [121.57064605652, 25.086450403931], [121.56555788714, 25.086405945206], [121.56285637732, 25.086710050405], [121.56188296656, 25.086643703068], [121.56164826382, 25.086996914634], [121.56100529776, 25.086655885773], [121.56069833231, 25.087140907896], [121.56094332854, 25.087483894462], [121.56085738478, 25.087967900606], [121.56136434125, 25.08792589469], [121.56143443107, 25.088752952332], [121.56125839001, 25.088773933136], [121.56092842361, 25.089218953849], [121.5609567478, 25.090470967309], [121.56135475305, 25.09050991101], [121.5613158412, 25.091659878718], [121.56018082704, 25.091643944045], [121.56155389627, 25.092145902593], [121.56124089771, 25.092475916205], [121.56016688998, 25.092623985254], [121.56068198676, 25.093771950019], [121.5619499246, 25.093791892044], [121.56212700054, 25.09397784687], [121.5620539741, 25.094281853067], [121.56113005304, 25.0945648824], [121.56101003662, 25.094750878626], [121.56112204713, 25.09497888477], [121.56268704934, 25.094989840244], [121.56292005067, 25.09520880852], [121.56289302753, 25.095343800906], [121.56152514184, 25.096075895846], [121.56146210154, 25.096346908142], [121.5620992447, 25.09787180998], [121.56284145846, 25.098505797016], [121.56439949579, 25.098539421366], [121.56511647194, 25.098971427638], [121.56697448955, 25.099184279624], [121.56777943945, 25.098475239035], [121.56912308876, 25.096176217161], [121.57032794558, 25.09449113727], [121.57102891648, 25.09392503981], [121.57179585471, 25.093565988015]]]]}, "id": "A6310-003-00"}, {"type": "Feature", "properties": {"county": "台北市", "town": "士林區", "village": "福佳里"}, "geometry": {"type": "MultiPolygon", "coordinates": [[[[121.5236108125, 25.098879875809], [121.52465873898, 25.095041023674], [121.52160381579, 25.094330488632], [121.51866520527, 25.092458810096], [121.51547773816, 25.096364917435], [121.51406079399, 25.096081417648], [121.5131397431, 25.098297896046], [121.51716903363, 25.099380096478], [121.51958200508, 25.099146037303], [121.52077067822, 25.098418940921], [121.52142069978, 25.09823689506], [121.52240962311, 25.098327856803], [121.5236108125, 25.098879875809]]]]}, "id": "A6311-007-00"}, {"type": "Feature", "properties": {"county": "台北市", "town": "士林區", "village": "福林里"}, "geometry": {"type": "MultiPolygon", "coordinates": [[[[121.53849370207, 25.099311361004], [121.53898266572, 25.098753329992], [121.53975344285, 25.098305231811], [121.54029642522, 25.098094240495], [121.5412423971, 25.09808519454], [121.54234632693, 25.097678120823], [121.54326521775, 25.096334083659], [121.54386222661, 25.09593504943], [121.54523724259, 25.09586499497], [121.54740509904, 25.094750896081], [121.54868986858, 25.094822518562], [121.54896686941, 25.091177695385], [121.5457918655, 25.090393053086], [121.54486888123, 25.090428045339], [121.5445789293, 25.091060041338], [121.54397793726, 25.091736064165], [121.54101495196, 25.091777296613], [121.53996801858, 25.092061362684], [121.5390249874, 25.091835461366], [121.53594488891, 25.090166643896], [121.53349548096, 25.087790638115], [121.53277044208, 25.087512716277], [121.53258040778, 25.086851672217], [121.53074434745, 25.085146826422], [121.52892733915, 25.084457910064], [121.5269042006, 25.082467015426], [121.52693820347, 25.082044072026], [121.52615720816, 25.081442088166], [121.52526021346, 25.081975170841], [121.5251611483, 25.082102117102], [121.52551146276, 25.083184707362], [121.5256334905, 25.085908579522], [121.52702389251, 25.087740626425], [121.52743466015, 25.088676008143], [121.52727302176, 25.089774941511], [121.52665861296, 25.091434950133], [121.52599085087, 25.092370248102], [121.52649820756, 25.092636012049], [121.52556154587, 25.095243753611], [121.53223073119, 25.096557719833], [121.53640073192, 25.099219174123], [121.53712821387, 25.100219911458], [121.53849370207, 25.099311361004]]]]}, "id": "A6311-003-00"}, {"type": "Feature", "properties": {"county": "台北市", "town": "士林區", "village": "舊佳里"}, "geometry": {"type": "MultiPolygon", "coordinates": [[[[121.52674071335, 25.10012743701], [121.52794151654, 25.095778170371], [121.52465873898, 25.095041023674], [121.5236108125, 25.098879875809], [121.52408792135, 25.099044022035], [121.52522700959, 25.100249924284], [121.52565701276, 25.100366856716], [121.52613099457, 25.099924848293], [121.52674071335, 25.10012743701]]]]}, "id": "A6311-006-00"}, {"type": "Feature", "properties": {"county": "台北市", "town": "士林區", "village": "福志里"}, "geometry": {"type": "MultiPolygon", "coordinates": [[[[121.53712821387, 25.100219911458], [121.53640073192, 25.099219174123], [121.53223073119, 25.096557719833], [121.52794151654, 25.095778170371], [121.52674071335, 25.10012743701], [121.52739200114, 25.10033875896], [121.52815997951, 25.100317697675], [121.52959088497, 25.099599693208], [121.53236794074, 25.100737474009], [121.53391189861, 25.100653512559], [121.53458288692, 25.100913468598], [121.53575686628, 25.100807479014], [121.53712821387, 25.100219911458]]]]}, "id": "A6311-005-00"}, {"type": "Feature", "properties": {"county": "台北市", "town": "士林區", "village": "德華里"}, "geometry": {"type": "MultiPolygon", "coordinates": [[[[121.52328625276, 25.100180218074], [121.5236108125, 25.098879875809], [121.52206569312, 25.098257920527], [121.52142069978, 25.09823689506], [121.52077067822, 25.098418940921], [121.51997700407, 25.098953966883], [121.51904704303, 25.099271061481], [121.51716903363, 25.099380096478], [121.51752806757, 25.099774120037], [121.51774512309, 25.100593076388], [121.51761818792, 25.101270037893], [121.51860131462, 25.103529912961], [121.51928994625, 25.10386976012], [121.51961545431, 25.103291325276], [121.52216189088, 25.104757229226], [121.52270214504, 25.10188376463], [121.52328625276, 25.100180218074]]]]}, "id": "A6311-028-00"}, {"type": "Feature", "properties": {"county": "台北市", "town": "內湖區", "village": "大湖里"}, "geometry": {"type": "MultiPolygon", "coordinates": [[[[121.61185162661, 25.090882857841], [121.61219776794, 25.089467495559], [121.61099149432, 25.087745485358], [121.61067142261, 25.086652484122], [121.61066737854, 25.085903451992], [121.61132924119, 25.084379424534], [121.61175509423, 25.082901331756], [121.611118011, 25.081212365862], [121.61035204752, 25.080422317431], [121.60949584383, 25.079887343873], [121.60826231787, 25.079470649021], [121.60719374059, 25.079339987096], [121.60722247654, 25.080622181786], [121.60632147962, 25.082231177188], [121.60559620287, 25.082760315048], [121.6031804778, 25.08329265021], [121.60209914506, 25.083924854768], [121.60170933639, 25.085944316358], [121.60098103695, 25.085447308509], [121.60074769796, 25.085877722366], [121.60064822739, 25.086869853422], [121.59937182983, 25.086785423051], [121.59931483417, 25.087424385828], [121.59757919572, 25.087832617353], [121.59702985199, 25.087623567256], [121.59660087141, 25.087080571718], [121.59515129274, 25.089779658532], [121.5951863484, 25.090670678572], [121.59465542966, 25.091521713592], [121.59462742217, 25.092240713979], [121.59151457812, 25.093518248225], [121.59112367565, 25.094109305829], [121.59062066815, 25.094413326974], [121.59048069123, 25.09467328633], [121.59028178457, 25.095996366794], [121.59047276152, 25.096326336016], [121.59297572343, 25.095928198717], [121.59379268814, 25.095493860487], [121.59475364954, 25.095532807916], [121.59568161224, 25.095241782673], [121.59569867198, 25.095471772573], [121.59521263855, 25.095918761808], [121.59415970975, 25.09651284666], [121.59441478916, 25.097058890661], [121.59432380976, 25.097878906491], [121.5941668171, 25.09805189795], [121.59491011715, 25.098450888217], [121.59555914477, 25.099152812242], [121.5973303742, 25.103819787543], [121.59838648648, 25.105197768085], [121.5990064025, 25.104898665298], [121.59942840941, 25.10448262305], [121.59950633644, 25.104329629396], [121.59921731136, 25.103655704476], [121.60071524409, 25.103514571594], [121.60103217962, 25.101631569189], [121.60354857582, 25.098075079027], [121.60367053898, 25.096949116255], [121.60347051175, 25.096248105105], [121.60384448169, 25.096201077054], [121.60458547872, 25.09655804628], [121.6052954239, 25.096520027915], [121.60577606395, 25.096076696249], [121.60722333308, 25.095440856473], [121.60875025579, 25.095299795144], [121.61172409294, 25.094503574332], [121.61198910421, 25.094286597193], [121.61178399491, 25.092703574648], [121.61214393893, 25.091648495194], [121.61185162661, 25.090882857841]]]]}, "id": "A6310-012-00"}, {"type": "Feature", "properties": {"county": "台北市", "town": "士林區", "village": "福順里"}, "geometry": {"type": "MultiPolygon", "coordinates": [[[[121.51468245122, 25.082441480631], [121.51624804326, 25.080253392187], [121.51451423391, 25.079277373222], [121.51371338988, 25.079435474046], [121.51316646035, 25.079370444769], [121.51149103893, 25.078650917925], [121.51061623249, 25.080974484984], [121.51008427566, 25.083423652147], [121.51194456131, 25.083938325378], [121.51203104337, 25.083729308461], [121.51268994036, 25.083962838943], [121.51395255641, 25.084077517972], [121.51423044604, 25.083108476944], [121.51468245122, 25.082441480631]]]]}, "id": "A6311-015-00"}, {"type": "Feature", "properties": {"county": "台北市", "town": "士林區", "village": "承德里"}, "geometry": {"type": "MultiPolygon", "coordinates": [[[[121.52355464164, 25.084145881159], [121.52477121983, 25.084199918656], [121.52380455462, 25.080495157953], [121.52245129439, 25.080822326574], [121.52253412686, 25.081008106517], [121.52115903512, 25.081765718841], [121.51979561909, 25.082267010346], [121.51955575357, 25.082085191307], [121.51951312248, 25.082480630717], [121.52088436485, 25.08348420577], [121.52224437321, 25.084018974014], [121.52328947217, 25.084222901147], [121.52355464164, 25.084145881159]]]]}, "id": "A6311-012-00"}, {"type": "Feature", "properties": {"county": "台北市", "town": "內湖區", "village": "清白里"}, "geometry": {"type": "MultiPolygon", "coordinates": [[[[121.60022277914, 25.081376677684], [121.60196436063, 25.081245125464], [121.6025799469, 25.078273069121], [121.60154993194, 25.078449070312], [121.6005580311, 25.078829146262], [121.60016505532, 25.079127159244], [121.59990909422, 25.079639238391], [121.59914910407, 25.079826229767], [121.59901682807, 25.079604857168], [121.59788738243, 25.079330583492], [121.59781971108, 25.079902951254], [121.59759061416, 25.079848889049], [121.59741769184, 25.079219788656], [121.59691919801, 25.079120607091], [121.59683710525, 25.07943339168], [121.59650914363, 25.079297378493], [121.59640563615, 25.079051044676], [121.59533843685, 25.079587209559], [121.59580724536, 25.079901076152], [121.59554743881, 25.080174406128], [121.59425162971, 25.079642760916], [121.59234288562, 25.082124631853], [121.59514401502, 25.08418692972], [121.59777367864, 25.08464585119], [121.59893954628, 25.083466314315], [121.59933052497, 25.083426362447], [121.59926646911, 25.082966321407], [121.59898647872, 25.082592296557], [121.59966142788, 25.081612269295], [121.60022277914, 25.081376677684]]]]}, "id": "A6310-017-00"}, {"type": "Feature", "properties": {"county": "台北市", "town": "中山區", "village": "金泰里"}, "geometry": {"type": "MultiPolygon", "coordinates": [[[[121.56429690986, 25.078792332796], [121.57011587021, 25.076940020828], [121.56955446781, 25.075794443523], [121.56809928136, 25.07546200443], [121.56356415864, 25.072591156771], [121.56201413263, 25.072466634401], [121.56043318388, 25.073020769037], [121.55741431112, 25.074594895452], [121.55629033429, 25.074942037592], [121.55636551062, 25.08461299655], [121.55759943908, 25.084482572532], [121.55903521239, 25.085031517958], [121.56053295211, 25.084637508682], [121.56099109397, 25.084213055724], [121.56264050278, 25.080334060173], [121.56371184865, 25.079116177842], [121.56429690986, 25.078792332796]]]]}, "id": "A6304-041-00"}, {"type": "Feature", "properties": {"county": "台北市", "town": "士林區", "village": "百齡里"}, "geometry": {"type": "MultiPolygon", "coordinates": [[[[121.51941106966, 25.085127975419], [121.52033661451, 25.084948834193], [121.52057279428, 25.0832826719], [121.51951312248, 25.082480630717], [121.51941001707, 25.083436999939], [121.51767215389, 25.083209834694], [121.51682215793, 25.083286637705], [121.51680304589, 25.083148718725], [121.51655442098, 25.083189961374], [121.51468245122, 25.082441480631], [121.51402546761, 25.08360144315], [121.51399859503, 25.084998486404], [121.51676002145, 25.085226959866], [121.51676515036, 25.085072950686], [121.51722177635, 25.085085562741], [121.51728071405, 25.085345769364], [121.51941106966, 25.085127975419]]]]}, "id": "A6311-011-00"}, {"type": "Feature", "properties": {"county": "台北市", "town": "內湖區", "village": "內湖里"}, "geometry": {"type": "MultiPolygon", "coordinates": [[[[121.59514401502, 25.08418692972], [121.59234288562, 25.082124631853], [121.59079292694, 25.08061683796], [121.58997369869, 25.083108193098], [121.58998476283, 25.083557161654], [121.58929679305, 25.084330249409], [121.58906586934, 25.084977281067], [121.59117746483, 25.085448414254], [121.59418534026, 25.08469914255], [121.59514401502, 25.08418692972]]]]}, "id": "A6310-009-00"}, {"type": "Feature", "properties": {"county": "台北市", "town": "中山區", "village": "成功里"}, "geometry": {"type": "MultiPolygon", "coordinates": [[[[121.55636551062, 25.08461299655], [121.55629033429, 25.074942037592], [121.55386139712, 25.075577108987], [121.55020442584, 25.075976625833], [121.55024866412, 25.077311816285], [121.55088100641, 25.077351980937], [121.55163363534, 25.077770096251], [121.55219969661, 25.078542955439], [121.55229435964, 25.079266333233], [121.55173375818, 25.081057699599], [121.54913941265, 25.081092475618], [121.54860127017, 25.081231270107], [121.54931788146, 25.084117389053], [121.54979836672, 25.085325341564], [121.5502829643, 25.085250836424], [121.55054277835, 25.085384872173], [121.55064555717, 25.085826488636], [121.55189792537, 25.08598267452], [121.55636551062, 25.08461299655]]]]}, "id": "A6304-015-00"}, {"type": "Feature", "properties": {"county": "台北市", "town": "內湖區", "village": "麗山里"}, "geometry": {"type": "MultiPolygon", "coordinates": [[[[121.57327326368, 25.083565299169], [121.57288855591, 25.082257300931], [121.57500783471, 25.081670076512], [121.57445540716, 25.080328634072], [121.56912289067, 25.082084402963], [121.56914592402, 25.082827052308], [121.56973194555, 25.0828250745], [121.57064605652, 25.086450403931], [121.57281202677, 25.085732047934], [121.57192244247, 25.083949705902], [121.57327326368, 25.083565299169]]]]}, "id": "A6310-038-00"}, {"type": "Feature", "properties": {"county": "台北市", "town": "內湖區", "village": "西湖里"}, "geometry": {"type": "MultiPolygon", "coordinates": [[[[121.57064605652, 25.086450403931], [121.56973194555, 25.0828250745], [121.56914592402, 25.082827052308], [121.56912289067, 25.082084402963], [121.57087591316, 25.0815314302], [121.56869351067, 25.077408698727], [121.56429690986, 25.078792332796], [121.56551877098, 25.082437709342], [121.56555788714, 25.086405945206], [121.57064605652, 25.086450403931]]]]}, "id": "A6310-001-00"}, {"type": "Feature", "properties": {"county": "台北市", "town": "士林區", "village": "葫蘆里"}, "geometry": {"type": "MultiPolygon", "coordinates": [[[[121.50982893679, 25.08470486326], [121.51023554404, 25.082664629599], [121.50792578543, 25.082737365346], [121.50747291587, 25.08246939835], [121.50330633366, 25.081248559124], [121.5013474343, 25.084914564141], [121.50514792046, 25.085593763393], [121.50678503858, 25.086042211935], [121.50770284214, 25.086088364111], [121.50920925383, 25.086575261676], [121.50928075161, 25.086737446225], [121.50982893679, 25.08470486326]]]]}, "id": "A6311-017-00"}, {"type": "Feature", "properties": {"county": "台北市", "town": "內湖區", "village": "金龍里"}, "geometry": {"type": "MultiPolygon", "coordinates": [[[[121.59660087141, 25.087080571718], [121.59777367864, 25.08464585119], [121.59514401502, 25.08418692972], [121.59418534026, 25.08469914255], [121.59117746483, 25.085448414254], [121.58906586934, 25.084977281067], [121.58865190057, 25.085461343407], [121.58968020435, 25.087013418072], [121.59146006711, 25.086191372348], [121.59334482757, 25.08592969617], [121.59410381584, 25.086338654132], [121.59444591778, 25.087062675529], [121.59505586587, 25.08749163734], [121.59584785862, 25.087401600164], [121.59660087141, 25.087080571718]]]]}, "id": "A6310-013-00"}, {"type": "Feature", "properties": {"county": "台北市", "town": "內湖區", "village": "秀湖里"}, "geometry": {"type": "MultiPolygon", "coordinates": [[[[121.59932858994, 25.08741496647], [121.59937182983, 25.086785423051], [121.60064822739, 25.086869853422], [121.60074769796, 25.085877722366], [121.60098103695, 25.085447308509], [121.60170933639, 25.085944316358], [121.60209914506, 25.083924854768], [121.6031804778, 25.08329265021], [121.60559620287, 25.082760315048], [121.60632147962, 25.082231177188], [121.60722247654, 25.080622181786], [121.60711074744, 25.077774480169], [121.60482580861, 25.077822634578], [121.60433586425, 25.07846767952], [121.6025799469, 25.078273069121], [121.60196436063, 25.081245125464], [121.60005136888, 25.081394267579], [121.59946641102, 25.081829302196], [121.59898647872, 25.082592296557], [121.59926646911, 25.082966321407], [121.59933052497, 25.083426362447], [121.59893954628, 25.083466314315], [121.59777367864, 25.08464585119], [121.59660087141, 25.087080571718], [121.59702985199, 25.087623567256], [121.59757919572, 25.087832617353], [121.59932858994, 25.08741496647]]]]}, "id": "A6310-032-00"}, {"type": "Feature", "properties": {"county": "台北市", "town": "士林區", "village": "前港里"}, "geometry": {"type": "MultiPolygon", "coordinates": [[[[121.52355464164, 25.084145881159], [121.52328947217, 25.084222901147], [121.52224437321, 25.084018974014], [121.52050815896, 25.083322854923], [121.52033661451, 25.084948834193], [121.51941106966, 25.085127975419], [121.51950226745, 25.086825392428], [121.51989533711, 25.088652064928], [121.52089462919, 25.088494505797], [121.52154134811, 25.088833918921], [121.52314907223, 25.086150677018], [121.52355464164, 25.084145881159]]]]}, "id": "A6311-010-00"}, {"type": "Feature", "properties": {"county": "台北市", "town": "士林區", "village": "富洲里"}, "geometry": {"type": "MultiPolygon", "coordinates": [[[[121.47524003704, 25.111501711129], [121.47604402529, 25.111649641422], [121.47795872096, 25.110027643322], [121.47715916175, 25.109817695375], [121.47717127593, 25.109600673589], [121.47808031218, 25.108767698836], [121.47834530172, 25.108030835374], [121.47861831689, 25.108062986298], [121.47912687438, 25.107614324774], [121.47969160094, 25.107898512211], [121.48189211187, 25.108198339562], [121.48327307838, 25.108671824539], [121.485242563, 25.109090400756], [121.48648042867, 25.109212415248], [121.48660551949, 25.108213089126], [121.49073186606, 25.108531566396], [121.49243630277, 25.109090439319], [121.49287344861, 25.107620619434], [121.49348686085, 25.107426612702], [121.4943061651, 25.106325687535], [121.48831986725, 25.103832997976], [121.48722480492, 25.103657108325], [121.48726533374, 25.10323558298], [121.48710269007, 25.103372523795], [121.48685879104, 25.103299146574], [121.48682873229, 25.102813137252], [121.48654226091, 25.102257609143], [121.48617652285, 25.102193555514], [121.48605226089, 25.101686586402], [121.4841605111, 25.099529357884], [121.48131053225, 25.100746539871], [121.47988850567, 25.10101957413], [121.47093853839, 25.101791314512], [121.4668945361, 25.101734577121], [121.46431464838, 25.10251514069], [121.46140380097, 25.104125342595], [121.45727207955, 25.108119576738], [121.45705316265, 25.109224676537], [121.45710720764, 25.109924617386], [121.45944936738, 25.113247536927], [121.4615103601, 25.114801433403], [121.46227744774, 25.115973351453], [121.4633342909, 25.113815289155], [121.46407418716, 25.113068265452], [121.46632206271, 25.111707516765], [121.46807104309, 25.110961458362], [121.4693529843, 25.110640403299], [121.47051295328, 25.110570274405], [121.47524003704, 25.111501711129]]]]}, "id": "A6311-024-00"}, {"type": "Feature", "properties": {"county": "台北市", "town": "士林區", "village": "天祿里"}, "geometry": {"type": "MultiPolygon", "coordinates": [[[[121.53182457486, 25.113490987499], [121.53106139996, 25.112397683642], [121.5259823493, 25.111741194705], [121.52858138181, 25.116421449563], [121.52967453605, 25.114461450899], [121.53182457486, 25.113490987499]]]]}, "id": "A6311-037-00"}, {"type": "Feature", "properties": {"county": "台北市", "town": "士林區", "village": "三玉里"}, "geometry": {"type": "MultiPolygon", "coordinates": [[[[121.53895236941, 25.118107670659], [121.53917618889, 25.113955826718], [121.53453540086, 25.112873791849], [121.53496562202, 25.110485607133], [121.5352219788, 25.110526350756], [121.53525034284, 25.110379195885], [121.53499242741, 25.110336804001], [121.53506926787, 25.109910249192], [121.53417035553, 25.109764516392], [121.5291025194, 25.107973686976], [121.53003509197, 25.112263991315], [121.53106139996, 25.112397683642], [121.53407597477, 25.116493270194], [121.53457713241, 25.117501424947], [121.53469135087, 25.118128244132], [121.538802873, 25.118209576634], [121.53895236941, 25.118107670659]]]]}, "id": "A6311-033-00"}, {"type": "Feature", "properties": {"county": "台北市", "town": "士林區", "village": "天福里"}, "geometry": {"type": "MultiPolygon", "coordinates": [[[[121.53469135087, 25.118128244132], [121.53457713241, 25.117501424947], [121.53407597477, 25.116493270194], [121.53182457486, 25.113490987499], [121.52967453605, 25.114461450899], [121.52858138181, 25.116421449563], [121.53009111654, 25.118322298815], [121.53170699937, 25.118033219294], [121.53469135087, 25.118128244132]]]]}, "id": "A6311-036-00"}, {"type": "Feature", "properties": {"county": "台北市", "town": "北投區", "village": "立賢里"}, "geometry": {"type": "MultiPolygon", "coordinates": [[[[121.50745000093, 25.116557379368], [121.5082020634, 25.115028989663], [121.50582194007, 25.113668100481], [121.50480991212, 25.113704143403], [121.50337088801, 25.114510034207], [121.50317190172, 25.114494006901], [121.50197771988, 25.112210187969], [121.50154563199, 25.111693223094], [121.50020754297, 25.110752259597], [121.50238560394, 25.109906221644], [121.50379733837, 25.109122256644], [121.50303169452, 25.109014644421], [121.50293292024, 25.108691544993], [121.50204610194, 25.108179371922], [121.50204414713, 25.108857886264], [121.4991074885, 25.108850840191], [121.49902526484, 25.110525663667], [121.49737045656, 25.110566421902], [121.49755056721, 25.113013403495], [121.49734859825, 25.113391390284], [121.49685060393, 25.113583384206], [121.49940992713, 25.114297074713], [121.49896576302, 25.113274742568], [121.49941851447, 25.113609209725], [121.49962580802, 25.113308050603], [121.50067909661, 25.113926434499], [121.50113422807, 25.114771145694], [121.50188038042, 25.115002453875], [121.50220356923, 25.115479415705], [121.50274243929, 25.115384970991], [121.50325166062, 25.115605736201], [121.50295634113, 25.115948017259], [121.50317182282, 25.115966918433], [121.50295969495, 25.11663545509], [121.50386917187, 25.117352829654], [121.50323502564, 25.117929439787], [121.50511031947, 25.118147735265], [121.50651104714, 25.11858121108], [121.50745000093, 25.116557379368]]]]}, "id": "A6312-016-00"}, {"type": "Feature", "properties": {"county": "台北市", "town": "北投區", "village": "尊賢里"}, "geometry": {"type": "MultiPolygon", "coordinates": [[[[121.50959541013, 25.116059590174], [121.50966436931, 25.115251315363], [121.5082020634, 25.115028989663], [121.50651104714, 25.11858121108], [121.50837453151, 25.118650517965], [121.50869315363, 25.118043464094], [121.50952482563, 25.11726959165], [121.50959541013, 25.116059590174]]]]}, "id": "A6312-015-00"}, {"type": "Feature", "properties": {"county": "台北市", "town": "士林區", "village": "天壽里"}, "geometry": {"type": "MultiPolygon", "coordinates": [[[[121.52843907551, 25.118433585004], [121.53009111654, 25.118322298815], [121.52820236545, 25.115894670833], [121.52661817352, 25.112964048397], [121.52620034372, 25.113199276656], [121.52604792003, 25.113624555105], [121.52539820751, 25.113776226155], [121.52506974155, 25.114627468877], [121.52503651479, 25.115932901495], [121.52364205352, 25.117172257533], [121.52360314102, 25.117791311112], [121.52402893861, 25.118667246588], [121.52487769156, 25.118502788234], [121.52843907551, 25.118433585004]]]]}, "id": "A6311-038-00"}, {"type": "Feature", "properties": {"county": "台北市", "town": "北投區", "village": "吉利里"}, "geometry": {"type": "MultiPolygon", "coordinates": [[[[121.51336498669, 25.11764166922], [121.51505763656, 25.115221165974], [121.51223356892, 25.114058861107], [121.51166489541, 25.115304863857], [121.50966436931, 25.115251315363], [121.50952482563, 25.11726959165], [121.50869315363, 25.118043464094], [121.50837453151, 25.118650517965], [121.51000297863, 25.118668951894], [121.51090720534, 25.118028833044], [121.51251057232, 25.117817835829], [121.51317308263, 25.117498219546], [121.51336498669, 25.11764166922]]]]}, "id": "A6312-013-00"}, {"type": "Feature", "properties": {"county": "台北市", "town": "北投區", "village": "振華里"}, "geometry": {"type": "MultiPolygon", "coordinates": [[[[121.52155480538, 25.111961705912], [121.51949533671, 25.112327934352], [121.51984659612, 25.114230598609], [121.51899502824, 25.114356021489], [121.51906013937, 25.114667575706], [121.51785316371, 25.114878642321], [121.51790118011, 25.115054622724], [121.51764822912, 25.115095317789], [121.51769907266, 25.115315394704], [121.51693847327, 25.115421006671], [121.51644761282, 25.114524161615], [121.51588313121, 25.114047833734], [121.51505763656, 25.115221165974], [121.51582129451, 25.115830220848], [121.51673088229, 25.117619744282], [121.51886985275, 25.118850200201], [121.52032816182, 25.118655804292], [121.52137763015, 25.119002119941], [121.52199433658, 25.11840992679], [121.52230703746, 25.117696616627], [121.52036236274, 25.116785709241], [121.5201048171, 25.115528625007], [121.52177964707, 25.115209826992], [121.52167913083, 25.114599180878], [121.52184203919, 25.113898610575], [121.52222445534, 25.113835259822], [121.52155480538, 25.111961705912]]]]}, "id": "A6312-008-00"}, {"type": "Feature", "properties": {"county": "台北市", "town": "北投區", "village": "榮華里"}, "geometry": {"type": "MultiPolygon", "coordinates": [[[[121.52402893861, 25.118667246588], [121.52360314102, 25.117791311112], [121.52357928023, 25.117355463202], [121.52503651479, 25.115932901495], [121.52506974155, 25.114627468877], [121.52579063839, 25.112914155175], [121.52578605394, 25.112622680761], [121.52514539678, 25.11136379884], [121.52271991385, 25.110818898142], [121.52249973691, 25.109537530142], [121.52124271595, 25.108849638397], [121.52133753287, 25.107068677141], [121.52111247761, 25.106454706549], [121.5192177121, 25.109194147241], [121.52084124032, 25.110703257922], [121.52183698209, 25.112537692005], [121.52222445534, 25.113835259822], [121.52184203919, 25.113898610575], [121.52167913083, 25.114599180878], [121.52177964707, 25.115209826992], [121.5201048171, 25.115528625007], [121.52036236274, 25.116785709241], [121.52230703746, 25.117696616627], [121.52199433658, 25.11840992679], [121.52137763015, 25.119002119941], [121.52194891688, 25.119244094872], [121.52402893861, 25.118667246588]]]]}, "id": "A6312-006-00"}, {"type": "Feature", "properties": {"county": "台北市", "town": "士林區", "village": "新安里"}, "geometry": {"type": "MultiPolygon", "coordinates": [[[[121.55601718222, 25.115276405331], [121.5548330418, 25.114552274255], [121.55422664435, 25.11460652621], [121.55388728494, 25.115103941882], [121.55342826691, 25.11502002026], [121.55285744222, 25.114411152968], [121.5517136406, 25.113705082622], [121.55049355926, 25.113704662097], [121.55015299319, 25.113302915476], [121.55094118566, 25.115226933338], [121.55100434799, 25.116458463508], [121.55055501011, 25.118057238776], [121.54999206365, 25.118978262876], [121.54655168532, 25.127715172796], [121.54716663658, 25.127381192043], [121.5486418347, 25.127760362186], [121.54932161121, 25.126700046176], [121.55036978514, 25.126714761559], [121.550939622, 25.126380024614], [121.55114458035, 25.126555953327], [121.55081075274, 25.128359939621], [121.55176875764, 25.128789930176], [121.55290879963, 25.129588776669], [121.55224091879, 25.131830816046], [121.55194808106, 25.133471773974], [121.5520281426, 25.134139774277], [121.55297276037, 25.137123216261], [121.55419033599, 25.138564561845], [121.55481495255, 25.138721250492], [121.55521990481, 25.138467734801], [121.55505230483, 25.137470378814], [121.55546635693, 25.137517413728], [121.55882534533, 25.136456299827], [121.55953228526, 25.135590314388], [121.56060404108, 25.132767254399], [121.5593668727, 25.12993242294], [121.55945069651, 25.127826447586], [121.55915261753, 25.126370530626], [121.55870660099, 25.125585547446], [121.55713055839, 25.125070616559], [121.55663798817, 25.124476872148], [121.55716825389, 25.123971776179], [121.55738329364, 25.123518988445], [121.55685879966, 25.122574994045], [121.55689733737, 25.122420861173], [121.55743367079, 25.122286172156], [121.55695799499, 25.122027954957], [121.55682932796, 25.120963493811], [121.55705347076, 25.121342886821], [121.55758619843, 25.120282726624], [121.55729420737, 25.120123747123], [121.55701213345, 25.119571711875], [121.55672405589, 25.117531776276], [121.55601718222, 25.115276405331]]]]}, "id": "A6311-045-00"}, {"type": "Feature", "properties": {"county": "台北市", "town": "北投區", "village": "中庸里"}, "geometry": {"type": "MultiPolygon", "coordinates": [[[[121.49947595189, 25.141331506455], [121.50197058758, 25.138845307284], [121.50152609884, 25.138220762843], [121.50138705652, 25.137707769964], [121.5019140629, 25.137126703623], [121.49838669573, 25.136920846942], [121.49853391907, 25.137527745301], [121.49839822358, 25.137620709872], [121.49907603765, 25.138629820989], [121.49925236902, 25.140786420534], [121.49913781876, 25.141335548544], [121.49937481524, 25.141434943426], [121.49947595189, 25.141331506455]]]]}, "id": "A6312-028-00"}, {"type": "Feature", "properties": {"county": "台北市", "town": "北投區", "village": "一德里"}, "geometry": {"type": "MultiPolygon", "coordinates": [[[[121.48574619655, 25.130764712037], [121.48640010318, 25.129311646981], [121.48640301634, 25.127919673404], [121.4867139469, 25.126640723125], [121.48657391259, 25.126415734309], [121.47905072516, 25.124688279317], [121.47839975946, 25.124935333853], [121.47475062078, 25.124116505968], [121.47444558871, 25.122673595858], [121.46592073609, 25.123318497241], [121.46535270054, 25.12347855853], [121.46499474067, 25.123818537664], [121.46416080691, 25.12417839731], [121.46458477405, 25.124357585646], [121.46489384397, 25.125298604054], [121.46396724538, 25.130600466537], [121.46599730506, 25.13226853225], [121.46921847239, 25.135905323531], [121.4700225124, 25.136180323715], [121.47190056232, 25.137413209963], [121.47230662013, 25.138173143268], [121.47255066553, 25.13941112994], [121.4735857011, 25.140011135726], [121.47431879878, 25.140802069421], [121.47596281623, 25.141666315335], [121.47608286152, 25.141885238933], [121.47733159033, 25.137907200562], [121.47791755065, 25.137755253468], [121.47802252404, 25.137507164489], [121.47862156301, 25.137311202405], [121.47886849518, 25.137007127413], [121.47966056402, 25.136804126396], [121.47951213778, 25.136336737248], [121.47921923791, 25.136253979793], [121.47897827288, 25.13648542377], [121.4786522028, 25.136421826943], [121.47842743575, 25.13611415949], [121.47853245813, 25.135921236552], [121.47874850549, 25.136026175466], [121.47900945787, 25.135521164441], [121.47879844388, 25.135406187628], [121.47893942362, 25.135141188605], [121.47942039618, 25.134817124548], [121.48031829573, 25.133587113578], [121.48057829356, 25.132841124325], [121.48277718544, 25.131516044655], [121.48357315611, 25.130507009796], [121.48389810487, 25.130556961936], [121.48482522286, 25.131543748952], [121.48574619655, 25.130764712037]]]]}, "id": "A6312-037-00"}, {"type": "Feature", "properties": {"county": "台北市", "town": "士林區", "village": "公館里"}, "geometry": {"type": "MultiPolygon", "coordinates": [[[[121.5677345278, 25.12426193569], [121.56744651342, 25.123887986976], [121.56637048121, 25.123337018102], [121.56595235314, 25.121706046703], [121.56484231464, 25.121563113255], [121.56436228644, 25.118845909486], [121.56479879394, 25.118274547866], [121.56492520825, 25.117771794032], [121.56451988076, 25.11760591364], [121.56292843069, 25.117566477698], [121.55964476353, 25.115347671054], [121.55835070236, 25.113948773425], [121.55704362703, 25.112919907866], [121.55653561796, 25.113312937016], [121.55605302571, 25.114709578068], [121.55624415139, 25.115394798991], [121.55601718222, 25.115276405331], [121.55672405589, 25.117531776276], [121.55701213345, 25.119571711875], [121.55729420737, 25.120123747123], [121.55758619843, 25.120282726624], [121.55705347076, 25.121342886821], [121.55682932796, 25.120963493811], [121.55695799499, 25.122027954957], [121.55743367079, 25.122286172156], [121.55689733737, 25.122420861173], [121.55685879966, 25.122574994045], [121.55738329364, 25.123518988445], [121.55716825389, 25.123971776179], [121.55663798817, 25.124476872148], [121.55713055839, 25.125070616559], [121.55870660099, 25.125585547446], [121.55915261753, 25.126370530626], [121.55945069651, 25.127826447586], [121.5593668727, 25.12993242294], [121.56060404108, 25.132767254399], [121.55953228526, 25.135590314388], [121.55882534533, 25.136456299827], [121.55546635693, 25.137517413728], [121.55505230483, 25.137470378814], [121.55519827844, 25.138540811262], [121.55492508023, 25.138711833593], [121.55459897964, 25.138674660578], [121.55478844771, 25.138867488642], [121.5554084154, 25.138839434447], [121.55569963003, 25.138978948153], [121.55583448498, 25.139583787337], [121.55573606294, 25.139711149865], [121.55646167334, 25.139833432598], [121.55645209201, 25.140419446781], [121.55704462532, 25.140488228447], [121.55697934997, 25.14070248653], [121.55756647957, 25.141325222501], [121.55812074468, 25.141607175988], [121.55866811094, 25.141479562314], [121.55893718292, 25.141035582777], [121.5587418161, 25.140351247478], [121.55940121991, 25.139767828684], [121.55961800058, 25.13906897723], [121.56082355564, 25.139358444214], [121.56079138264, 25.137655625529], [121.56000401595, 25.137571575103], [121.56045172846, 25.136200921828], [121.56292547869, 25.135200398779], [121.56406417157, 25.134488026349], [121.56470510063, 25.132993956804], [121.56613095444, 25.130571989911], [121.56635290847, 25.129850923458], [121.56620885371, 25.129157980844], [121.56586781262, 25.128567994691], [121.56524580037, 25.127979079517], [121.56664264696, 25.125454019186], [121.5677345278, 25.12426193569]]]]}, "id": "A6311-044-00"}, {"type": "Feature", "properties": {"county": "台北市", "town": "士林區", "village": "天母里"}, "geometry": {"type": "MultiPolygon", "coordinates": [[[[121.54252060184, 25.13328742077], [121.54153194201, 25.131871348506], [121.53993770534, 25.12876048608], [121.53947211934, 25.126030843226], [121.53922240506, 25.125563870026], [121.53950856592, 25.125390851233], [121.54025450469, 25.125556155577], [121.5405438478, 25.125815722824], [121.54073233144, 25.125742421536], [121.54100580458, 25.123998438231], [121.54095747499, 25.12299666124], [121.54138932078, 25.122226060109], [121.54136665611, 25.121901156558], [121.54167710333, 25.12110233494], [121.5414501626, 25.120927601498], [121.54149414649, 25.120421567212], [121.5409180847, 25.119680613607], [121.53914602051, 25.118277789484], [121.53894802524, 25.118189758028], [121.53932103218, 25.118663759045], [121.5393771111, 25.119010796432], [121.53935737738, 25.123235635942], [121.53767038051, 25.123298734938], [121.53699942152, 25.123487789029], [121.53637748523, 25.124432810873], [121.53639145919, 25.124860807361], [121.5361735384, 25.125325758378], [121.53648650069, 25.125664734135], [121.53641569804, 25.126258738628], [121.53515049784, 25.125783949232], [121.53504100099, 25.125907939338], [121.53440419148, 25.125750221279], [121.53272989737, 25.124602194734], [121.53156007972, 25.121533043506], [121.5296177637, 25.122162484411], [121.52869400558, 25.122268739862], [121.52819121654, 25.122551597883], [121.52752078641, 25.1221814156], [121.52713337545, 25.122372173884], [121.5268022971, 25.12227624312], [121.52645002937, 25.123284322926], [121.52687550384, 25.123637192179], [121.52848445148, 25.123739086125], [121.52956951593, 25.124205064062], [121.52978763044, 25.125922977703], [121.53138572419, 25.12734685174], [121.53150678032, 25.12827185394], [121.53087704097, 25.132195790153], [121.53123009566, 25.133878726371], [121.53038616504, 25.134414709346], [121.53058927596, 25.13577667382], [121.5314463769, 25.137128619681], [121.53322037048, 25.137557515929], [121.53473143396, 25.139014477236], [121.536198456, 25.139257462242], [121.53928255316, 25.140694186532], [121.53952958298, 25.141302176565], [121.54051459443, 25.1416111564], [121.5415275946, 25.141606102882], [121.54191157491, 25.14217503508], [121.54240760847, 25.142423041212], [121.54251258027, 25.141888976835], [121.54239356894, 25.141448996694], [121.54252449702, 25.141124029283], [121.54316449972, 25.140537985724], [121.54349539945, 25.139334974059], [121.54280837752, 25.139350043337], [121.54261736737, 25.139111032809], [121.54260033308, 25.138496066773], [121.54214638921, 25.138365097923], [121.54175640033, 25.137938269833], [121.53882629967, 25.137186335819], [121.53814022947, 25.13627738979], [121.53731319381, 25.136016484868], [121.53707922207, 25.135826468459], [121.53705818588, 25.135580424394], [121.53967338094, 25.135191533428], [121.53995083149, 25.134667020127], [121.54025988709, 25.134868924345], [121.5412286761, 25.134401235382], [121.54229459955, 25.133724982803], [121.54210689315, 25.133501304043], [121.54252060184, 25.13328742077]]]]}, "id": "A6311-042-00"}, {"type": "Feature", "properties": {"county": "台北市", "town": "北投區", "village": "永和里"}, "geometry": {"type": "MultiPolygon", "coordinates": [[[[121.53068325017, 25.13592368456], [121.53038616504, 25.134414709346], [121.53123009566, 25.133878726371], [121.53087704097, 25.132195790153], [121.53150678032, 25.12827185394], [121.53138572419, 25.12734685174], [121.52978763044, 25.125922977703], [121.5297175697, 25.125363000331], [121.52883764815, 25.125382160792], [121.52770383368, 25.125010397554], [121.52702224868, 25.125321788216], [121.52624124365, 25.124701766678], [121.5258619021, 25.123876947475], [121.52486045456, 25.123078334859], [121.52398375484, 25.124048828933], [121.52071868559, 25.126582220262], [121.51933784868, 25.128672237079], [121.52035288289, 25.129768187928], [121.52059696588, 25.130499195121], [121.52066207829, 25.132274091724], [121.52124812016, 25.132951078334], [121.52178502812, 25.134534358375], [121.521645525, 25.135170862455], [121.52219124791, 25.135756470172], [121.52264164194, 25.135670040926], [121.5230407252, 25.135321027695], [121.52316383831, 25.13621931719], [121.52406954537, 25.136951157946], [121.52382592945, 25.137566880333], [121.52387554814, 25.138649649856], [121.52490832093, 25.140141130119], [121.52585239009, 25.140424616209], [121.52582806533, 25.14104767108], [121.52616919482, 25.141514441705], [121.52636699654, 25.141467756024], [121.52631433426, 25.141106959005], [121.52670367597, 25.141170788857], [121.52717160693, 25.140959750688], [121.52733763137, 25.141101722234], [121.52771764601, 25.1419057222], [121.52774452712, 25.142541100269], [121.52739740482, 25.14275105571], [121.5272455196, 25.143429551206], [121.52680336273, 25.143961572066], [121.52848685339, 25.144026603288], [121.52882075281, 25.143408576327], [121.52885269462, 25.14239165835], [121.52995360979, 25.141165609939], [121.53012555556, 25.140499585166], [121.52970558589, 25.140069609312], [121.52963550024, 25.139714673574], [121.52984749821, 25.139211652882], [121.52985944009, 25.138585655295], [121.52933440679, 25.137654693844], [121.53014635857, 25.137265636751], [121.53020834238, 25.137051706728], [121.52975329732, 25.136471710226], [121.53040532142, 25.136349657755], [121.53068325017, 25.13592368456]]]]}, "id": "A6312-009-00"}, {"type": "Feature", "properties": {"county": "台北市", "town": "北投區", "village": "林泉里"}, "geometry": {"type": "MultiPolygon", "coordinates": [[[[121.5267684214, 25.143967689981], [121.5272455196, 25.143429551206], [121.52739740482, 25.14275105571], [121.52774452712, 25.142541100269], [121.52771764601, 25.1419057222], [121.52717160693, 25.140959750688], [121.52670367597, 25.141170788857], [121.52631433426, 25.141106959005], [121.52636699654, 25.141467756024], [121.52616919482, 25.141514441705], [121.52582806533, 25.14104767108], [121.52585239009, 25.140424616209], [121.52482761662, 25.140042424351], [121.52381529435, 25.13853287302], [121.52382592945, 25.137566880333], [121.52406954537, 25.136951157946], [121.52316383831, 25.13621931719], [121.5230407252, 25.135321027695], [121.52264164194, 25.135670040926], [121.52219124791, 25.135756470172], [121.52207431005, 25.136121924837], [121.52136224874, 25.135382004569], [121.51837622701, 25.134335224833], [121.5128351852, 25.134402350828], [121.50953706584, 25.134252475939], [121.5081690526, 25.135047546238], [121.50788812189, 25.135381578138], [121.50842010669, 25.135776565482], [121.50840309737, 25.135995075892], [121.50861965167, 25.136170380289], [121.51012838946, 25.136322149791], [121.51060833879, 25.136154324825], [121.51099227392, 25.136447397582], [121.51084784985, 25.136877660191], [121.50994293029, 25.13665785106], [121.50937973804, 25.136887752144], [121.5089904889, 25.136610095195], [121.50803855999, 25.136597831296], [121.50654766445, 25.135990658276], [121.50661514471, 25.136553617955], [121.50591516646, 25.136643678604], [121.50564563344, 25.136888407646], [121.50567462662, 25.137329783717], [121.50504507455, 25.137559657462], [121.50479290058, 25.137235309646], [121.50433022741, 25.13741111909], [121.5051649439, 25.13848501674], [121.5060320329, 25.138742701277], [121.50690788723, 25.139233705181], [121.50897152742, 25.139779215226], [121.50892595176, 25.140242607538], [121.50973213313, 25.140396424605], [121.51007547208, 25.141039055378], [121.5129967384, 25.141539727705], [121.51446869676, 25.142136175585], [121.5148377065, 25.142131073038], [121.51583424595, 25.141717280592], [121.51672167752, 25.142400207509], [121.51952709095, 25.143389103399], [121.5205491535, 25.143385515562], [121.5214846725, 25.143824174144], [121.52219586212, 25.143850747086], [121.52455188457, 25.144459788945], [121.52558689168, 25.144410796416], [121.5267684214, 25.143967689981]]]]}, "id": "A6312-026-00"}, {"type": "Feature", "properties": {"county": "台北市", "town": "北投區", "village": "中心里"}, "geometry": {"type": "MultiPolygon", "coordinates": [[[[121.52129561296, 25.143730290551], [121.5205491535, 25.143385515562], [121.51952709095, 25.143389103399], [121.51672167752, 25.142400207509], [121.51583424595, 25.141717280592], [121.5148377065, 25.142131073038], [121.51446869676, 25.142136175585], [121.5129967384, 25.141539727705], [121.51007547208, 25.141039055378], [121.50973213313, 25.140396424605], [121.50892595176, 25.140242607538], [121.50897152742, 25.139779215226], [121.50690788723, 25.139233705181], [121.5060320329, 25.138742701277], [121.5051649439, 25.13848501674], [121.50433022741, 25.13741111909], [121.50479290058, 25.137235309646], [121.50504507455, 25.137559657462], [121.50567462662, 25.137329783717], [121.50544109738, 25.136425718616], [121.50501806779, 25.13632468521], [121.5036771016, 25.136527623435], [121.50310502781, 25.136169682277], [121.50266499888, 25.136212708067], [121.50253668558, 25.135782721057], [121.50214513304, 25.136203608269], [121.50179185448, 25.136126185687], [121.50172552412, 25.136711938909], [121.50100632787, 25.136680784694], [121.5010539133, 25.137078043309], [121.5019140629, 25.137126703623], [121.50139908271, 25.137647778881], [121.50141507326, 25.137931960283], [121.50197058758, 25.138845307284], [121.50185749968, 25.138950815918], [121.50232638642, 25.139425234954], [121.50280993515, 25.140317045132], [121.50340685163, 25.140492949829], [121.50391147277, 25.14037225541], [121.50440872584, 25.140477727313], [121.50454451732, 25.140143283592], [121.50510975526, 25.140309487604], [121.50554939151, 25.14126861539], [121.50702253328, 25.142097471567], [121.50758953627, 25.142051469809], [121.50787052706, 25.141708499765], [121.50878051014, 25.141591435319], [121.51105105353, 25.141905708892], [121.51256221937, 25.142772230685], [121.51343203389, 25.142947233223], [121.51407200916, 25.142996796505], [121.51463737927, 25.142646471091], [121.51543992466, 25.142789960351], [121.51589977424, 25.142621550721], [121.51635170939, 25.142711195769], [121.51722730427, 25.14324240952], [121.51892840332, 25.14347543903], [121.51983497686, 25.144613309157], [121.52110868055, 25.144236879133], [121.52129561296, 25.143730290551]]]]}, "id": "A6312-027-00"}, {"type": "Feature", "properties": {"county": "台北市", "town": "北投區", "village": "文化里"}, "geometry": {"type": "MultiPolygon", "coordinates": [[[[121.49922115289, 25.140537823527], [121.49907603765, 25.138629820989], [121.49839822358, 25.137620709872], [121.49853391907, 25.137527745301], [121.49838669573, 25.136920846942], [121.49757982216, 25.136528552264], [121.49716654076, 25.136072938654], [121.49423521526, 25.137422622197], [121.49135564399, 25.138522931814], [121.4913958738, 25.138804239987], [121.49011284473, 25.139576294113], [121.48973393203, 25.140198272657], [121.48983897351, 25.1410383202], [121.49209115589, 25.143353137003], [121.49245223853, 25.144099064985], [121.49248738562, 25.144711050549], [121.49452867027, 25.144001812901], [121.49424620286, 25.143162088827], [121.49650721198, 25.142527935143], [121.49627119662, 25.141619985427], [121.49771920378, 25.141224906458], [121.49746712783, 25.140574872763], [121.4981441542, 25.14068690134], [121.49861315887, 25.14044181885], [121.49866921661, 25.14066780033], [121.49922115289, 25.140537823527]]]]}, "id": "A6312-033-00"}, {"type": "Feature", "properties": {"county": "台北市", "town": "北投區", "village": "智仁里"}, "geometry": {"type": "MultiPolygon", "coordinates": [[[[121.49526873446, 25.145196283166], [121.49570324112, 25.145058691359], [121.49599432751, 25.14457095584], [121.49590030733, 25.143796968814], [121.49614703725, 25.143186374156], [121.49685427295, 25.142632949777], [121.49793223845, 25.142414898646], [121.49850521608, 25.142048128985], [121.49915065866, 25.141316290109], [121.49922115289, 25.140537823527], [121.49866921661, 25.14066780033], [121.49861315887, 25.14044181885], [121.4981441542, 25.14068690134], [121.49746712783, 25.140574872763], [121.49771920378, 25.141224906458], [121.49627119662, 25.141619985427], [121.49650721198, 25.142527935143], [121.49424620286, 25.143162088827], [121.49452867027, 25.144001812901], [121.49248738562, 25.144711050549], [121.49248455566, 25.144995734211], [121.49311777433, 25.145445991435], [121.49526873446, 25.145196283166]]]]}, "id": "A6312-031-00"}, {"type": "Feature", "properties": {"county": "台北市", "town": "北投區", "village": "桃源里"}, "geometry": {"type": "MultiPolygon", "coordinates": [[[[121.4867602067, 25.138334430411], [121.48664436579, 25.138323856353], [121.48680279341, 25.137919905969], [121.48709865997, 25.137923500868], [121.48912661266, 25.135812400343], [121.48883650482, 25.134594477477], [121.4870784077, 25.134014572052], [121.48652636767, 25.133679612804], [121.4867813258, 25.13305353519], [121.48736532866, 25.13239350975], [121.48660629794, 25.131864571947], [121.48589215655, 25.13083267132], [121.48559320679, 25.130801689302], [121.48482522286, 25.131543748952], [121.48389810487, 25.130556961936], [121.48357315611, 25.130507009796], [121.48250422731, 25.131728026713], [121.48077326893, 25.13264213011], [121.48031829573, 25.133587113578], [121.47942039618, 25.134817124548], [121.47893942362, 25.135141188605], [121.47879844388, 25.135406187628], [121.47897344834, 25.135622132797], [121.47874850549, 25.136026175466], [121.47853245813, 25.135921236552], [121.47842743575, 25.13611415949], [121.4786522028, 25.136421826943], [121.47897827288, 25.13648542377], [121.47921923791, 25.136253979793], [121.47951213778, 25.136336737248], [121.47966056402, 25.136804126396], [121.47886849518, 25.137007127413], [121.47862156301, 25.137311202405], [121.47802252404, 25.137507164489], [121.47791755065, 25.137755253468], [121.47733159033, 25.137907200562], [121.47608286152, 25.141885238933], [121.47683990369, 25.143270168027], [121.47702501761, 25.143959189908], [121.47912910343, 25.145615050039], [121.48260199116, 25.143343872848], [121.48387600025, 25.143525800424], [121.48503095132, 25.143055539522], [121.48621887492, 25.141615444058], [121.48598786196, 25.141496480812], [121.48560323661, 25.140306816654], [121.48653369972, 25.141038216361], [121.48680585693, 25.14010743272], [121.4870318269, 25.139904445658], [121.4867602067, 25.138334430411]]]]}, "id": "A6312-036-00"}, {"type": "Feature", "properties": {"county": "台北市", "town": "北投區", "village": "中和里"}, "geometry": {"type": "MultiPolygon", "coordinates": [[[[121.50218464764, 25.145262733908], [121.50289904393, 25.145508244014], [121.50348689128, 25.145106668695], [121.50296995884, 25.144279409461], [121.50250336875, 25.144507570031], [121.49947595189, 25.141331506455], [121.49937481524, 25.141434943426], [121.49913781876, 25.141335548544], [121.49821024261, 25.142275824012], [121.49685427295, 25.142632949777], [121.49614703725, 25.143186374156], [121.49590030733, 25.143796968814], [121.49601434731, 25.144503895712], [121.4956903761, 25.144991899303], [121.49773282504, 25.144313358607], [121.49804763383, 25.144642233766], [121.49848512134, 25.145781488951], [121.4993890641, 25.145415478689], [121.49948586642, 25.145027567364], [121.5001151951, 25.14517389843], [121.50076953894, 25.145106715276], [121.50130604924, 25.144661124662], [121.50218464764, 25.145262733908]]]]}, "id": "A6312-030-00"}, {"type": "Feature", "properties": {"county": "台北市", "town": "北投區", "village": "永明里"}, "geometry": {"type": "MultiPolygon", "coordinates": [[[[121.51886985275, 25.118850200201], [121.51673088229, 25.117619744282], [121.51582129451, 25.115830220848], [121.51505763656, 25.115221165974], [121.51237813365, 25.11897095063], [121.51262665146, 25.11906346995], [121.5170160095, 25.118604759736], [121.51760393337, 25.119374772888], [121.51915918174, 25.119131567734], [121.51886985275, 25.118850200201]]]]}, "id": "A6312-011-00"}, {"type": "Feature", "properties": {"county": "台北市", "town": "士林區", "village": "芝山里"}, "geometry": {"type": "MultiPolygon", "coordinates": [[[[121.54999206365, 25.118978262876], [121.55055501011, 25.118057238776], [121.55100434799, 25.116458463508], [121.55101537318, 25.115714626824], [121.54973792876, 25.112166163277], [121.54517648964, 25.110717694393], [121.54437951802, 25.110302776529], [121.54366146676, 25.10933073584], [121.54276520575, 25.107248859394], [121.54216018929, 25.106344957285], [121.54188912643, 25.106077978188], [121.540662487, 25.105675002822], [121.54092743572, 25.104993176866], [121.54040898209, 25.104024124837], [121.53967400613, 25.104005132085], [121.53893923919, 25.103143609521], [121.53700751236, 25.106341404901], [121.53727496479, 25.107405376018], [121.53639991552, 25.108539545842], [121.53584504246, 25.10859651162], [121.5346931653, 25.108081655233], [121.53444546115, 25.107636339331], [121.53339116699, 25.107701192437], [121.53362354823, 25.108944393883], [121.53386293733, 25.109024672277], [121.53417035553, 25.109764516392], [121.53506926787, 25.109910249192], [121.53499242741, 25.110336804001], [121.53525034284, 25.110379195885], [121.5352219788, 25.110526350756], [121.53496562202, 25.110485607133], [121.53453540086, 25.112873791849], [121.53732632108, 25.113486867402], [121.53761594248, 25.110336086138], [121.53993965927, 25.11071767575], [121.54007159879, 25.110508906896], [121.54042358956, 25.110467898608], [121.54073960782, 25.110875922987], [121.54080358904, 25.111364860376], [121.54061567165, 25.111761901392], [121.54075765264, 25.1122448658], [121.54115665893, 25.112292796797], [121.54178460989, 25.111992830181], [121.54208560132, 25.112014753262], [121.54295067772, 25.11288772424], [121.54554786029, 25.116240497817], [121.54610502857, 25.118028464013], [121.54575741636, 25.119419190001], [121.54588599365, 25.119497530802], [121.54636010837, 25.119290450168], [121.54637103747, 25.118952468465], [121.54659909616, 25.118901427721], [121.54769007415, 25.119052332926], [121.54999206365, 25.118978262876]]]]}, "id": "A6311-031-00"}, {"type": "Feature", "properties": {"county": "台北市", "town": "北投區", "village": "立農里"}, "geometry": {"type": "MultiPolygon", "coordinates": [[[[121.51215285315, 25.1188870825], [121.51237813365, 25.11897095063], [121.51336498669, 25.11764166922], [121.51317308263, 25.117498219546], [121.51251057232, 25.117817835829], [121.51121286411, 25.117943366586], [121.51052092459, 25.118205119327], [121.51031924702, 25.118548162984], [121.50933005031, 25.1187442523], [121.50654213408, 25.118589332091], [121.50511031947, 25.118147735265], [121.50323502564, 25.117929439787], [121.50386917187, 25.117352829654], [121.50295969495, 25.11663545509], [121.50317182282, 25.115966918433], [121.50295634113, 25.115948017259], [121.50325166062, 25.115605736201], [121.50274243929, 25.115384970991], [121.50220356923, 25.115479415705], [121.50188038042, 25.115002453875], [121.50113422807, 25.114771145694], [121.50095929036, 25.114258791796], [121.50051227758, 25.113805256647], [121.49962580802, 25.113308050603], [121.49941851447, 25.113609209725], [121.49896576302, 25.113274742568], [121.49940992713, 25.114297074713], [121.50013958664, 25.114426099319], [121.50048834105, 25.114842874732], [121.50029616918, 25.116012505731], [121.50039418507, 25.117384198214], [121.50019254011, 25.118260831139], [121.50064812259, 25.119359254183], [121.50061622433, 25.120310502112], [121.50261029245, 25.118497472111], [121.50311789262, 25.119587270598], [121.50381617472, 25.12006701572], [121.50411494732, 25.119868050022], [121.50429001761, 25.120253070742], [121.50483596802, 25.120058172883], [121.50501700922, 25.120350004205], [121.50485501107, 25.120479033617], [121.50510563848, 25.120843850379], [121.51088326016, 25.119728990398], [121.51215285315, 25.1188870825]]]]}, "id": "A6312-017-00"}, {"type": "Feature", "properties": {"county": "台北市", "town": "士林區", "village": "天玉里"}, "geometry": {"type": "MultiPolygon", "coordinates": [[[[121.53156007972, 25.121533043506], [121.53056663264, 25.118891280438], [121.53009111654, 25.118322298815], [121.52487769156, 25.118502788234], [121.52402893861, 25.118667246588], [121.52469424882, 25.120033377418], [121.52544722838, 25.120318363883], [121.52573824541, 25.120623312375], [121.52560036252, 25.121718254704], [121.52615847107, 25.123042222692], [121.52645002937, 25.123284322926], [121.5268022971, 25.12227624312], [121.52713337545, 25.122372173884], [121.52752078641, 25.1221814156], [121.52819121654, 25.122551597883], [121.52869400558, 25.122268739862], [121.5296177637, 25.122162484411], [121.53156007972, 25.121533043506]]]]}, "id": "A6311-041-00"}, {"type": "Feature", "properties": {"county": "台北市", "town": "北投區", "village": "東華里"}, "geometry": {"type": "MultiPolygon", "coordinates": [[[[121.51712040274, 25.123772184505], [121.51729103134, 25.12350960483], [121.51679860106, 25.123182378443], [121.51644955802, 25.122623959355], [121.51424201162, 25.121096131099], [121.51498189128, 25.120471101785], [121.51670857233, 25.120394210882], [121.51760393337, 25.119374772888], [121.5170160095, 25.118604759736], [121.51262665146, 25.11906346995], [121.51215285315, 25.1188870825], [121.51088326016, 25.119728990398], [121.50380405048, 25.121071984729], [121.50273795429, 25.121501617938], [121.50293318222, 25.122711833065], [121.50458940622, 25.123005373647], [121.50933674776, 25.123483096299], [121.51030755317, 25.123443759013], [121.51094169435, 25.123912627604], [121.51150581469, 25.123474194404], [121.51300185966, 25.12325402068], [121.51611154523, 25.123402096006], [121.51712040274, 25.123772184505]]]]}, "id": "A6312-012-00"}, {"type": "Feature", "properties": {"county": "台北市", "town": "北投區", "village": "關渡里"}, "geometry": {"type": "MultiPolygon", "coordinates": [[[[121.46889668006, 25.123078108331], [121.47444558871, 25.122673595858], [121.47402247686, 25.121660020497], [121.47396045131, 25.120890052395], [121.4736524124, 25.120104076465], [121.47351929294, 25.118374109206], [121.47418419497, 25.113806079522], [121.47458709423, 25.112640705238], [121.47524003704, 25.111501711129], [121.47051295328, 25.110570274405], [121.4693529843, 25.110640403299], [121.46807104309, 25.110961458362], [121.46632206271, 25.111707516765], [121.46407418716, 25.113068265452], [121.4633342909, 25.113815289155], [121.45882283723, 25.122647706227], [121.46064885479, 25.122926549134], [121.46416080691, 25.12417839731], [121.46562171762, 25.123368554785], [121.46889668006, 25.123078108331]]]]}, "id": "A6312-038-00"}, {"type": "Feature", "properties": {"county": "台北市", "town": "士林區", "village": "天山里"}, "geometry": {"type": "MultiPolygon", "coordinates": [[[[121.53338704438, 25.119916931321], [121.53409778736, 25.119397484994], [121.53469135087, 25.118128244132], [121.53170699937, 25.118033219294], [121.53009111654, 25.118322298815], [121.53056663264, 25.118891280438], [121.53272989737, 25.124602194734], [121.53377639703, 25.125348343347], [121.53389176515, 25.124680103901], [121.53410733845, 25.124416353975], [121.53391550645, 25.123930074086], [121.53400775023, 25.123121740288], [121.53308599073, 25.121421674668], [121.53370417933, 25.120345344117], [121.53338704438, 25.119916931321]]]]}, "id": "A6311-040-00"}, {"type": "Feature", "properties": {"county": "台北市", "town": "士林區", "village": "天和里"}, "geometry": {"type": "MultiPolygon", "coordinates": [[[[121.53894802524, 25.118189758028], [121.53469135087, 25.118128244132], [121.53409778736, 25.119397484994], [121.53338704438, 25.119916931321], [121.53370417933, 25.120345344117], [121.53308599073, 25.121421674668], [121.53400775023, 25.123121740288], [121.53391550645, 25.123930074086], [121.53410733845, 25.124416353975], [121.53389176515, 25.124680103901], [121.53377639703, 25.125348343347], [121.5345534654, 25.125803680225], [121.53509562444, 25.125907742146], [121.53515049784, 25.125783949232], [121.53641569804, 25.126258738628], [121.53648650069, 25.125664734135], [121.5361735384, 25.125325758378], [121.53639145919, 25.124860807361], [121.53637748523, 25.124432810873], [121.53699942152, 25.123487789029], [121.53767038051, 25.123298734938], [121.53935737738, 25.123235635942], [121.5393771111, 25.119010796432], [121.53932103218, 25.118663759045], [121.53894802524, 25.118189758028]]]]}, "id": "A6311-039-00"}, {"type": "Feature", "properties": {"county": "台北市", "town": "北投區", "village": "八仙里"}, "geometry": {"type": "MultiPolygon", "coordinates": [[[[121.50298730726, 25.124050494073], [121.50298523113, 25.122936653411], [121.50273795429, 25.121501617938], [121.50380405048, 25.121071984729], [121.50510563848, 25.120843850379], [121.50485501107, 25.120479033617], [121.50501700922, 25.120350004205], [121.50483596802, 25.120058172883], [121.50429001761, 25.120253070742], [121.50411494732, 25.119868050022], [121.50381617472, 25.12006701572], [121.50332747629, 25.119775557899], [121.50301851385, 25.119443602902], [121.50261029245, 25.118497472111], [121.50061622433, 25.120310502112], [121.50064812259, 25.119359254183], [121.50019254011, 25.118260831139], [121.50039418507, 25.117384198214], [121.50029616918, 25.116012505731], [121.50048834105, 25.114842874732], [121.50013958664, 25.114426099319], [121.49822244238, 25.114066880111], [121.49460046854, 25.112886579314], [121.49203251984, 25.114556599254], [121.49027751853, 25.115238662965], [121.48794744935, 25.115292757407], [121.48665639665, 25.114933866175], [121.48138618835, 25.112633323408], [121.47524003704, 25.111501711129], [121.47458709423, 25.112640705238], [121.47383227028, 25.115571082246], [121.47351929294, 25.118374109206], [121.4736524124, 25.120104076465], [121.47396045131, 25.120890052395], [121.47402247686, 25.121660020497], [121.47463958123, 25.123195562554], [121.47475062078, 25.124116505968], [121.47839975946, 25.124935333853], [121.47905072516, 25.124688279317], [121.48523882262, 25.126056793881], [121.48657391259, 25.126415734309], [121.4867139469, 25.126640723125], [121.48693191149, 25.12638467316], [121.48924199486, 25.126272513307], [121.49120803096, 25.126571453691], [121.49419715922, 25.127481332505], [121.49609019535, 25.127295246129], [121.49611819116, 25.126976166637], [121.4967341981, 25.126845173468], [121.50054388257, 25.127757430972], [121.50145911509, 25.123493696404], [121.50298730726, 25.124050494073]]]]}, "id": "A6312-018-00"}, {"type": "Feature", "properties": {"county": "台北市", "town": "北投區", "village": "永欣里"}, "geometry": {"type": "MultiPolygon", "coordinates": [[[[121.52702224868, 25.125321788216], [121.52770383368, 25.125010397554], [121.52883764815, 25.125382160792], [121.5297175697, 25.125363000331], [121.52956951593, 25.124205064062], [121.52848445148, 25.123739086125], [121.52687550384, 25.123637192179], [121.52615847107, 25.123042222692], [121.5255523463, 25.121526295773], [121.52573824541, 25.120623312375], [121.52544722838, 25.120318363883], [121.52469424882, 25.120033377418], [121.52402893861, 25.118667246588], [121.52194891688, 25.119244094872], [121.52049421789, 25.118676197022], [121.51886985275, 25.118850200201], [121.51915918174, 25.119131567734], [121.51768960781, 25.119299998143], [121.51670857233, 25.120394210882], [121.51498189128, 25.120471101785], [121.51424201162, 25.121096131099], [121.51617430152, 25.122401909414], [121.51679860106, 25.123182378443], [121.51729103134, 25.12350960483], [121.51693255828, 25.124734482792], [121.51560166143, 25.125968553432], [121.51724169204, 25.12695445941], [121.51933784868, 25.128672237079], [121.52071868559, 25.126582220262], [121.52398375484, 25.124048828933], [121.52486045456, 25.123078334859], [121.5258619021, 25.123876947475], [121.52624124365, 25.124701766678], [121.52702224868, 25.125321788216]]]]}, "id": "A6312-010-00"}, {"type": "Feature", "properties": {"county": "台北市", "town": "北投區", "village": "清江里"}, "geometry": {"type": "MultiPolygon", "coordinates": [[[[121.50466381639, 25.131141060678], [121.50471148868, 25.13050190655], [121.50387421242, 25.129921573968], [121.50365430698, 25.130026268962], [121.50327398881, 25.129528274621], [121.50320384418, 25.128816062652], [121.50345630789, 25.126710109681], [121.50302634915, 25.125665405202], [121.50298730726, 25.124050494073], [121.50145911509, 25.123493696404], [121.50054388257, 25.127757430972], [121.50079069263, 25.12781530905], [121.50123152595, 25.128392148303], [121.50104370944, 25.129656723736], [121.50133689674, 25.131758729296], [121.50186974681, 25.131411961318], [121.50203329424, 25.132052377266], [121.50259408335, 25.133063331099], [121.50289703766, 25.132872371377], [121.5030534647, 25.133074308617], [121.50387918161, 25.132494071679], [121.50392099897, 25.132132056668], [121.50466381639, 25.131141060678]]]]}, "id": "A6312-021-00"}, {"type": "Feature", "properties": {"county": "台北市", "town": "士林區", "village": "東山里"}, "geometry": {"type": "MultiPolygon", "coordinates": [[[[121.54655168532, 25.127715172796], [121.54999206365, 25.118978262876], [121.54769007415, 25.119052332926], [121.54659909616, 25.118901427721], [121.54637103747, 25.118952468465], [121.54636010837, 25.119290450168], [121.54588599365, 25.119497530802], [121.54575741636, 25.119419190001], [121.54610502857, 25.118028464013], [121.54554786029, 25.116240497817], [121.54260664525, 25.112472764636], [121.54189066763, 25.11196978057], [121.54115665893, 25.112292796797], [121.54075765264, 25.1122448658], [121.54061567165, 25.111761901392], [121.54080358904, 25.111364860376], [121.54073960782, 25.110875922987], [121.54042358956, 25.110467898608], [121.54007159879, 25.110508906896], [121.53993965927, 25.11071767575], [121.53761594248, 25.110336086138], [121.53732632108, 25.113486867402], [121.53917618889, 25.113955826718], [121.53894802524, 25.118189758028], [121.5409180847, 25.119680613607], [121.54149414649, 25.120421567212], [121.5414501626, 25.120927601498], [121.54167710333, 25.12110233494], [121.54136665611, 25.121901156558], [121.54138932078, 25.122226060109], [121.54095747499, 25.12299666124], [121.54100580458, 25.123998438231], [121.54073233144, 25.125742421536], [121.5405438478, 25.125815722824], [121.54025450469, 25.125556155577], [121.53950856592, 25.125390851233], [121.53922240506, 25.125563870026], [121.53947211934, 25.126030843226], [121.53993770534, 25.12876048608], [121.54153194201, 25.131871348506], [121.54252060184, 25.13328742077], [121.54353496942, 25.132455208652], [121.54398103799, 25.132524997474], [121.54568877028, 25.129387203876], [121.54603374722, 25.129135207798], [121.54655168532, 25.127715172796]]]]}, "id": "A6311-032-00"}, {"type": "Feature", "properties": {"county": "台北市", "town": "北投區", "village": "中央里"}, "geometry": {"type": "MultiPolygon", "coordinates": [[[[121.50259408335, 25.133063331099], [121.50203329424, 25.132052377266], [121.50186974681, 25.131411961318], [121.50133689674, 25.131758729296], [121.50104370944, 25.129656723736], [121.50123152595, 25.128392148303], [121.50079069263, 25.12781530905], [121.49801965994, 25.127247353922], [121.49706630848, 25.129613142405], [121.49971917397, 25.130270855115], [121.49747710241, 25.132822394036], [121.49814485258, 25.133242152133], [121.49883226737, 25.132298815061], [121.49949987276, 25.132682568396], [121.50074267149, 25.133125742136], [121.50150624231, 25.133210189866], [121.50191461878, 25.133460788582], [121.50259408335, 25.133063331099]]]]}, "id": "A6312-022-00"}, {"type": "Feature", "properties": {"county": "台北市", "town": "北投區", "village": "大同里"}, "geometry": {"type": "MultiPolygon", "coordinates": [[[[121.50164676322, 25.133298312299], [121.50074267149, 25.133125742136], [121.49883226737, 25.132298815061], [121.49814485258, 25.133242152133], [121.49747710241, 25.132822394036], [121.49971917397, 25.130270855115], [121.49706630848, 25.129613142405], [121.49801965994, 25.127247353922], [121.49793327642, 25.127036080002], [121.49653415662, 25.126856226881], [121.49611819116, 25.126976166637], [121.49609019535, 25.127295246129], [121.49419715922, 25.127481332505], [121.49120803096, 25.126571453691], [121.48924199486, 25.126272513307], [121.48693191149, 25.12638467316], [121.4867139469, 25.126640723125], [121.48682793215, 25.126794650252], [121.48789299427, 25.126943643052], [121.48912610102, 25.128844555904], [121.48933216108, 25.129522476273], [121.48980219449, 25.129952498693], [121.4901353193, 25.130901402349], [121.49076233541, 25.131002344994], [121.49078137129, 25.132306394164], [121.49328651681, 25.132945873732], [121.49482059844, 25.133539159627], [121.49582605493, 25.133636034899], [121.49716654076, 25.136072938654], [121.49881518924, 25.135304823617], [121.50164676322, 25.133298312299]]]]}, "id": "A6312-024-00"}, {"type": "Feature", "properties": {"county": "台北市", "town": "北投區", "village": "奇岩里"}, "geometry": {"type": "MultiPolygon", "coordinates": [[[[121.52219124791, 25.135756470172], [121.521645525, 25.135170862455], [121.52178502812, 25.134534358375], [121.52147816377, 25.133448209925], [121.52066207829, 25.132274091724], [121.52059696588, 25.130499195121], [121.52035288289, 25.129768187928], [121.51978884108, 25.129085252791], [121.51799570662, 25.127515395687], [121.51560166143, 25.125968553432], [121.51693255828, 25.124734482792], [121.51712040274, 25.123772184505], [121.51611154523, 25.123402096006], [121.51300185966, 25.12325402068], [121.51150581469, 25.123474194404], [121.51094169435, 25.123912627604], [121.51030755317, 25.123443759013], [121.50933674776, 25.123483096299], [121.50293318222, 25.122711833065], [121.50294973729, 25.12509860528], [121.50345630789, 25.126710109681], [121.50320384418, 25.128816062652], [121.50327398881, 25.129528274621], [121.50365430698, 25.130026268962], [121.50387421242, 25.129921573968], [121.50471148868, 25.13050190655], [121.50466381639, 25.131141060678], [121.50490035942, 25.131224144022], [121.50498375183, 25.130983869525], [121.50554179052, 25.131236756873], [121.50558576191, 25.130988768486], [121.5062127762, 25.131522752886], [121.50697386253, 25.131677702301], [121.50953706584, 25.134252475939], [121.5128351852, 25.134402350828], [121.51837622701, 25.134335224833], [121.52136224874, 25.135382004569], [121.52207431005, 25.136121924837], [121.52219124791, 25.135756470172]]]]}, "id": "A6312-020-00"}, {"type": "Feature", "properties": {"county": "台北市", "town": "北投區", "village": "溫泉里"}, "geometry": {"type": "MultiPolygon", "coordinates": [[[[121.50953706584, 25.134252475939], [121.50697386253, 25.131677702301], [121.5062127762, 25.131522752886], [121.50558576191, 25.130988768486], [121.50554179052, 25.131236756873], [121.50498375183, 25.130983869525], [121.50490035942, 25.131224144022], [121.50466381639, 25.131141060678], [121.50392099897, 25.132132056668], [121.50387918161, 25.132494071679], [121.5030534647, 25.133074308617], [121.50289703766, 25.132872371377], [121.50191461878, 25.133460788582], [121.50228557819, 25.133928532475], [121.50299989486, 25.133810743438], [121.5035846759, 25.133964475762], [121.50463404065, 25.134996059273], [121.50493006348, 25.135513755968], [121.50643210259, 25.135730645417], [121.50654766445, 25.135990658276], [121.50803855999, 25.136597831296], [121.50889138077, 25.13658344193], [121.50937973804, 25.136887752144], [121.50994293029, 25.13665785106], [121.51084784985, 25.136877660191], [121.51099227392, 25.136447397582], [121.51060833879, 25.136154324825], [121.51012838946, 25.136322149791], [121.50861965167, 25.136170380289], [121.50840309737, 25.135995075892], [121.50842010669, 25.135776565482], [121.50788812189, 25.135381578138], [121.5081690526, 25.135047546238], [121.50953706584, 25.134252475939]]]]}, "id": "A6312-025-00"}, {"type": "Feature", "properties": {"county": "台北市", "town": "北投區", "village": "長安里"}, "geometry": {"type": "MultiPolygon", "coordinates": [[[[121.50564563344, 25.136888407646], [121.50599813367, 25.136587688086], [121.50661514471, 25.136553617955], [121.50665113373, 25.136155599796], [121.50643210259, 25.135730645417], [121.50493006348, 25.135513755968], [121.50463404065, 25.134996059273], [121.5035846759, 25.133964475762], [121.50299989486, 25.133810743438], [121.50228557819, 25.133928532475], [121.50164676322, 25.133298312299], [121.49881518924, 25.135304823617], [121.49716654076, 25.136072938654], [121.49757982216, 25.136528552264], [121.49838669573, 25.136920846942], [121.5010539133, 25.137078043309], [121.50100632787, 25.136680784694], [121.50172552412, 25.136711938909], [121.50179185448, 25.136126185687], [121.50214513304, 25.136203608269], [121.50253668558, 25.135782721057], [121.50266499888, 25.136212708067], [121.50310502781, 25.136169682277], [121.5036771016, 25.136527623435], [121.50501806779, 25.13632468521], [121.50544109738, 25.136425718616], [121.50544709941, 25.136770684743], [121.50564563344, 25.136888407646]]]]}, "id": "A6312-023-00"}, {"type": "Feature", "properties": {"county": "台北市", "town": "北投區", "village": "豐年里"}, "geometry": {"type": "MultiPolygon", "coordinates": [[[[121.49135564399, 25.138522931814], [121.49423521526, 25.137422622197], [121.49716654076, 25.136072938654], [121.49582605493, 25.133636034899], [121.49482059844, 25.133539159627], [121.49328651681, 25.132945873732], [121.49078137129, 25.132306394164], [121.49076233541, 25.131002344994], [121.4901353193, 25.130901402349], [121.48980219449, 25.129952498693], [121.48933216108, 25.129522476273], [121.48912610102, 25.128844555904], [121.48789299427, 25.126943643052], [121.48682793215, 25.126794650252], [121.4867139469, 25.126640723125], [121.48640301634, 25.127919673404], [121.48640010318, 25.129311646981], [121.48574619655, 25.130764712037], [121.48660629794, 25.131864571947], [121.48736532866, 25.13239350975], [121.4867813258, 25.13305353519], [121.48652636767, 25.133679612804], [121.4870784077, 25.134014572052], [121.48880053068, 25.13455848141], [121.48914956109, 25.135761403025], [121.48709865997, 25.137923500868], [121.48680279341, 25.137919905969], [121.48664436579, 25.138323856353], [121.49135564399, 25.138522931814]]]]}, "id": "A6312-034-00"}, {"type": "Feature", "properties": {"county": "台北市", "town": "北投區", "village": "石牌里"}, "geometry": {"type": "MultiPolygon", "coordinates": [[[[121.5192177121, 25.109194147241], [121.51874286187, 25.108766955983], [121.51838467316, 25.107871205944], [121.51794179599, 25.107427353632], [121.5153108494, 25.109266998077], [121.5146904818, 25.110665116522], [121.51744719973, 25.11127120376], [121.51764698764, 25.111444783138], [121.5192177121, 25.109194147241]]]]}, "id": "A6312-003-00"}, {"type": "Feature", "properties": {"county": "台北市", "town": "士林區", "village": "蘭雅里"}, "geometry": {"type": "MultiPolygon", "coordinates": [[[[121.5291025194, 25.107973686976], [121.52489946801, 25.106470096334], [121.52559777045, 25.110847793968], [121.5259823493, 25.111741194705], [121.53003509197, 25.112263991315], [121.5291025194, 25.107973686976]]]]}, "id": "A6311-034-00"}, {"type": "Feature", "properties": {"county": "台北市", "town": "士林區", "village": "翠山里"}, "geometry": {"type": "MultiPolygon", "coordinates": [[[[121.56698852624, 25.112584284359], [121.56850148915, 25.111722100696], [121.56970040438, 25.110608049546], [121.57009638826, 25.110407986549], [121.57245536463, 25.110091921591], [121.57331838074, 25.109373873738], [121.57358131734, 25.108899613143], [121.57396894562, 25.106713593501], [121.5735579881, 25.106679610604], [121.57303894387, 25.106178869775], [121.5707578775, 25.105518993809], [121.56973182484, 25.104707097933], [121.56865973479, 25.102921165628], [121.56879670775, 25.102229124876], [121.56790663135, 25.101332184889], [121.56697448955, 25.099184279624], [121.56511647194, 25.098971427638], [121.56439949579, 25.098539421366], [121.56284145846, 25.098505797016], [121.5620992447, 25.09787180998], [121.5613035094, 25.099110862459], [121.55994163196, 25.100419940315], [121.56054662172, 25.101324430192], [121.56245421078, 25.10282250308], [121.56167578438, 25.104192011646], [121.56101299748, 25.104194520253], [121.55890275172, 25.105322993426], [121.55854263354, 25.106256739801], [121.55886755507, 25.106585065737], [121.55884458109, 25.11067100387], [121.55749451052, 25.110629775063], [121.55880968243, 25.112253151813], [121.56071257685, 25.112147670698], [121.56142049901, 25.111584672969], [121.56192551035, 25.111417624937], [121.56254157559, 25.111855617225], [121.56308359044, 25.112017610687], [121.56554257752, 25.112558279963], [121.56698852624, 25.112584284359]]]]}, "id": "A6311-050-00"}, {"type": "Feature", "properties": {"county": "台北市", "town": "士林區", "village": "臨溪里"}, "geometry": {"type": "MultiPolygon", "coordinates": [[[[121.55704362703, 25.112919907866], [121.55792057974, 25.112454884164], [121.55880968243, 25.112253151813], [121.55749451052, 25.110629775063], [121.55884458109, 25.11067100387], [121.55886755507, 25.106585065737], [121.55854263354, 25.106256739801], [121.55890275172, 25.105322993426], [121.56101299748, 25.104194520253], [121.56167578438, 25.104192011646], [121.56245421078, 25.10282250308], [121.56054662172, 25.101324430192], [121.55994163196, 25.100419940315], [121.5613035094, 25.099110862459], [121.5620992447, 25.09787180998], [121.56073121811, 25.098113903572], [121.55917423596, 25.098130976612], [121.55864750762, 25.098449059955], [121.55781621582, 25.097065091274], [121.55789415205, 25.096182050413], [121.55703515648, 25.096144107187], [121.55655805377, 25.09480313128], [121.55558005493, 25.094161235986], [121.55481806659, 25.094088245276], [121.55458699602, 25.093931285451], [121.55439696024, 25.092536319776], [121.55221594499, 25.092444634839], [121.5520088732, 25.092039652794], [121.55129390046, 25.091688654639], [121.55053989008, 25.091804764949], [121.54952788226, 25.091646811721], [121.54933484322, 25.091268769326], [121.54896686941, 25.091177695385], [121.54868986858, 25.094822518562], [121.54740509904, 25.094750896081], [121.54523724259, 25.09586499497], [121.54386222661, 25.09593504943], [121.54326521775, 25.096334083659], [121.54234632693, 25.097678120823], [121.5412423971, 25.09808519454], [121.54029642522, 25.098094240495], [121.53975344285, 25.098305231811], [121.53890269713, 25.098830273724], [121.53849370207, 25.099311361004], [121.53852573897, 25.099624268191], [121.53911673687, 25.099974239671], [121.54008967779, 25.099344201045], [121.54258961289, 25.098500108287], [121.54320337327, 25.098366042306], [121.54367340717, 25.098452059831], [121.54393965219, 25.098823969974], [121.54454266203, 25.098909967384], [121.54491762695, 25.09939198827], [121.54474881499, 25.102008944516], [121.5451968976, 25.102655828648], [121.54862088852, 25.103620648103], [121.5499110392, 25.104797941609], [121.55142565847, 25.105083749311], [121.5538984114, 25.105163065736], [121.55462175561, 25.105400659299], [121.55490569469, 25.109838764608], [121.55521450142, 25.110619039563], [121.55515651192, 25.111180027534], [121.555787614, 25.112253972013], [121.55663561038, 25.113250896108], [121.55704362703, 25.112919907866]]]]}, "id": "A6311-051-00"}, {"type": "Feature", "properties": {"county": "台北市", "town": "北投區", "village": "洲美里"}, "geometry": {"type": "MultiPolygon", "coordinates": [[[[121.50379733837, 25.109122256644], [121.5048755666, 25.108580334232], [121.50532155776, 25.108679304273], [121.50615062276, 25.109209257487], [121.50697068372, 25.109081139062], [121.50714064433, 25.108824143112], [121.50698960056, 25.108452227463], [121.50573951026, 25.107094249232], [121.50561147495, 25.106627270586], [121.50568142953, 25.106375312629], [121.50712936182, 25.104747280882], [121.50767926016, 25.103216300774], [121.50869921367, 25.10231327761], [121.5099761747, 25.101957224563], [121.51048369667, 25.101627891249], [121.51102221812, 25.101649952975], [121.51120480947, 25.101519842894], [121.51230230116, 25.10170965505], [121.51242758574, 25.100300088054], [121.51175738348, 25.100073898869], [121.51164406269, 25.09920612649], [121.51202170156, 25.097998134154], [121.51060968507, 25.097444211248], [121.50921657855, 25.09588431418], [121.50098761081, 25.097227598573], [121.49923188914, 25.097306820929], [121.49845969139, 25.097609110849], [121.49756961856, 25.098358761646], [121.49724777974, 25.099263706895], [121.49715280047, 25.100348735517], [121.49709725147, 25.107141581983], [121.49651536676, 25.110391513014], [121.49555650449, 25.112026564966], [121.49460046854, 25.112886579314], [121.49685060393, 25.113583384206], [121.49734859825, 25.113391390284], [121.49757153722, 25.112556391313], [121.49732642963, 25.110641417348], [121.49902526484, 25.110525663667], [121.4991074885, 25.108850840191], [121.50204414713, 25.108857886264], [121.50204610194, 25.108179371922], [121.50216730911, 25.1081796612], [121.50293292024, 25.108691544993], [121.50303169452, 25.109014644421], [121.50379733837, 25.109122256644]]]]}, "id": "A6312-019-00"}, {"type": "Feature", "properties": {"county": "台北市", "town": "士林區", "village": "蘭興里"}, "geometry": {"type": "MultiPolygon", "coordinates": [[[[121.52661817352, 25.112964048397], [121.52559777045, 25.110847793968], [121.52489946801, 25.106470096334], [121.52326158181, 25.105668597899], [121.5219939056, 25.104646333626], [121.51961545431, 25.103291325276], [121.51928994625, 25.10386976012], [121.51982837024, 25.104109862711], [121.52131146312, 25.106841698037], [121.52124271595, 25.108849638397], [121.52249973691, 25.109537530142], [121.5226068822, 25.110627033427], [121.52288875474, 25.110930641939], [121.52485808223, 25.111248109305], [121.52529449486, 25.111509681454], [121.52578605394, 25.112622680761], [121.52539820751, 25.113776226155], [121.52604792003, 25.113624555105], [121.52620034372, 25.113199276656], [121.52661817352, 25.112964048397]]]]}, "id": "A6311-035-00"}, {"type": "Feature", "properties": {"county": "台北市", "town": "北投區", "village": "福興里"}, "geometry": {"type": "MultiPolygon", "coordinates": [[[[121.51378408311, 25.111896740489], [121.5146904818, 25.110665116522], [121.51237726703, 25.10999867166], [121.51202863157, 25.110307019857], [121.51187074269, 25.110171872974], [121.51255098696, 25.109544200407], [121.51134077647, 25.10869496535], [121.51093108581, 25.108568573231], [121.51086753307, 25.108092235522], [121.51058629918, 25.107807202725], [121.51000277252, 25.10763347483], [121.50950329416, 25.108233242186], [121.5084106416, 25.10824611328], [121.5072076256, 25.108724147156], [121.50717964962, 25.109060199931], [121.507658718, 25.109305133077], [121.50692370407, 25.110521100282], [121.50638272648, 25.110695124782], [121.50468425323, 25.112035358918], [121.50521641075, 25.112486508634], [121.50564503765, 25.112622470266], [121.50623533167, 25.112240490229], [121.50655632522, 25.112205373683], [121.50784316475, 25.112672015914], [121.50849891673, 25.113142958437], [121.50925690824, 25.112453670743], [121.5121973508, 25.114041804116], [121.51378408311, 25.111896740489]]]]}, "id": "A6312-004-00"}, {"type": "Feature", "properties": {"county": "台北市", "town": "士林區", "village": "福安里"}, "geometry": {"type": "MultiPolygon", "coordinates": [[[[121.49460046854, 25.112886579314], [121.49555650449, 25.112026564966], [121.49651536676, 25.110391513014], [121.49709725147, 25.107141581983], [121.49715280047, 25.100348735517], [121.49724777974, 25.099263706895], [121.49756961856, 25.098358761646], [121.49845969139, 25.097609110849], [121.49923188914, 25.097306820929], [121.50098761081, 25.097227598573], [121.50067457509, 25.096528564138], [121.50014234616, 25.093960466856], [121.4984436388, 25.094186860093], [121.49798094023, 25.09408041683], [121.49538313824, 25.091272977449], [121.49229625555, 25.093846942715], [121.49052535295, 25.095773054978], [121.48688550762, 25.098349227301], [121.4841605111, 25.099529357884], [121.48605226089, 25.101686586402], [121.48617652285, 25.102193555514], [121.48654226091, 25.102257609143], [121.48682873229, 25.102813137252], [121.48685879104, 25.103299146574], [121.48710269007, 25.103372523795], [121.48726533374, 25.10323558298], [121.48722480492, 25.103657108325], [121.48831986725, 25.103832997976], [121.4943061651, 25.106325687535], [121.49348686085, 25.107426612702], [121.49287344861, 25.107620619434], [121.49243630277, 25.109090439319], [121.49073186606, 25.108531566396], [121.48660551949, 25.108213089126], [121.48648042867, 25.109212415248], [121.485242563, 25.109090400756], [121.48327307838, 25.108671824539], [121.48189211187, 25.108198339562], [121.47969160094, 25.107898512211], [121.47912687438, 25.107614324774], [121.47861831689, 25.108062986298], [121.47834530172, 25.108030835374], [121.47808031218, 25.108767698836], [121.47717127593, 25.109600673589], [121.47715916175, 25.109817695375], [121.47795872096, 25.110027643322], [121.47604402529, 25.111649641422], [121.48138618835, 25.112633323408], [121.48665639665, 25.114933866175], [121.48794744935, 25.115292757407], [121.49027751853, 25.115238662965], [121.49203251984, 25.114556599254], [121.49460046854, 25.112886579314]]]]}, "id": "A6311-023-00"}, {"type": "Feature", "properties": {"county": "台北市", "town": "北投區", "village": "榮光里"}, "geometry": {"type": "MultiPolygon", "coordinates": [[[[121.51588313121, 25.114047833734], [121.51764698764, 25.111444783138], [121.51744719973, 25.11127120376], [121.5146904818, 25.110665116522], [121.5121973508, 25.114041804116], [121.51505763656, 25.115221165974], [121.51588313121, 25.114047833734]]]]}, "id": "A6312-005-00"}, {"type": "Feature", "properties": {"county": "台北市", "town": "北投區", "village": "吉慶里"}, "geometry": {"type": "MultiPolygon", "coordinates": [[[[121.5120818861, 25.114369461144], [121.51223356892, 25.114058861107], [121.50925690824, 25.112453670743], [121.50849891673, 25.113142958437], [121.50784316475, 25.112672015914], [121.50655632522, 25.112205373683], [121.50623533167, 25.112240490229], [121.50564503765, 25.112622470266], [121.50521641075, 25.112486508634], [121.50468425323, 25.112035358918], [121.50638272648, 25.110695124782], [121.50692370407, 25.110521100282], [121.507658718, 25.109305133077], [121.50717964962, 25.109060199931], [121.50713461433, 25.108889170009], [121.50680061139, 25.109172187509], [121.5063766478, 25.109239183818], [121.50596860406, 25.109160220914], [121.50532155776, 25.108679304273], [121.50473755204, 25.108591276561], [121.50272054574, 25.109749161673], [121.50020754297, 25.110752259597], [121.50154563199, 25.111693223094], [121.50197771988, 25.112210187969], [121.50317190172, 25.114494006901], [121.50337088801, 25.114510034207], [121.50480991212, 25.113704143403], [121.50582194007, 25.113668100481], [121.50822163959, 25.11503864483], [121.50912249323, 25.115233057275], [121.51166489541, 25.115304863857], [121.5120818861, 25.114369461144]]]]}, "id": "A6312-014-00"}, {"type": "Feature", "properties": {"county": "台北市", "town": "內湖區", "village": "碧山里"}, "geometry": {"type": "MultiPolygon", "coordinates": [[[[121.59565333453, 25.114156948442], [121.59547635003, 25.113954960668], [121.59734400866, 25.109622793803], [121.59952886301, 25.108714699637], [121.59860356695, 25.107186777356], [121.59839254539, 25.106358773328], [121.59838648648, 25.105197768085], [121.5973303742, 25.103819787543], [121.59575011608, 25.099511848783], [121.59491011715, 25.098450888217], [121.5941668171, 25.09805189795], [121.59432380976, 25.097878906491], [121.59441478916, 25.097058890661], [121.59415970975, 25.09651284666], [121.59521263855, 25.095918761808], [121.59569867198, 25.095471772573], [121.59568161224, 25.095241782673], [121.59475364954, 25.095532807916], [121.59379268814, 25.095493860487], [121.59297572343, 25.095928198717], [121.59047276152, 25.096326336016], [121.59028178457, 25.095996366794], [121.59048069123, 25.09467328633], [121.59062066815, 25.094413326974], [121.59112367565, 25.094109305829], [121.59151457812, 25.093518248225], [121.59462742217, 25.092240713979], [121.59465542966, 25.091521713592], [121.5951863484, 25.090670678572], [121.59515129274, 25.089779658532], [121.59660087141, 25.087080571718], [121.59584785862, 25.087401600164], [121.59505586587, 25.08749163734], [121.59444591778, 25.087062675529], [121.59410381584, 25.086338654132], [121.59334482757, 25.08592969617], [121.59146006711, 25.086191372348], [121.58937805752, 25.087078979797], [121.58845023036, 25.087760737659], [121.58744414035, 25.088811464913], [121.58750358741, 25.089465438555], [121.58570265318, 25.092747572264], [121.58520967593, 25.093133608866], [121.58469267542, 25.093248599823], [121.58447870037, 25.093030670965], [121.58412669618, 25.092968674675], [121.58327478306, 25.093642697014], [121.58280182893, 25.094236112394], [121.58092668831, 25.092635147719], [121.58026073761, 25.092604256482], [121.57993774642, 25.092833229231], [121.57969480509, 25.093269281791], [121.5797727766, 25.094041218896], [121.58016780199, 25.094503219307], [121.58063585148, 25.09470417708], [121.58089785465, 25.095378242971], [121.58165488569, 25.096042150881], [121.58141596942, 25.096499137884], [121.58150198818, 25.097085137271], [121.58241303132, 25.097993121119], [121.58398042187, 25.100020759584], [121.58291321888, 25.100193769444], [121.5824668062, 25.100115511037], [121.5813524541, 25.100643185864], [121.58069049254, 25.10139725014], [121.58032857753, 25.102082240323], [121.58010869254, 25.103543243853], [121.57921461199, 25.103099359518], [121.57894470964, 25.103754372563], [121.57889771462, 25.104455373905], [121.57898681365, 25.105019329464], [121.5804389081, 25.107108252751], [121.58251283259, 25.106739148124], [121.58427516318, 25.108252771149], [121.58533814935, 25.108346722866], [121.58799052558, 25.114047601414], [121.59005847563, 25.114342484513], [121.59023041057, 25.113511418767], [121.59351847036, 25.115010070949], [121.59565333453, 25.114156948442]]]]}, "id": "A6310-015-00"}, {"type": "Feature", "properties": {"county": "台北市", "town": "北投區", "village": "裕民里"}, "geometry": {"type": "MultiPolygon", "coordinates": [[[[121.51954037437, 25.112574677193], [121.51949533671, 25.112327934352], [121.52155480538, 25.111961705912], [121.52057262125, 25.110351147395], [121.5192177121, 25.109194147241], [121.51588313121, 25.114047833734], [121.51644761282, 25.114524161615], [121.51693847327, 25.115421006671], [121.51769907266, 25.115315394704], [121.51764822912, 25.115095317789], [121.51790118011, 25.115054622724], [121.51785316371, 25.114878642321], [121.51906013937, 25.114667575706], [121.51899502824, 25.114356021489], [121.51984659612, 25.114230598609], [121.51954037437, 25.112574677193]]]]}, "id": "A6312-007-00"}, {"type": "Feature", "properties": {"county": "台北市", "town": "士林區", "village": "永福里"}, "geometry": {"type": "MultiPolygon", "coordinates": [[[[121.55663561038, 25.113250896108], [121.555787614, 25.112253972013], [121.55515651192, 25.111180027534], [121.55521450142, 25.110619039563], [121.55490569469, 25.109838764608], [121.55462175561, 25.105400659299], [121.5538984114, 25.105163065736], [121.55142565847, 25.105083749311], [121.5499110392, 25.104797941609], [121.54862088852, 25.103620648103], [121.5451968976, 25.102655828648], [121.54474881499, 25.102008944516], [121.54491762695, 25.09939198827], [121.54454266203, 25.098909967384], [121.54393965219, 25.098823969974], [121.54367340717, 25.098452059831], [121.54320337327, 25.098366042306], [121.54258961289, 25.098500108287], [121.53981207632, 25.099497535649], [121.54013485905, 25.10012203822], [121.54016631896, 25.100460360887], [121.53986845451, 25.100887221255], [121.54011160046, 25.101759007914], [121.53978199677, 25.101839440245], [121.53947130589, 25.102166630406], [121.53893923919, 25.103143609521], [121.53952599868, 25.103916106516], [121.54052005701, 25.1041020885], [121.54092743572, 25.104993176866], [121.540662487, 25.105675002822], [121.54188912643, 25.106077978188], [121.54216018929, 25.106344957285], [121.54276520575, 25.107248859394], [121.54366146676, 25.10933073584], [121.54437951802, 25.110302776529], [121.54517648964, 25.110717694393], [121.54973792876, 25.112166163277], [121.55038451716, 25.113634059166], [121.5517136406, 25.113705082622], [121.55285744222, 25.114411152968], [121.55342826691, 25.11502002026], [121.55388728494, 25.115103941882], [121.55422664435, 25.11460652621], [121.5548330418, 25.114552274255], [121.55624415139, 25.115394798991], [121.55605302571, 25.114709578068], [121.55645663136, 25.113407945009], [121.55663561038, 25.113250896108]]]]}, "id": "A6311-043-00"}, {"type": "Feature", "properties": {"county": "台北市", "town": "北投區", "village": "開明里"}, "geometry": {"type": "MultiPolygon", "coordinates": [[[[121.5073738784, 25.147789401443], [121.50758366968, 25.144589456539], [121.50675765873, 25.143907458051], [121.50673582588, 25.142751197304], [121.50688806451, 25.142754199208], [121.50691673505, 25.142564529738], [121.50668776667, 25.142555620588], [121.50669550649, 25.141951512845], [121.50554939151, 25.14126861539], [121.50510975526, 25.140309487604], [121.50454451732, 25.140143283592], [121.50440872584, 25.140477727313], [121.50391147277, 25.14037225541], [121.50340685163, 25.140492949829], [121.50280993515, 25.140317045132], [121.50232638642, 25.139425234954], [121.50185749968, 25.138950815918], [121.49947595189, 25.141331506455], [121.50250336875, 25.144507570031], [121.50296995884, 25.144279409461], [121.5035412809, 25.145205445853], [121.50414042897, 25.145661406518], [121.50490207619, 25.146586939297], [121.50518860468, 25.14783502104], [121.5073738784, 25.147789401443]]]]}, "id": "A6312-029-00"}, {"type": "Feature", "properties": {"county": "台北市", "town": "北投區", "village": "稻香里"}, "geometry": {"type": "MultiPolygon", "coordinates": [[[[121.486916562, 25.150814335446], [121.48829653722, 25.149780245892], [121.49200831296, 25.148128849414], [121.49249559, 25.147722229993], [121.49278583688, 25.147204229964], [121.49251957481, 25.146167152197], [121.49262971721, 25.145892746712], [121.49299596625, 25.145740600122], [121.49296875747, 25.145419659838], [121.49248455566, 25.144995734211], [121.49234524122, 25.143837135762], [121.4920121879, 25.143246138595], [121.49040900807, 25.141689211917], [121.48975998122, 25.140801305674], [121.48986187873, 25.139828303836], [121.4913958738, 25.138804239987], [121.49135564399, 25.138522931814], [121.4867602067, 25.138334430411], [121.4870318269, 25.139904445658], [121.48680585693, 25.14010743272], [121.48653369972, 25.141038216361], [121.48560323661, 25.140306816654], [121.48598786196, 25.141496480812], [121.48621887492, 25.141615444058], [121.48503095132, 25.143055539522], [121.48387600025, 25.143525800424], [121.48260199116, 25.143343872848], [121.47912910343, 25.145615050039], [121.48142823599, 25.147424907715], [121.48171328319, 25.147823865334], [121.48212834975, 25.149309824963], [121.48383453645, 25.151082748072], [121.48598553462, 25.151280296246], [121.486916562, 25.150814335446]]]]}, "id": "A6312-035-00"}, {"type": "Feature", "properties": {"county": "台北市", "town": "士林區", "village": "溪山里"}, "geometry": {"type": "MultiPolygon", "coordinates": [[[[121.59565333453, 25.114156948442], [121.59351847036, 25.115010070949], [121.59023041057, 25.113511418767], [121.59005847563, 25.114342484513], [121.58799052558, 25.114047601414], [121.58533814935, 25.108346722866], [121.58427516318, 25.108252771149], [121.58251283259, 25.106739148124], [121.5804389081, 25.107108252751], [121.57898681365, 25.105019329464], [121.57816378055, 25.105146415628], [121.57766884173, 25.105618385884], [121.57704786134, 25.105774473722], [121.57668587699, 25.106678495287], [121.5750279645, 25.106801586069], [121.57396894562, 25.106713593501], [121.57358131734, 25.108899613143], [121.57331838074, 25.109373873738], [121.57245536463, 25.110091921591], [121.57009638826, 25.110407986549], [121.56970040438, 25.110608049546], [121.56850148915, 25.111722100696], [121.5671205924, 25.112574192497], [121.56554257752, 25.112558279963], [121.56308359044, 25.112017610687], [121.56254157559, 25.111855617225], [121.56192551035, 25.111417624937], [121.56142049901, 25.111584672969], [121.56071257685, 25.112147670698], [121.5602075551, 25.11225972894], [121.55952055223, 25.112119760489], [121.55848553769, 25.112320848722], [121.55704362703, 25.112919907866], [121.55835070236, 25.113948773425], [121.55964476353, 25.115347671054], [121.56292843069, 25.117566477698], [121.56451988076, 25.11760591364], [121.56492520825, 25.117771794032], [121.56479879394, 25.118274547866], [121.56436228644, 25.118845909486], [121.56484231464, 25.121563113255], [121.56595235314, 25.121706046703], [121.56637048121, 25.123337018102], [121.56744651342, 25.123887986976], [121.5677345278, 25.12426193569], [121.56933441063, 25.122149857385], [121.57048011758, 25.118521876961], [121.57073199605, 25.118518203612], [121.57288201906, 25.119297562187], [121.57363219864, 25.119407554838], [121.57422724644, 25.120319502064], [121.57506726445, 25.12025042665], [121.57535422996, 25.120380410626], [121.57597345019, 25.122728369987], [121.577495556, 25.124675274506], [121.57875653192, 25.124938238467], [121.58035259916, 25.125748105625], [121.58114671886, 25.127295047202], [121.58131177137, 25.128225081819], [121.58115381812, 25.128830084906], [121.58144890586, 25.13073904605], [121.58207994572, 25.131764941345], [121.5828410879, 25.133916926061], [121.58316515182, 25.134339910886], [121.58201840717, 25.13759295401], [121.58246636831, 25.137868917621], [121.58400741642, 25.13831976405], [121.58439453973, 25.140782734506], [121.58672785726, 25.146030608659], [121.58701892768, 25.147089613463], [121.58702601373, 25.148673593283], [121.58731812421, 25.149896555708], [121.58724810959, 25.150207603266], [121.58769813333, 25.150629538896], [121.5877891813, 25.151037548042], [121.58865117847, 25.151621536123], [121.58918124174, 25.152353467271], [121.59076816048, 25.151313442452], [121.59293911248, 25.15073126057], [121.59375905438, 25.150059202467], [121.59401385614, 25.1479382166], [121.59537674834, 25.146256094872], [121.5960086405, 25.14487503536], [121.59603954952, 25.144114052842], [121.59573356047, 25.143501053775], [121.59616349709, 25.142920035838], [121.59710843809, 25.142514989035], [121.59837430151, 25.140247893898], [121.59941427188, 25.140060856147], [121.60058613648, 25.139260761923], [121.60195898358, 25.137694741656], [121.60413885005, 25.136461425277], [121.6037957922, 25.135084481648], [121.60459869422, 25.133578448616], [121.60481061116, 25.132543421058], [121.60468149577, 25.130841380127], [121.60525443288, 25.130564384568], [121.60649143379, 25.130559327312], [121.60812338894, 25.131321173524], [121.60741728633, 25.129018195342], [121.60447819343, 25.126147393026], [121.60402321702, 25.125874410438], [121.60185124779, 25.125910672705], [121.60151720537, 25.125444697209], [121.6006539572, 25.121633697141], [121.59874192878, 25.119961798171], [121.59690337882, 25.115572885371], [121.59565333453, 25.114156948442]]]]}, "id": "A6311-049-00"}, {"type": "Feature", "properties": {"county": "台北市", "town": "士林區", "village": "陽明里"}, "geometry": {"type": "MultiPolygon", "coordinates": [[[[121.5541124988, 25.138488120874], [121.55297276037, 25.137123216261], [121.5520281426, 25.134139774277], [121.55194808106, 25.133471773974], [121.55224091879, 25.131830816046], [121.55290879963, 25.129588776669], [121.55176875764, 25.128789930176], [121.55081075274, 25.128359939621], [121.55114458035, 25.126555953327], [121.550939622, 25.126380024614], [121.55036978514, 25.126714761559], [121.54915902404, 25.126795064909], [121.5486418347, 25.127760362186], [121.54716663658, 25.127381192043], [121.54655168532, 25.127715172796], [121.54603374722, 25.129135207798], [121.54568877028, 25.129387203876], [121.54398103799, 25.132524997474], [121.54353496942, 25.132455208652], [121.54210689315, 25.133501304043], [121.54229459955, 25.133724982803], [121.54197663741, 25.133946096977], [121.54025988709, 25.134868924345], [121.53995083149, 25.134667020127], [121.53967338094, 25.135191533428], [121.53705818588, 25.135580424394], [121.53707922207, 25.135826468459], [121.53731319381, 25.136016484868], [121.53814022947, 25.13627738979], [121.53882629967, 25.137186335819], [121.54175640033, 25.137938269833], [121.54214638921, 25.138365097923], [121.54260033308, 25.138496066773], [121.54261736737, 25.139111032809], [121.54280837752, 25.139350043337], [121.54349539945, 25.139334974059], [121.54316449972, 25.140537985724], [121.54252449702, 25.141124029283], [121.54239356894, 25.141448996694], [121.54251258027, 25.141888976835], [121.54240760847, 25.142423041212], [121.54265964778, 25.142549963894], [121.54428452616, 25.141683026617], [121.54564054739, 25.141508932455], [121.54602059636, 25.141795906521], [121.54629166218, 25.142832836589], [121.54794269898, 25.143355725097], [121.54827076494, 25.143925750719], [121.54882423081, 25.145986817582], [121.54932271631, 25.146314311745], [121.5490101003, 25.147405762085], [121.54951383165, 25.149614092475], [121.55000582876, 25.150191310719], [121.55009159395, 25.151254260484], [121.55041297706, 25.151712051885], [121.55107032172, 25.152022620272], [121.55225091902, 25.153386192108], [121.55296048116, 25.153941798008], [121.55328324754, 25.154544652745], [121.55329891919, 25.154945494496], [121.55557452526, 25.155547086373], [121.55658449962, 25.155190004323], [121.55628041074, 25.153644094326], [121.55335016684, 25.149964330564], [121.55191096376, 25.147578476482], [121.55142074892, 25.144429501944], [121.55190866355, 25.143981611832], [121.55301476296, 25.143417502821], [121.55354771464, 25.142683473903], [121.55351267, 25.142114441173], [121.5529145617, 25.140678508405], [121.5531555159, 25.13988652296], [121.5541124988, 25.138488120874]]]]}, "id": "A6311-046-00"}, {"type": "Feature", "properties": {"county": "台北市", "town": "北投區", "village": "秀山里"}, "geometry": {"type": "MultiPolygon", "coordinates": [[[[121.50218464764, 25.145262733908], [121.50130604924, 25.144661124662], [121.50076953894, 25.145106715276], [121.5001151951, 25.14517389843], [121.49948586642, 25.145027567364], [121.4993890641, 25.145415478689], [121.49848512134, 25.145781488951], [121.49804763383, 25.144642233766], [121.49773282504, 25.144313358607], [121.49506624814, 25.145247001253], [121.49296875747, 25.145419659838], [121.49299596625, 25.145740600122], [121.49254411512, 25.146003097919], [121.49281905098, 25.1470481429], [121.49249559, 25.147722229993], [121.49200831296, 25.148128849414], [121.48829653722, 25.149780245892], [121.486916562, 25.150814335446], [121.48761758598, 25.151581276082], [121.48736666254, 25.152572282646], [121.48806081046, 25.153890177179], [121.49162818404, 25.158629719194], [121.4925818251, 25.157913755183], [121.49308181584, 25.157729830764], [121.49379944124, 25.156636216295], [121.49575386336, 25.156549184753], [121.49650723652, 25.156719940976], [121.4971371944, 25.156066633413], [121.49728281282, 25.152480304508], [121.49772514288, 25.151772967955], [121.49773311505, 25.150711620002], [121.49754238869, 25.150491137589], [121.49757629313, 25.149595194269], [121.49731529616, 25.14934511278], [121.49723717545, 25.148933794745], [121.49630862251, 25.147860870763], [121.49976771686, 25.148049677662], [121.50102169548, 25.147888612758], [121.5012736998, 25.147611572552], [121.5012486969, 25.147058557892], [121.50083863293, 25.146735633643], [121.50044563843, 25.1467256769], [121.50218464764, 25.145262733908]]]]}, "id": "A6312-032-00"}, {"type": "Feature", "properties": {"county": "台北市", "town": "北投區", "village": "湖山里"}, "geometry": {"type": "MultiPolygon", "coordinates": [[[[121.55375158085, 25.156280133693], [121.5532815399, 25.155247214846], [121.55332382444, 25.154679500203], [121.55296048116, 25.153941798008], [121.55225091902, 25.153386192108], [121.55107032172, 25.152022620272], [121.55041297706, 25.151712051885], [121.55009159395, 25.151254260484], [121.55000582876, 25.150191310719], [121.54951383165, 25.149614092475], [121.5490101003, 25.147405762085], [121.54932271631, 25.146314311745], [121.54882423081, 25.145986817582], [121.54827076494, 25.143925750719], [121.54794269898, 25.143355725097], [121.54629166218, 25.142832836589], [121.54602059636, 25.141795906521], [121.54564054739, 25.141508932455], [121.54428452616, 25.141683026617], [121.54265964778, 25.142549963894], [121.54191157491, 25.14217503508], [121.5415275946, 25.141606102882], [121.54051459443, 25.1416111564], [121.53952958298, 25.141302176565], [121.53928255316, 25.140694186532], [121.536198456, 25.139257462242], [121.53473143396, 25.139014477236], [121.53322037048, 25.137557515929], [121.5314463769, 25.137128619681], [121.53068325017, 25.13592368456], [121.53040532142, 25.136349657755], [121.52975329732, 25.136471710226], [121.53022331284, 25.137127674058], [121.52941239626, 25.137547696503], [121.52934036699, 25.137765724674], [121.52985944009, 25.138585655295], [121.52984749821, 25.139211652882], [121.52963550024, 25.139714673574], [121.52970558589, 25.140069609312], [121.53012555556, 25.140499585166], [121.52995360979, 25.141165609939], [121.52962962279, 25.141651605314], [121.52885269462, 25.14239165835], [121.52882075281, 25.143408576327], [121.52848685339, 25.144026603288], [121.53009423356, 25.144305045953], [121.53052607837, 25.144687696511], [121.53042294185, 25.146272211364], [121.53113395983, 25.146656382422], [121.53065501013, 25.146971392498], [121.53062205547, 25.147334370231], [121.53126808077, 25.14827030902], [121.53214706343, 25.148684275822], [121.53232909582, 25.148967300711], [121.53232019526, 25.149763295487], [121.53266719176, 25.15020318519], [121.53272026367, 25.15070624919], [121.53240239787, 25.152700187863], [121.53313542483, 25.153803104055], [121.53319448975, 25.154404106434], [121.5335045564, 25.155153086314], [121.53338656744, 25.155452087041], [121.5337145519, 25.155805007405], [121.5341615826, 25.155970084819], [121.534558635, 25.156513076605], [121.53435864114, 25.156656088665], [121.53431064789, 25.15724610045], [121.5331667038, 25.158327044606], [121.53317776863, 25.159328999371], [121.53332382418, 25.159631924027], [121.53258396958, 25.161317969446], [121.53244298287, 25.162125994622], [121.54107381251, 25.1597706735], [121.54442299517, 25.156349172583], [121.5442338446, 25.156115578604], [121.54427264748, 25.155777349907], [121.54464565938, 25.155182391122], [121.54491527112, 25.155099355274], [121.54559419001, 25.155152624727], [121.54594610016, 25.155494993132], [121.54626462778, 25.155119050184], [121.55337456775, 25.156390157028], [121.55375158085, 25.156280133693]]]]}, "id": "A6312-040-00"}, {"type": "Feature", "properties": {"county": "台北市", "town": "北投區", "village": "泉源里"}, "geometry": {"type": "MultiPolygon", "coordinates": [[[[121.53244298287, 25.162125994622], [121.53258396958, 25.161317969446], [121.53332382418, 25.159631924027], [121.53317776863, 25.159328999371], [121.5331667038, 25.158327044606], [121.53431064789, 25.15724610045], [121.53435864114, 25.156656088665], [121.534558635, 25.156513076605], [121.5341615826, 25.155970084819], [121.5337145519, 25.155805007405], [121.53338656744, 25.155452087041], [121.5335045564, 25.155153086314], [121.53319448975, 25.154404106434], [121.53313542483, 25.153803104055], [121.53240239787, 25.152700187863], [121.53272026367, 25.15070624919], [121.53266719176, 25.15020318519], [121.53227614808, 25.149586221583], [121.53232909582, 25.148967300711], [121.53214706343, 25.148684275822], [121.53126808077, 25.14827030902], [121.53062205547, 25.147334370231], [121.53065501013, 25.146971392498], [121.53113395983, 25.146656382422], [121.53042294185, 25.146272211364], [121.53052607837, 25.144687696511], [121.53009423356, 25.144305045953], [121.52697984434, 25.143930670906], [121.52558689168, 25.144410796416], [121.52491188021, 25.144486773104], [121.52129561296, 25.143730290551], [121.52110868055, 25.144236879133], [121.51983497686, 25.144613309157], [121.51892840332, 25.14347543903], [121.51722730427, 25.14324240952], [121.51635170939, 25.142711195769], [121.51589977424, 25.142621550721], [121.51543992466, 25.142789960351], [121.51463737927, 25.142646471091], [121.51407200916, 25.142996796505], [121.51343203389, 25.142947233223], [121.51256221937, 25.142772230685], [121.51105105353, 25.141905708892], [121.50971453736, 25.141650342648], [121.50843352799, 25.141585404139], [121.50787052706, 25.141708499765], [121.50747951955, 25.142095455474], [121.50669550649, 25.141951512845], [121.50668776667, 25.142555620588], [121.50691673505, 25.142564529738], [121.50688806451, 25.142754199208], [121.50673582588, 25.142751197304], [121.50675765873, 25.143907458051], [121.50758366968, 25.144589456539], [121.5073738784, 25.147789401443], [121.50815005754, 25.149707322906], [121.50806508751, 25.150111286622], [121.50733012481, 25.151118337485], [121.50602219118, 25.152067393211], [121.50892443178, 25.154833137073], [121.51099068841, 25.155651624666], [121.51091585992, 25.156143107813], [121.51125134332, 25.155801891041], [121.51223463725, 25.156882970578], [121.51601379905, 25.158496831129], [121.5156158746, 25.159305829165], [121.51580790176, 25.160335778858], [121.51629294859, 25.160785791116], [121.51689506478, 25.162123719864], [121.51646917886, 25.163677679193], [121.51723013983, 25.164144602372], [121.51742022187, 25.164475650213], [121.51859122664, 25.165468493643], [121.51903640478, 25.166969477501], [121.51975132247, 25.166701437658], [121.52052834269, 25.166144439929], [121.5220762381, 25.164918319796], [121.52315117273, 25.163828291595], [121.52419521429, 25.164397317786], [121.52612119174, 25.164691228419], [121.53244298287, 25.162125994622]]]]}, "id": "A6312-039-00"}, {"type": "Feature", "properties": {"county": "台北市", "town": "士林區", "village": "平等里"}, "geometry": {"type": "MultiPolygon", "coordinates": [[[[121.58918124174, 25.152353467271], [121.58865117847, 25.151621536123], [121.5877891813, 25.151037548042], [121.58769813333, 25.150629538896], [121.58724810959, 25.150207603266], [121.58731812421, 25.149896555708], [121.58702601373, 25.148673593283], [121.58701892768, 25.147089613463], [121.58672785726, 25.146030608659], [121.58439453973, 25.140782734506], [121.58400741642, 25.13831976405], [121.58246636831, 25.137868917621], [121.58201840717, 25.13759295401], [121.58316515182, 25.134339910886], [121.5828410879, 25.133916926061], [121.58207994572, 25.131764941345], [121.58144890586, 25.13073904605], [121.58115381812, 25.128830084906], [121.58125673842, 25.127883018224], [121.58114671886, 25.127295047202], [121.58060465694, 25.126155126782], [121.58035259916, 25.125748105625], [121.57875653192, 25.124938238467], [121.577495556, 25.124675274506], [121.57597345019, 25.122728369987], [121.57535422996, 25.120380410626], [121.57506726445, 25.12025042665], [121.57422724644, 25.120319502064], [121.57363219864, 25.119407554838], [121.57048011758, 25.118521876961], [121.56933441063, 25.122149857385], [121.5677345278, 25.12426193569], [121.56792759667, 25.124745946191], [121.56728464508, 25.12569596976], [121.56708465021, 25.126581998176], [121.5667627182, 25.126800008576], [121.56666172517, 25.12714294292], [121.56748079197, 25.127589889051], [121.56778975537, 25.12806993476], [121.56770781711, 25.128676885675], [121.56813589302, 25.129264818528], [121.56788289926, 25.129762816875], [121.56793690831, 25.130368886572], [121.5681069674, 25.130491837165], [121.56865196557, 25.130412822586], [121.56899293679, 25.130612762819], [121.56911704556, 25.131622776877], [121.57106314868, 25.132935643573], [121.57124017841, 25.133711608039], [121.5732383378, 25.135754483581], [121.57414736789, 25.137195340872], [121.5742045052, 25.13851539004], [121.57370792805, 25.145057361241], [121.57398296271, 25.145615353926], [121.57488699188, 25.146093259884], [121.57504201278, 25.146388258203], [121.57502600273, 25.14676021345], [121.57462111412, 25.147492297998], [121.57450714298, 25.148626295382], [121.5756192115, 25.149725196356], [121.57577425563, 25.150128178187], [121.57501945247, 25.152555228787], [121.57451346715, 25.153489226107], [121.57296450915, 25.153728264154], [121.5727784839, 25.153961201328], [121.57257655684, 25.154521216652], [121.5725156757, 25.156044223796], [121.5722817385, 25.156899238047], [121.57255779558, 25.157706143754], [121.57360286372, 25.159193089305], [121.57440486825, 25.159563168351], [121.57483290444, 25.160043188883], [121.57452008222, 25.162343109928], [121.57457208515, 25.162545150996], [121.57527311856, 25.16310112537], [121.5754641857, 25.163784125542], [121.57545327924, 25.165104073428], [121.57506832426, 25.166644058656], [121.57512134601, 25.166923109618], [121.57698434941, 25.167138960162], [121.57988528779, 25.165552841158], [121.5843291986, 25.16493973204], [121.58811497133, 25.162968572214], [121.58985502188, 25.16384746087], [121.59078792354, 25.16212737588], [121.59030879472, 25.160344393174], [121.59179552831, 25.157496297812], [121.59190443458, 25.155836377066], [121.58918124174, 25.152353467271]]]]}, "id": "A6311-048-00"}, {"type": "Feature", "properties": {"county": "台北市", "town": "北投區", "village": "大屯里"}, "geometry": {"type": "MultiPolygon", "coordinates": [[[[121.51904851063, 25.169558392725], [121.51932154313, 25.169050388187], [121.51903640478, 25.166969477501], [121.51859122664, 25.165468493643], [121.51643710423, 25.163580643135], [121.51676111987, 25.162977664423], [121.51689506478, 25.162123719864], [121.51629294859, 25.160785791116], [121.51580790176, 25.160335778858], [121.5156158746, 25.159305829165], [121.51601379905, 25.158496831129], [121.51223463725, 25.156882970578], [121.51125134332, 25.155801891041], [121.51091585992, 25.156143107813], [121.51099068841, 25.155651624666], [121.50892443178, 25.154833137073], [121.50602219118, 25.152067393211], [121.50733012481, 25.151118337485], [121.50806508751, 25.150111286622], [121.50810899578, 25.149413308958], [121.5073738784, 25.147789401443], [121.50518860468, 25.14783502104], [121.50490207619, 25.146586939297], [121.50348689128, 25.145106668695], [121.50289904393, 25.145508244014], [121.50218464764, 25.145262733908], [121.50044563843, 25.1467256769], [121.50083863293, 25.146735633643], [121.5012486969, 25.147058557892], [121.5012736998, 25.147611572552], [121.50102169548, 25.147888612758], [121.49976771686, 25.148049677662], [121.49630862251, 25.147860870763], [121.49723717545, 25.148933794745], [121.49731529616, 25.14934511278], [121.49757629313, 25.149595194269], [121.49754238869, 25.150491137589], [121.49773311505, 25.150711620002], [121.49772514288, 25.151772967955], [121.49728281282, 25.152480304508], [121.4971371944, 25.156066633413], [121.49650723652, 25.156719940976], [121.49575386336, 25.156549184753], [121.49379944124, 25.156636216295], [121.49308181584, 25.157729830764], [121.4925818251, 25.157913755183], [121.49162818404, 25.158629719194], [121.49177725085, 25.159419889782], [121.49253135538, 25.160690792577], [121.49381743012, 25.161579719347], [121.4948725181, 25.161997679213], [121.49581061382, 25.163084666131], [121.49763763738, 25.163414494294], [121.49891474585, 25.164454454465], [121.49930793592, 25.167030368883], [121.50039613537, 25.168747291484], [121.50160319881, 25.169428212352], [121.50152530879, 25.17115114877], [121.50263542152, 25.172887119953], [121.50477661653, 25.174295090376], [121.50547159977, 25.174410001503], [121.50565560074, 25.174063033055], [121.50556348085, 25.172541025691], [121.50521942259, 25.171280083379], [121.50592743291, 25.171046080246], [121.50725243856, 25.17128694419], [121.51161643786, 25.169698772504], [121.51384462804, 25.171081647622], [121.51606859109, 25.170097527326], [121.51904851063, 25.169558392725]]]]}, "id": "A6312-041-00"}, {"type": "Feature", "properties": {"county": "台北市", "town": "士林區", "village": "菁山里"}, "geometry": {"type": "MultiPolygon", "coordinates": [[[[121.57698434941, 25.167138960162], [121.57512134601, 25.166923109618], [121.57506832426, 25.166644058656], [121.57545327924, 25.165104073428], [121.5754641857, 25.163784125542], [121.57527311856, 25.16310112537], [121.57457208515, 25.162545150996], [121.57452008222, 25.162343109928], [121.57483290444, 25.160043188883], [121.57440486825, 25.159563168351], [121.57360286372, 25.159193089305], [121.57255779558, 25.157706143754], [121.5722817385, 25.156899238047], [121.5725156757, 25.156044223796], [121.57257655684, 25.154521216652], [121.5727784839, 25.153961201328], [121.57296450915, 25.153728264154], [121.57451346715, 25.153489226107], [121.57501945247, 25.152555228787], [121.57577425563, 25.150128178187], [121.5756192115, 25.149725196356], [121.57450714298, 25.148626295382], [121.57462111412, 25.147492297998], [121.57502600273, 25.14676021345], [121.57504201278, 25.146388258203], [121.57488699188, 25.146093259884], [121.57398296271, 25.145615353926], [121.57370792805, 25.145057361241], [121.5742045052, 25.13851539004], [121.57414736789, 25.137195340872], [121.5732383378, 25.135754483581], [121.57124017841, 25.133711608039], [121.57106314868, 25.132935643573], [121.56911704556, 25.131622776877], [121.56899293679, 25.130612762819], [121.56865196557, 25.130412822586], [121.5681069674, 25.130491837165], [121.56793690831, 25.130368886572], [121.56788289926, 25.129762816875], [121.56813589302, 25.129264818528], [121.56770781711, 25.128676885675], [121.56778975537, 25.12806993476], [121.56748079197, 25.127589889051], [121.56666172517, 25.12714294292], [121.5667627182, 25.126800008576], [121.56708465021, 25.126581998176], [121.56728464508, 25.12569596976], [121.56792759667, 25.124745946191], [121.5677345278, 25.12426193569], [121.56664264696, 25.125454019186], [121.56524580037, 25.127979079517], [121.56586781262, 25.128567994691], [121.56620885371, 25.129157980844], [121.56635290847, 25.129850923458], [121.56613095444, 25.130571989911], [121.56470510063, 25.132993956804], [121.56406417157, 25.134488026349], [121.56292547869, 25.135200398779], [121.56045172846, 25.136200921828], [121.56000401595, 25.137571575103], [121.56079138264, 25.137655625529], [121.56082355564, 25.139358444214], [121.55961800058, 25.13906897723], [121.55940121991, 25.139767828684], [121.5587418161, 25.140351247478], [121.55890558745, 25.14113362076], [121.55866811094, 25.141479562314], [121.55826366362, 25.141605648042], [121.55745694637, 25.141226643372], [121.55697934997, 25.14070248653], [121.55704462532, 25.140488228447], [121.55645209201, 25.140419446781], [121.55646167334, 25.139833432598], [121.55573606294, 25.139711149865], [121.55583448498, 25.139583787337], [121.55569963003, 25.138978948153], [121.5554084154, 25.138839434447], [121.55478844771, 25.138867488642], [121.5541124988, 25.138488120874], [121.5531555159, 25.13988652296], [121.5529145617, 25.140678508405], [121.55351267, 25.142114441173], [121.55354771464, 25.142683473903], [121.55301476296, 25.143417502821], [121.55190866355, 25.143981611832], [121.55142074892, 25.144429501944], [121.55191096376, 25.147578476482], [121.55335016684, 25.149964330564], [121.55628041074, 25.153644094326], [121.55658449962, 25.155190004323], [121.55557452526, 25.155547086373], [121.55329891919, 25.154945494496], [121.55324269023, 25.155048248235], [121.5556729249, 25.160507937001], [121.55850594207, 25.161092804313], [121.56120412237, 25.16324657615], [121.56106718922, 25.164560574961], [121.56210444342, 25.168285448847], [121.56315653014, 25.169596373347], [121.56307762463, 25.170909339428], [121.56127775579, 25.173254398095], [121.56088787748, 25.174443405995], [121.56265806196, 25.17760517646], [121.56501015663, 25.178189338408], [121.56610425353, 25.180403220202], [121.56640537017, 25.181777126803], [121.56809951114, 25.183736072308], [121.56799668144, 25.186338966207], [121.56709579046, 25.188668012172], [121.5682528971, 25.189880899928], [121.5709480398, 25.191527724717], [121.5742092484, 25.194408862702], [121.57513920294, 25.194543839184], [121.5755792184, 25.194410850982], [121.57585625886, 25.195142810023], [121.57650527348, 25.195403738162], [121.57909621263, 25.194389631243], [121.58118525835, 25.195428490673], [121.58336016349, 25.194949356535], [121.58379116861, 25.194524778351], [121.58237712184, 25.193394432401], [121.58261707671, 25.192980427376], [121.58350002928, 25.192389362574], [121.583875838, 25.190053782677], [121.58373582271, 25.18943776368], [121.58402976396, 25.18873871458], [121.58319381348, 25.188735408292], [121.58285279343, 25.18839149636], [121.58330374761, 25.187898469385], [121.58184866393, 25.186398579174], [121.58183561436, 25.185856550095], [121.58272751949, 25.18490349549], [121.58291547294, 25.184382523035], [121.58290839596, 25.183531509116], [121.58187344655, 25.183397534823], [121.58141540931, 25.182792608833], [121.58126934741, 25.182191602041], [121.58091735617, 25.181979636931], [121.58102432239, 25.181377636263], [121.58137228714, 25.180775592565], [121.58135922446, 25.180264620711], [121.58221217887, 25.179560552553], [121.58237209511, 25.178668613029], [121.58333099891, 25.177172577213], [121.5827459529, 25.176493578648], [121.58267490904, 25.175302614837], [121.58043474557, 25.172797742104], [121.57750159138, 25.170254910389], [121.57698434941, 25.167138960162]]]]}, "id": "A6311-047-00"}, {"type": "Feature", "properties": {"county": "台北市", "town": "北投區", "village": "湖田里"}, "geometry": {"type": "MultiPolygon", "coordinates": [[[[121.57355615313, 25.193886560227], [121.5709480398, 25.191527724717], [121.5682528971, 25.189880899928], [121.56709579046, 25.188668012172], [121.56799668144, 25.186338966207], [121.56809951114, 25.183736072308], [121.56640537017, 25.181777126803], [121.56610425353, 25.180403220202], [121.56501015663, 25.178189338408], [121.56265806196, 25.17760517646], [121.56088787748, 25.174443405995], [121.56127775579, 25.173254398095], [121.56307762463, 25.170909339428], [121.56315653014, 25.169596373347], [121.56210444342, 25.168285448847], [121.56106718922, 25.164560574961], [121.56120412237, 25.16324657615], [121.55850594207, 25.161092804313], [121.5556729249, 25.160507937001], [121.55375158085, 25.156280133693], [121.55337456775, 25.156390157028], [121.54626462778, 25.155119050184], [121.54594610016, 25.155494993132], [121.54559419001, 25.155152624727], [121.54491527112, 25.155099355274], [121.54464565938, 25.155182391122], [121.54427264748, 25.155777349907], [121.5442338446, 25.156115578604], [121.54442299517, 25.156349172583], [121.54107381251, 25.1597706735], [121.53244298287, 25.162125994622], [121.52612119174, 25.164691228419], [121.52419521429, 25.164397317786], [121.52315117273, 25.163828291595], [121.5220762381, 25.164918319796], [121.52052834269, 25.166144439929], [121.51975132247, 25.166701437658], [121.51903640478, 25.166969477501], [121.51932154313, 25.169050388187], [121.51904851063, 25.169558392725], [121.51964551204, 25.169556388501], [121.52027053094, 25.169928339718], [121.52113966465, 25.17149824847], [121.52126678659, 25.17277823894], [121.52254989153, 25.17491412765], [121.52200401551, 25.176282083262], [121.52233506121, 25.177462038006], [121.52229612932, 25.178350048379], [121.52171915036, 25.179048099513], [121.52602647388, 25.183022853155], [121.52844445723, 25.183155715996], [121.52915339722, 25.182947601588], [121.53062943558, 25.183509581087], [121.53336546596, 25.183816376489], [121.53508254234, 25.18503435036], [121.53534360465, 25.186065280109], [121.53684262237, 25.187112216812], [121.53806264757, 25.186941118275], [121.54066361722, 25.187200958664], [121.54274175331, 25.189441819133], [121.54253689929, 25.191120796802], [121.54308498557, 25.193464671714], [121.54486116202, 25.195770670567], [121.54760431315, 25.197812457378], [121.54878336705, 25.198173381522], [121.55082025593, 25.196641341457], [121.55203134928, 25.197247246202], [121.55269856591, 25.200894088034], [121.55141866778, 25.20208413178], [121.55153371109, 25.203602120566], [121.55322875884, 25.204330982371], [121.55401692332, 25.205783881953], [121.55489305087, 25.208489978364], [121.55703412834, 25.208661866687], [121.55921224894, 25.210221722562], [121.56265220645, 25.209463547037], [121.56287705788, 25.207363555543], [121.56364492485, 25.205659563181], [121.56449291169, 25.204472971275], [121.56499272832, 25.202229893388], [121.56399951909, 25.198770042043], [121.56430335965, 25.196485097873], [121.5666422779, 25.194867980963], [121.56798925281, 25.194672853455], [121.56957527795, 25.195038822849], [121.57032926402, 25.19485471412], [121.57223617349, 25.193584699874], [121.57327219921, 25.194017582622], [121.57355615313, 25.193886560227]]]]}, "id": "A6312-042-00"}, {"type": "Feature", "properties": {"county": "新北市", "town": "新莊區", "village": "福基里"}, "geometry": {"type": "MultiPolygon", "coordinates": [[[[121.46163304909, 25.068811587338], [121.46278521814, 25.068710879533], [121.46456529641, 25.067719987845], [121.46496523538, 25.067064450767], [121.46513997548, 25.06587239696], [121.46564783916, 25.065631913156], [121.4653610701, 25.065272763942], [121.46512784939, 25.063832003118], [121.46534819868, 25.062472590622], [121.46605975875, 25.060561318914], [121.46739425758, 25.058610021762], [121.46728368908, 25.057413716094], [121.46670593924, 25.057288137015], [121.46671757372, 25.057057500604], [121.46654728378, 25.057035282084], [121.46647340935, 25.05725862065], [121.46575984734, 25.057313770397], [121.46449346583, 25.05714548902], [121.46359108719, 25.05758004871], [121.46347091918, 25.057842625711], [121.4598162727, 25.057797916015], [121.45983804474, 25.06042925941], [121.45496775072, 25.06047449584], [121.4535324893, 25.06307319918], [121.45758446479, 25.063344007978], [121.45812452515, 25.063251871942], [121.46086890837, 25.064481433955], [121.46264896429, 25.065038588094], [121.46298143777, 25.065665153686], [121.46286338223, 25.066514155283], [121.46252904949, 25.067188403601], [121.46020980896, 25.068357346273], [121.46163304909, 25.068811587338]]]]}, "id": "A6505-005-00"}, {"type": "Feature", "properties": {"county": "新北市", "town": "新莊區", "village": "昌平里"}, "geometry": {"type": "MultiPolygon", "coordinates": [[[[121.45377043569, 25.060490902493], [121.45983804474, 25.06042925941], [121.45981151883, 25.059148398141], [121.45781410943, 25.058788172676], [121.45685096281, 25.05598167476], [121.45727088843, 25.05544568518], [121.4579668307, 25.055160572216], [121.45800505005, 25.054336016372], [121.45454622849, 25.05431269253], [121.4547482851, 25.05315293026], [121.45215673135, 25.053039029883], [121.45200841627, 25.054317006795], [121.45171019141, 25.054315998308], [121.45168152676, 25.056041547967], [121.45333017936, 25.058260910055], [121.45312265845, 25.058318335726], [121.4531282343, 25.058522825707], [121.45359276841, 25.058750021486], [121.45342321649, 25.05903937708], [121.4534189004, 25.060497648633], [121.45377043569, 25.060490902493]]]]}, "id": "A6505-064-00"}, {"type": "Feature", "properties": {"county": "新北市", "town": "新莊區", "village": "昌隆里"}, "geometry": {"type": "MultiPolygon", "coordinates": [[[[121.45406488727, 25.053137951501], [121.4547482851, 25.05315293026], [121.45481697332, 25.052249818876], [121.45612601027, 25.052295735828], [121.45631388581, 25.05086592915], [121.4528869544, 25.050884751798], [121.45272295112, 25.051836729035], [121.45215673135, 25.053039029883], [121.45406488727, 25.053137951501]]]]}, "id": "A6505-074-00"}, {"type": "Feature", "properties": {"county": "新北市", "town": "新莊區", "village": "中平里"}, "geometry": {"type": "MultiPolygon", "coordinates": [[[[121.44723243932, 25.052781724826], [121.44799980264, 25.052779141477], [121.44855977197, 25.05142932977], [121.44768348102, 25.05047318194], [121.44733178465, 25.049115826229], [121.44495550417, 25.049069163371], [121.44482441397, 25.049439822857], [121.44470368045, 25.052771981526], [121.44723243932, 25.052781724826]]]]}, "id": "A6505-075-00"}, {"type": "Feature", "properties": {"county": "新北市", "town": "新莊區", "village": "信義里"}, "geometry": {"type": "MultiPolygon", "coordinates": [[[[121.45737091568, 25.052352311354], [121.45793778369, 25.052359684083], [121.45761413581, 25.051432770869], [121.45778889523, 25.051244451696], [121.45816806695, 25.051391606748], [121.45985693649, 25.051386658687], [121.45986367295, 25.049485671309], [121.45610831457, 25.049369398365], [121.4561200283, 25.050171138647], [121.45630173811, 25.050189631754], [121.45633019151, 25.050765413961], [121.45677491249, 25.050785718222], [121.45631388581, 25.05086592915], [121.45612601027, 25.052295735828], [121.45737091568, 25.052352311354]]]]}, "id": "A6505-030-00"}, {"type": "Feature", "properties": {"county": "新北市", "town": "新莊區", "village": "幸福里"}, "geometry": {"type": "MultiPolygon", "coordinates": [[[[121.4528869544, 25.050884751798], [121.45677491249, 25.050785718222], [121.45633019151, 25.050765413961], [121.45630173811, 25.050189631754], [121.4561200283, 25.050171138647], [121.45610831457, 25.049369398365], [121.45311792926, 25.049271826622], [121.45322169655, 25.049947603093], [121.45282797037, 25.050071598292], [121.4528869544, 25.050884751798]]]]}, "id": "A6505-047-00"}, {"type": "Feature", "properties": {"county": "新北市", "town": "新莊區", "village": "中港里"}, "geometry": {"type": "MultiPolygon", "coordinates": [[[[121.4520400318, 25.050655737209], [121.45235251161, 25.04924165539], [121.45180681753, 25.049230862688], [121.45180945573, 25.049080786185], [121.45118475839, 25.049034650643], [121.45118779708, 25.048867605431], [121.44747525882, 25.047770626484], [121.44733178465, 25.049115826229], [121.44768348102, 25.05047318194], [121.44850700516, 25.050250299969], [121.44852261821, 25.050061465326], [121.44908088878, 25.050218948381], [121.45034853682, 25.050182527142], [121.45097399155, 25.050304137287], [121.45096371881, 25.050512648108], [121.4520400318, 25.050655737209]]]]}, "id": "A6505-023-00"}, {"type": "Feature", "properties": {"county": "新北市", "town": "新莊區", "village": "仁義里"}, "geometry": {"type": "MultiPolygon", "coordinates": [[[[121.45939536881, 25.0494735736], [121.45986367295, 25.049485671309], [121.45989357968, 25.04691845074], [121.45940754112, 25.046900361711], [121.45939925561, 25.047069139486], [121.45911817551, 25.047056645883], [121.45913326269, 25.046873433675], [121.45889816585, 25.046877545627], [121.45891677164, 25.046684773502], [121.45914664886, 25.0467108831], [121.45918643288, 25.046398400073], [121.45884121671, 25.046329582582], [121.45872336436, 25.046329856249], [121.45872117409, 25.046647864774], [121.45777408599, 25.046581894234], [121.45751888616, 25.047464544556], [121.45817632621, 25.048269440681], [121.4582318272, 25.049455861892], [121.45939536881, 25.0494735736]]]]}, "id": "A6505-061-00"}, {"type": "Feature", "properties": {"county": "新北市", "town": "新莊區", "village": "和平里"}, "geometry": {"type": "MultiPolygon", "coordinates": [[[[121.45981151883, 25.059148398141], [121.45985693649, 25.051386658687], [121.45816806695, 25.051391606748], [121.45778889523, 25.051244451696], [121.45761413581, 25.051432770869], [121.45801818777, 25.05283391058], [121.45798499964, 25.05512214303], [121.45727088843, 25.05544568518], [121.45684852732, 25.056118471953], [121.45781410943, 25.058788172676], [121.45981151883, 25.059148398141]]]]}, "id": "A6505-033-00"}, {"type": "Feature", "properties": {"county": "新北市", "town": "新莊區", "village": "頭前里"}, "geometry": {"type": "MultiPolygon", "coordinates": [[[[121.4598162727, 25.057797916015], [121.46347091918, 25.057842625711], [121.46359108719, 25.05758004871], [121.46449346583, 25.05714548902], [121.46575984734, 25.057313770397], [121.46647340935, 25.05725862065], [121.46654728378, 25.057035282084], [121.46671757372, 25.057057500604], [121.46670593924, 25.057288137015], [121.46728368908, 25.057413716094], [121.46741493457, 25.05592153628], [121.46811709057, 25.054119685308], [121.46848383467, 25.053774776001], [121.4686790346, 25.05318998467], [121.46855652165, 25.052659736924], [121.46805103972, 25.051954090823], [121.46738522032, 25.049311152861], [121.45986367295, 25.049485671309], [121.4598162727, 25.057797916015]]]]}, "id": "A6505-002-00"}, {"type": "Feature", "properties": {"county": "新北市", "town": "新莊區", "village": "昌信里"}, "geometry": {"type": "MultiPolygon", "coordinates": [[[[121.45800505005, 25.054336016372], [121.45801473027, 25.053729327731], [121.45553128216, 25.053708252929], [121.45555670415, 25.052270305581], [121.45481697332, 25.052249818876], [121.45454622849, 25.05431269253], [121.45800505005, 25.054336016372]]]]}, "id": "A6505-073-00"}, {"type": "Feature", "properties": {"county": "新北市", "town": "新莊區", "village": "立廷里"}, "geometry": {"type": "MultiPolygon", "coordinates": [[[[121.44463035172, 25.054335484342], [121.44482441397, 25.049439822857], [121.44495550417, 25.049069163371], [121.44650182859, 25.049096202424], [121.44662815288, 25.048562116585], [121.44615102862, 25.048524003423], [121.44631122433, 25.046868412638], [121.44612540462, 25.046841883619], [121.44613237878, 25.046714036723], [121.44479723248, 25.046686865133], [121.444836074, 25.049068276075], [121.44142858265, 25.049045366207], [121.44066642835, 25.050570549721], [121.44106120739, 25.050599716239], [121.44112587267, 25.05076051145], [121.44042847844, 25.052267808746], [121.43944396312, 25.052330406178], [121.43973548566, 25.052745059378], [121.44171772611, 25.054342769353], [121.44463035172, 25.054335484342]]]]}, "id": "A6505-076-00"}, {"type": "Feature", "properties": {"county": "新北市", "town": "新莊區", "village": "昌明里"}, "geometry": {"type": "MultiPolygon", "coordinates": [[[[121.45739095312, 25.05381518358], [121.45801473027, 25.053729327731], [121.45793778369, 25.052359684083], [121.45555670415, 25.052270305581], [121.45553128216, 25.053708252929], [121.45739095312, 25.05381518358]]]]}, "id": "A6505-063-00"}, {"type": "Feature", "properties": {"county": "新北市", "town": "新莊區", "village": "中信里"}, "geometry": {"type": "MultiPolygon", "coordinates": [[[[121.45117894659, 25.053636123242], [121.45128661883, 25.053672743783], [121.45147023043, 25.052501374525], [121.4520400318, 25.050655737209], [121.45096371881, 25.050512648108], [121.45097399155, 25.050304137287], [121.45034853682, 25.050182527142], [121.44908088878, 25.050218948381], [121.44852261821, 25.050061465326], [121.44850700516, 25.050250299969], [121.44768348102, 25.05047318194], [121.44855977197, 25.05142932977], [121.44799980264, 25.052779141477], [121.45004857934, 25.052778816208], [121.45003910641, 25.052976668581], [121.45124355238, 25.053397109285], [121.45117894659, 25.053636123242]]]]}, "id": "A6505-054-00"}, {"type": "Feature", "properties": {"county": "新北市", "town": "新莊區", "village": "中原里"}, "geometry": {"type": "MultiPolygon", "coordinates": [[[[121.44802623312, 25.062634673401], [121.44901412998, 25.06186386339], [121.449685095, 25.061059245035], [121.45014621959, 25.060827328201], [121.45009553369, 25.060620817129], [121.45040245308, 25.060289876833], [121.45031846397, 25.058358466406], [121.45092634105, 25.055713652273], [121.45124355238, 25.053397109285], [121.45003910641, 25.052976668581], [121.45004857934, 25.052778816208], [121.44470368045, 25.052771981526], [121.44463035172, 25.054335484342], [121.44171772611, 25.054342769353], [121.43943783647, 25.052398863982], [121.43964814058, 25.05280337434], [121.43964724742, 25.053309272789], [121.43944450264, 25.053949126902], [121.43868994351, 25.055139576077], [121.43863562419, 25.055703328362], [121.43879475421, 25.056128756479], [121.43972194092, 25.056968240611], [121.4426946909, 25.058091376194], [121.44400172438, 25.058290807815], [121.44441038245, 25.058647675675], [121.44419608357, 25.058935349243], [121.44439947414, 25.059181954573], [121.44410571381, 25.059516004053], [121.44434493566, 25.059746250725], [121.44460572821, 25.059742587481], [121.44454929065, 25.059468261416], [121.44528878876, 25.058890452636], [121.44595542085, 25.05964201349], [121.44656107422, 25.059326971423], [121.44699718564, 25.059575282744], [121.4468479176, 25.060160304461], [121.44707492895, 25.060628497229], [121.44741014145, 25.060724819938], [121.44807654401, 25.060530222564], [121.44810337133, 25.060870805487], [121.44775361653, 25.061249815042], [121.44777109221, 25.061874207399], [121.44753686178, 25.062368258357], [121.44765043592, 25.062575582842], [121.44802623312, 25.062634673401]]]]}, "id": "A6505-053-00"}, {"type": "Feature", "properties": {"county": "新北市", "town": "新莊區", "village": "中隆里"}, "geometry": {"type": "MultiPolygon", "coordinates": [[[[121.45403863989, 25.061900511515], [121.45416679895, 25.061951725259], [121.45496775072, 25.06047449584], [121.4534189004, 25.060497648633], [121.45342321649, 25.05903937708], [121.45359276841, 25.058750021486], [121.4531282343, 25.058522825707], [121.45312265845, 25.058318335726], [121.45333017936, 25.058260910055], [121.45168152676, 25.056041547967], [121.45171019141, 25.054315998308], [121.45200841627, 25.054317006795], [121.45210540065, 25.053188446511], [121.45280164917, 25.051562909493], [121.45282797037, 25.050071598292], [121.45322169655, 25.049947603093], [121.45311792926, 25.049271826622], [121.45235251161, 25.04924165539], [121.45147023043, 25.052501374525], [121.45031846397, 25.058358466406], [121.45045030341, 25.060073126105], [121.45009553369, 25.060620817129], [121.45014621959, 25.060827328201], [121.4506317519, 25.060888165039], [121.45099031899, 25.061522653087], [121.45140731477, 25.061704197505], [121.45178235524, 25.061579359879], [121.45333547105, 25.06169904586], [121.45403863989, 25.061900511515]]]]}, "id": "A6505-052-00"}, {"type": "Feature", "properties": {"county": "新北市", "town": "新莊區", "village": "思賢里"}, "geometry": {"type": "MultiPolygon", "coordinates": [[[[121.45705300322, 25.044457577153], [121.4578709344, 25.044504109448], [121.45791218503, 25.042783233528], [121.45747332394, 25.042719666767], [121.45767669565, 25.041841646463], [121.45744570646, 25.041841312346], [121.45768482169, 25.040900391133], [121.45655042103, 25.040611791616], [121.4562286158, 25.04257975243], [121.45444426101, 25.044125843354], [121.45705300322, 25.044457577153]]]]}, "id": "A6505-039-00"}, {"type": "Feature", "properties": {"county": "新北市", "town": "新莊區", "village": "中美里"}, "geometry": {"type": "MultiPolygon", "coordinates": [[[[121.45441466425, 25.04411995454], [121.4562286158, 25.04257975243], [121.45655042103, 25.040611791616], [121.45469814977, 25.040358158589], [121.45471277209, 25.040222497486], [121.45222880763, 25.039585405852], [121.45262057969, 25.041075808102], [121.45257785841, 25.043221774996], [121.45278327583, 25.044023016555], [121.45295955856, 25.044346982407], [121.45329387241, 25.043809728783], [121.45441466425, 25.04411995454]]]]}, "id": "A6505-011-00"}, {"type": "Feature", "properties": {"county": "新北市", "town": "新莊區", "village": "立功里"}, "geometry": {"type": "MultiPolygon", "coordinates": [[[[121.44822655137, 25.043645425419], [121.44847682448, 25.042717750745], [121.44526471856, 25.041304511204], [121.44417076274, 25.043152522162], [121.44453742107, 25.043323699915], [121.44669909672, 25.04330213759], [121.44669020788, 25.043436340721], [121.44822655137, 25.043645425419]]]]}, "id": "A6505-034-00"}, {"type": "Feature", "properties": {"county": "新北市", "town": "新莊區", "village": "立德里"}, "geometry": {"type": "MultiPolygon", "coordinates": [[[[121.45170092564, 25.043510754245], [121.45265018461, 25.04368528548], [121.45262057969, 25.041075808102], [121.45222880763, 25.039585405852], [121.44763312679, 25.03878815428], [121.44696666079, 25.038481999653], [121.44526471856, 25.041304511204], [121.44706074974, 25.04218217273], [121.4491581942, 25.042956677315], [121.45170092564, 25.043510754245]]]]}, "id": "A6505-029-00"}, {"type": "Feature", "properties": {"county": "新北市", "town": "新莊區", "village": "營盤里"}, "geometry": {"type": "MultiPolygon", "coordinates": [[[[121.44190277973, 25.041733646892], [121.44234551937, 25.041441880063], [121.44228968988, 25.039954650672], [121.44241986382, 25.039944315009], [121.44241976274, 25.039665588913], [121.44286130248, 25.039653887599], [121.44277694273, 25.03890807256], [121.4424170611, 25.038912484915], [121.44248147064, 25.033990746377], [121.43403376956, 25.032516656195], [121.42631201734, 25.030082651561], [121.42414109011, 25.03181756581], [121.42445504404, 25.032177018642], [121.42581652759, 25.033060319041], [121.42712163358, 25.034605146908], [121.42855832205, 25.035971349002], [121.43088743251, 25.039400953769], [121.43109753398, 25.039277805017], [121.43276570559, 25.041202774562], [121.43667900811, 25.038878896167], [121.43734792979, 25.04322585362], [121.44052153695, 25.041432160634], [121.44105306329, 25.041536855168], [121.44180357639, 25.041413636373], [121.44190277973, 25.041733646892]]]]}, "id": "A6505-040-00"}, {"type": "Feature", "properties": {"county": "新北市", "town": "新莊區", "village": "文明里"}, "geometry": {"type": "MultiPolygon", "coordinates": [[[[121.46615701829, 25.042551746354], [121.46636663872, 25.041635804127], [121.46615697247, 25.040576095335], [121.46625866681, 25.038524700777], [121.46248342627, 25.03715988872], [121.45729108085, 25.034346382051], [121.45614323121, 25.035605636644], [121.45606020492, 25.035964433784], [121.45585250864, 25.036074412825], [121.45564202462, 25.035938719668], [121.45480408582, 25.036481480746], [121.45484770248, 25.03662646761], [121.45729717204, 25.037010979484], [121.46615701829, 25.042551746354]]]]}, "id": "A6505-022-00"}, {"type": "Feature", "properties": {"county": "新北市", "town": "新莊區", "village": "恆安里"}, "geometry": {"type": "MultiPolygon", "coordinates": [[[[121.45769842331, 25.040688979549], [121.4577194765, 25.039974629328], [121.45727455115, 25.039375297814], [121.45871850165, 25.038392643685], [121.4587625426, 25.03790485043], [121.45761999258, 25.037197157343], [121.45655350221, 25.038352811838], [121.45508420235, 25.038451691108], [121.45507230797, 25.038838782457], [121.45466906454, 25.038908097245], [121.45465028043, 25.039169092677], [121.45395967295, 25.039171204138], [121.45391988656, 25.040003305959], [121.45471277209, 25.040222497486], [121.45469814977, 25.040358158589], [121.45740485781, 25.040745502354], [121.45768482169, 25.040900391133], [121.45769842331, 25.040688979549]]]]}, "id": "A6505-008-00"}, {"type": "Feature", "properties": {"county": "新北市", "town": "新莊區", "village": "立言里"}, "geometry": {"type": "MultiPolygon", "coordinates": [[[[121.44571391991, 25.040560091133], [121.44696666079, 25.038481999653], [121.44605679464, 25.038134948496], [121.44428678415, 25.037942244629], [121.44407952758, 25.039540280676], [121.44283293782, 25.03940973963], [121.44291327763, 25.04031745952], [121.44571391991, 25.040560091133]]]]}, "id": "A6505-031-00"}, {"type": "Feature", "properties": {"county": "新北市", "town": "新莊區", "village": "立人里"}, "geometry": {"type": "MultiPolygon", "coordinates": [[[[121.45361929455, 25.039922374707], [121.45391988656, 25.040003305959], [121.45395967295, 25.039171204138], [121.45465028043, 25.039169092677], [121.45466906454, 25.038908097245], [121.45507230797, 25.038838782457], [121.45508420235, 25.038451691108], [121.45655350221, 25.038352811838], [121.45761999258, 25.037197157343], [121.45674797561, 25.036834345369], [121.45256923434, 25.036171939075], [121.45259012027, 25.039680826654], [121.45361929455, 25.039922374707]]]]}, "id": "A6505-026-00"}, {"type": "Feature", "properties": {"county": "新北市", "town": "新莊區", "village": "全安里"}, "geometry": {"type": "MultiPolygon", "coordinates": [[[[121.44824100047, 25.035228056161], [121.44837607238, 25.034654569883], [121.44820005049, 25.034621533244], [121.44845304929, 25.033459365501], [121.44901575404, 25.033402325635], [121.44941096031, 25.032168260435], [121.44798138497, 25.031802605759], [121.44794046862, 25.031969043241], [121.44643606724, 25.031880481262], [121.44630958346, 25.034806178051], [121.44824100047, 25.035228056161]]]]}, "id": "A6505-004-00"}, {"type": "Feature", "properties": {"county": "新北市", "town": "新莊區", "village": "海山里"}, "geometry": {"type": "MultiPolygon", "coordinates": [[[[121.44630958346, 25.034806178051], [121.44644659633, 25.031730294065], [121.44553148339, 25.031642029865], [121.44553010478, 25.031513821374], [121.44294502008, 25.031629987282], [121.44296559204, 25.032943470403], [121.44241343086, 25.032795774758], [121.44213123469, 25.032896244895], [121.44248447475, 25.032936957922], [121.44248147064, 25.033990746377], [121.44630958346, 25.034806178051]]]]}, "id": "A6505-001-00"}, {"type": "Feature", "properties": {"county": "新北市", "town": "新莊區", "village": "雙鳳里"}, "geometry": {"type": "MultiPolygon", "coordinates": [[[[121.40107034334, 25.034370436711], [121.40165406389, 25.034530159834], [121.4023385206, 25.034177529523], [121.4027050178, 25.033874513876], [121.40294660671, 25.033141511509], [121.40349714766, 25.032757275494], [121.40362806855, 25.032451556533], [121.40425005115, 25.03281906517], [121.40488033249, 25.032451040279], [121.40591364586, 25.032505917297], [121.40686245271, 25.031992728736], [121.4071227389, 25.031658843908], [121.40780389871, 25.031653635141], [121.4086388937, 25.030886760912], [121.40977096438, 25.030459548185], [121.40981105929, 25.030638986796], [121.41021971741, 25.030592482841], [121.41140195864, 25.030090087748], [121.4117443055, 25.030030541358], [121.41206444855, 25.030175383662], [121.41280635841, 25.029666071305], [121.41214784831, 25.028471908296], [121.41301840151, 25.027867253357], [121.41359571643, 25.028123247827], [121.41422650206, 25.028091875218], [121.41578612917, 25.027270571057], [121.41782833534, 25.026611501216], [121.41713275905, 25.025075624257], [121.4164017418, 25.024390922159], [121.41020504756, 25.020914269304], [121.40973350197, 25.021017136952], [121.40888298978, 25.0207554034], [121.40855653176, 25.020912037479], [121.4057068873, 25.023156580037], [121.40448466991, 25.023800913328], [121.40402524051, 25.024393510316], [121.40398643519, 25.024930794132], [121.40376229138, 25.02522707689], [121.40296322829, 25.025649056753], [121.4020795103, 25.025845556169], [121.40129807956, 25.026360018574], [121.40102315269, 25.026945336952], [121.40146131412, 25.028183275481], [121.40074708282, 25.02908576629], [121.40034410372, 25.029050739418], [121.39918143218, 25.029462392758], [121.398252277, 25.030078803219], [121.39849327191, 25.0306785329], [121.39795371286, 25.031214899649], [121.39825688153, 25.031505247164], [121.39875925085, 25.031438445699], [121.39821568531, 25.032365293881], [121.39845741369, 25.033190726465], [121.39854410934, 25.034720773953], [121.39945031166, 25.034752196706], [121.39997144284, 25.03435581137], [121.40046179888, 25.034210039665], [121.40107034334, 25.034370436711]]]]}, "id": "A6505-048-00"}, {"type": "Feature", "properties": {"county": "新北市", "town": "板橋區", "village": "青翠里"}, "geometry": {"type": "MultiPolygon", "coordinates": [[[[121.47908910728, 25.034564801626], [121.48029852268, 25.034283256475], [121.47942836759, 25.033338200215], [121.47960310476, 25.032767273866], [121.47950579923, 25.032210137284], [121.47919480229, 25.031726823979], [121.47856016286, 25.031270104758], [121.47718031015, 25.032680719509], [121.47908910728, 25.034564801626]]]]}, "id": "A6501-047-00"}, {"type": "Feature", "properties": {"county": "新北市", "town": "新莊區", "village": "國泰里"}, "geometry": {"type": "MultiPolygon", "coordinates": [[[[121.44248147064, 25.033990746377], [121.44248447475, 25.032936957922], [121.44213123469, 25.032896244895], [121.44241343086, 25.032795774758], [121.44296559204, 25.032943470403], [121.44294502008, 25.031629987282], [121.4433588263, 25.031625866235], [121.44334764708, 25.030107122059], [121.44320040772, 25.030042836413], [121.44320986157, 25.02961680942], [121.44181835781, 25.029018529285], [121.44127385643, 25.027647821747], [121.44009491957, 25.027316339106], [121.43897436244, 25.02751838262], [121.43867299931, 25.028340915925], [121.43787468593, 25.028423627816], [121.4412263313, 25.033738866267], [121.44248147064, 25.033990746377]]]]}, "id": "A6505-003-00"}, {"type": "Feature", "properties": {"county": "新北市", "town": "新莊區", "village": "福營里"}, "geometry": {"type": "MultiPolygon", "coordinates": [[[[121.4412263313, 25.033738866267], [121.43770441243, 25.028139895197], [121.43471897304, 25.028299892983], [121.43341940565, 25.028013855473], [121.43299910599, 25.028144015502], [121.43072505653, 25.027695106456], [121.42896429247, 25.028373224167], [121.42646362329, 25.028221321603], [121.42572046896, 25.028341107269], [121.42506028996, 25.028167200663], [121.42327510367, 25.027242299333], [121.42268011588, 25.028940374824], [121.43403376956, 25.032516656195], [121.4412263313, 25.033738866267]]]]}, "id": "A6505-068-00"}, {"type": "Feature", "properties": {"county": "新北市", "town": "板橋區", "village": "純翠里"}, "geometry": {"type": "MultiPolygon", "coordinates": [[[[121.46287044839, 25.033019329441], [121.46341385798, 25.033289319269], [121.46412466792, 25.031824414177], [121.46388941802, 25.031752450335], [121.46411357536, 25.031241971348], [121.46660999528, 25.031981667672], [121.46714175568, 25.030965857862], [121.4688206417, 25.029866705528], [121.46765742212, 25.029674259619], [121.46637007651, 25.028795716728], [121.46609639586, 25.028525343238], [121.46640392868, 25.027913113785], [121.46579018408, 25.027864294668], [121.46569192723, 25.028055115589], [121.4654269831, 25.02801451883], [121.46287044839, 25.033019329441]]]]}, "id": "A6501-030-00"}, {"type": "Feature", "properties": {"county": "新北市", "town": "板橋區", "village": "新海里"}, "geometry": {"type": "MultiPolygon", "coordinates": [[[[121.45499009417, 25.032909993742], [121.45660332255, 25.029619421795], [121.45702347563, 25.029300940487], [121.45757285432, 25.028477608094], [121.45770087316, 25.028556699684], [121.45794396179, 25.028224825956], [121.45820889868, 25.028368564788], [121.45875295427, 25.027545786164], [121.45842893413, 25.027382095895], [121.45856743649, 25.026911527099], [121.45899235932, 25.027131698109], [121.4592371521, 25.026759390703], [121.45939536926, 25.026844322674], [121.4598679057, 25.026418768116], [121.45951603856, 25.026240731192], [121.45963512329, 25.026064376131], [121.4592304622, 25.025852652447], [121.46022425996, 25.024295209886], [121.45867053256, 25.023467805467], [121.45707475243, 25.025977375925], [121.45725459533, 25.026075238855], [121.45712148997, 25.026287641291], [121.45749419114, 25.026483607514], [121.45700035496, 25.026698567746], [121.45609861128, 25.028909393336], [121.45362544251, 25.031992883049], [121.45499009417, 25.032909993742]]]]}, "id": "A6501-105-00"}, {"type": "Feature", "properties": {"county": "新北市", "town": "板橋區", "village": "嵐翠里"}, "geometry": {"type": "MultiPolygon", "coordinates": [[[[121.47737701946, 25.032489241932], [121.47891156187, 25.030771384166], [121.47866343827, 25.030481449311], [121.47873411514, 25.030370164698], [121.47755011118, 25.029851620607], [121.47712197638, 25.030594843553], [121.47596110329, 25.031862898403], [121.47718031015, 25.032680719509], [121.47737701946, 25.032489241932]]]]}, "id": "A6501-045-00"}, {"type": "Feature", "properties": {"county": "新北市", "town": "板橋區", "village": "柏翠里"}, "geometry": {"type": "MultiPolygon", "coordinates": [[[[121.47191659935, 25.039392390724], [121.47514829051, 25.039510723862], [121.47838692647, 25.039836933594], [121.48106506449, 25.039360675165], [121.48539404672, 25.039229687257], [121.48367009765, 25.03690784368], [121.48342271049, 25.035726150406], [121.47874194872, 25.035906096641], [121.47767967255, 25.035604966187], [121.47709301775, 25.03519585022], [121.47228097121, 25.029908840588], [121.47111524916, 25.030795939941], [121.47086902307, 25.031490961307], [121.47132524697, 25.031786389571], [121.47142523978, 25.031687836268], [121.47243970091, 25.031957642386], [121.47216842925, 25.032301797878], [121.47340392642, 25.033152644115], [121.47315955648, 25.033306825828], [121.4731791104, 25.033908456794], [121.4726413207, 25.033750494563], [121.47258507947, 25.033893372247], [121.47329646342, 25.034137601051], [121.47342485757, 25.034560291443], [121.47322573375, 25.034812203203], [121.47256997615, 25.034858080908], [121.47250909098, 25.036204680916], [121.47170977756, 25.036737674115], [121.47163837458, 25.039375906663], [121.47191659935, 25.039392390724]]]]}, "id": "A6501-041-00"}, {"type": "Feature", "properties": {"county": "新北市", "town": "新莊區", "village": "榮和里"}, "geometry": {"type": "MultiPolygon", "coordinates": [[[[121.45264675061, 25.039632077275], [121.45256923434, 25.036171939075], [121.45376776085, 25.036419652421], [121.45382630304, 25.035291477767], [121.45497221189, 25.032945749438], [121.45298268827, 25.03152596137], [121.45153478561, 25.033118126678], [121.45131330697, 25.033862160133], [121.45155492719, 25.033931581312], [121.45138193243, 25.03912434093], [121.45210152291, 25.039134883873], [121.45222880763, 25.039585405852], [121.45264675061, 25.039632077275]]]]}, "id": "A6505-016-00"}, {"type": "Feature", "properties": {"county": "新北市", "town": "新莊區", "village": "興漢里"}, "geometry": {"type": "MultiPolygon", "coordinates": [[[[121.45222880763, 25.039585405852], [121.45210152291, 25.039134883873], [121.45138193243, 25.03912434093], [121.45155492719, 25.033931581312], [121.45131330697, 25.033862160133], [121.45153478561, 25.033118126678], [121.45298268827, 25.03152596137], [121.45230515354, 25.030981411094], [121.45063109518, 25.032418049664], [121.45023385893, 25.032506294103], [121.44988293633, 25.03919759748], [121.45222880763, 25.039585405852]]]]}, "id": "A6505-013-00"}, {"type": "Feature", "properties": {"county": "新北市", "town": "新莊區", "village": "忠孝里"}, "geometry": {"type": "MultiPolygon", "coordinates": [[[[121.44342266098, 25.039470931614], [121.44407952758, 25.039540280676], [121.44428678415, 25.037942244629], [121.4456379079, 25.038096297239], [121.44572012071, 25.036531229337], [121.44616779193, 25.036529434515], [121.44630958346, 25.034806178051], [121.44248147064, 25.033990746377], [121.4424170611, 25.038912484915], [121.44277694273, 25.03890807256], [121.44283293782, 25.03940973963], [121.44342266098, 25.039470931614]]]]}, "id": "A6505-007-00"}, {"type": "Feature", "properties": {"county": "新北市", "town": "板橋區", "village": "溪頭里"}, "geometry": {"type": "MultiPolygon", "coordinates": [[[[121.46625866681, 25.038524700777], [121.46954928092, 25.03922587025], [121.47163837458, 25.039375906663], [121.47170977756, 25.036737674115], [121.47250909098, 25.036204680916], [121.47256997615, 25.034858080908], [121.47322573375, 25.034812203203], [121.47342485757, 25.034560291443], [121.47329646342, 25.034137601051], [121.47258507947, 25.033893372247], [121.4726413207, 25.033750494563], [121.4731791104, 25.033908456794], [121.47315955648, 25.033306825828], [121.47340392642, 25.033152644115], [121.47216842925, 25.032301797878], [121.47243970091, 25.031957642386], [121.47142523978, 25.031687836268], [121.47132524697, 25.031786389571], [121.47090777854, 25.031537337991], [121.47062850919, 25.031284687811], [121.47098831066, 25.030901439826], [121.47057645689, 25.030644965466], [121.47021530337, 25.031123924152], [121.46989340563, 25.031008739094], [121.46907889168, 25.032030959249], [121.46881483814, 25.032619942856], [121.46411357536, 25.031241971348], [121.46388941802, 25.031752450335], [121.46412466792, 25.031824414177], [121.46341385798, 25.033289319269], [121.46287044839, 25.033019329441], [121.46134247502, 25.036607842094], [121.46296164578, 25.037369679013], [121.46625866681, 25.038524700777]]]]}, "id": "A6501-031-00"}, {"type": "Feature", "properties": {"county": "新北市", "town": "新莊區", "village": "文聖里"}, "geometry": {"type": "MultiPolygon", "coordinates": [[[[121.44986952384, 25.039225977467], [121.45012728869, 25.03564564989], [121.44843896408, 25.035270687566], [121.44812908343, 25.036009501147], [121.44835018265, 25.036123421461], [121.44783590209, 25.037004399837], [121.44817680823, 25.037200566023], [121.44790239106, 25.037914776848], [121.44819989741, 25.037931032406], [121.44807582894, 25.038766594217], [121.44986952384, 25.039225977467]]]]}, "id": "A6505-065-00"}, {"type": "Feature", "properties": {"county": "新北市", "town": "新莊區", "village": "全泰里"}, "geometry": {"type": "MultiPolygon", "coordinates": [[[[121.44807582894, 25.038766594217], [121.44819989741, 25.037931032406], [121.44790239106, 25.037914776848], [121.44817680823, 25.037200566023], [121.44783590209, 25.037004399837], [121.44835018265, 25.036123421461], [121.44812908343, 25.036009501147], [121.44843896408, 25.035270687566], [121.44630958346, 25.034806178051], [121.44616779193, 25.036529434515], [121.44572012071, 25.036531229337], [121.4456379079, 25.038096297239], [121.44624175204, 25.038175204972], [121.44763312679, 25.03878815428], [121.44807582894, 25.038766594217]]]]}, "id": "A6505-060-00"}, {"type": "Feature", "properties": {"county": "新北市", "town": "板橋區", "village": "宏翠里"}, "geometry": {"type": "MultiPolygon", "coordinates": [[[[121.46132965601, 25.036601499892], [121.46227295427, 25.034238120809], [121.46381804763, 25.03116118098], [121.46333890319, 25.03102963659], [121.46346739083, 25.030699266872], [121.46217804376, 25.030264198384], [121.46229282114, 25.029746208478], [121.46168264662, 25.029438572874], [121.46143591367, 25.029806838338], [121.46002314174, 25.029035443289], [121.45939973056, 25.029925557215], [121.45744171996, 25.028672664313], [121.45702347563, 25.029300940487], [121.45660332255, 25.029619421795], [121.45497221189, 25.032945749438], [121.46132965601, 25.036601499892]]]]}, "id": "A6501-033-00"}, {"type": "Feature", "properties": {"county": "新北市", "town": "新莊區", "village": "文德里"}, "geometry": {"type": "MultiPolygon", "coordinates": [[[[121.45480408582, 25.036481480746], [121.45564202462, 25.035938719668], [121.45585250864, 25.036074412825], [121.45606020492, 25.035964433784], [121.45614323121, 25.035605636644], [121.45729108085, 25.034346382051], [121.45497221189, 25.032945749438], [121.45382630304, 25.035291477767], [121.45372140585, 25.035905951957], [121.45376776085, 25.036419652421], [121.45484770248, 25.03662646761], [121.45480408582, 25.036481480746]]]]}, "id": "A6505-019-00"}, {"type": "Feature", "properties": {"county": "新北市", "town": "板橋區", "village": "文翠里"}, "geometry": {"type": "MultiPolygon", "coordinates": [[[[121.47857220974, 25.035887823316], [121.48104189125, 25.035796674117], [121.48080544876, 25.034849360603], [121.48035486837, 25.034269981759], [121.47908910728, 25.034564801626], [121.47641044612, 25.032066056283], [121.47364650024, 25.031424079458], [121.47709301775, 25.03519585022], [121.47785237018, 25.035686214013], [121.47857220974, 25.035887823316]]]]}, "id": "A6501-046-00"}, {"type": "Feature", "properties": {"county": "新北市", "town": "板橋區", "village": "懷翠里"}, "geometry": {"type": "MultiPolygon", "coordinates": [[[[121.48104189125, 25.035796674117], [121.48342271049, 25.035726150406], [121.48333873063, 25.035322868783], [121.48391563427, 25.032966927283], [121.48502959624, 25.030660954511], [121.48195642348, 25.029526913899], [121.48199550392, 25.029424760158], [121.48057162267, 25.02885413185], [121.47944947885, 25.02995830257], [121.47856016286, 25.031270104758], [121.47919480229, 25.031726823979], [121.47950579923, 25.032210137284], [121.47960310476, 25.032767273866], [121.47942836759, 25.033338200215], [121.48080544876, 25.034849360603], [121.48104189125, 25.035796674117]]]]}, "id": "A6501-048-00"}, {"type": "Feature", "properties": {"county": "新北市", "town": "新莊區", "village": "文衡里"}, "geometry": {"type": "MultiPolygon", "coordinates": [[[[121.45005857191, 25.035629606425], [121.4502625652, 25.032578258198], [121.44941096031, 25.032168260435], [121.44901575404, 25.033402325635], [121.44845304929, 25.033459365501], [121.44820005049, 25.034621533244], [121.44837607238, 25.034654569883], [121.44824100047, 25.035228056161], [121.45005857191, 25.035629606425]]]]}, "id": "A6505-010-00"}, {"type": "Feature", "properties": {"county": "新北市", "town": "新莊區", "village": "化成里"}, "geometry": {"type": "MultiPolygon", "coordinates": [[[[121.46328202037, 25.049445516852], [121.46738522032, 25.049311152861], [121.46711655612, 25.046864313767], [121.46644012004, 25.045675603109], [121.46584934965, 25.043942172374], [121.46605892103, 25.042856589439], [121.46432320337, 25.041716904646], [121.46408615402, 25.042483997124], [121.46070417535, 25.042547884069], [121.46064971648, 25.043461757765], [121.46161397945, 25.043492383944], [121.46179959614, 25.043967455587], [121.46172946571, 25.044143197746], [121.46096297328, 25.044167066663], [121.46093271666, 25.044492143787], [121.46129045263, 25.044499845854], [121.46129125391, 25.044714018822], [121.46170780896, 25.044751640663], [121.46148175573, 25.04623192576], [121.4616060083, 25.046865376339], [121.46049930257, 25.046917657741], [121.46038410394, 25.047240441167], [121.45988593496, 25.047395386674], [121.45986367295, 25.049485671309], [121.46328202037, 25.049445516852]]]]}, "id": "A6505-036-00"}, {"type": "Feature", "properties": {"county": "新北市", "town": "新莊區", "village": "仁愛里"}, "geometry": {"type": "MultiPolygon", "coordinates": [[[[121.45725005666, 25.04942099246], [121.4582318272, 25.049455861892], [121.45817632621, 25.048269440681], [121.45751888616, 25.047464544556], [121.45769222744, 25.047101766449], [121.45784434588, 25.045566998684], [121.45732647666, 25.045485783117], [121.45657131632, 25.045636827294], [121.45581731264, 25.045437795158], [121.45577218536, 25.048178148743], [121.456030537, 25.048144039333], [121.45611508429, 25.049205142206], [121.45634166933, 25.049228551438], [121.45639152909, 25.049382576284], [121.45725005666, 25.04942099246]]]]}, "id": "A6505-028-00"}, {"type": "Feature", "properties": {"county": "新北市", "town": "新莊區", "village": "自信里"}, "geometry": {"type": "MultiPolygon", "coordinates": [[[[121.45610831457, 25.049369398365], [121.45639152909, 25.049382576284], [121.45634166933, 25.049228551438], [121.45611508429, 25.049205142206], [121.456030537, 25.048144039333], [121.45315742187, 25.048207096017], [121.45311792926, 25.049271826622], [121.45610831457, 25.049369398365]]]]}, "id": "A6505-049-00"}, {"type": "Feature", "properties": {"county": "新北市", "town": "新莊區", "village": "自強里"}, "geometry": {"type": "MultiPolygon", "coordinates": [[[[121.45267170156, 25.049256303556], [121.45311792926, 25.049271826622], [121.45315742187, 25.048207096017], [121.45472957977, 25.048259896823], [121.45475054044, 25.045410275649], [121.45452125291, 25.04541097731], [121.45483378638, 25.044576733028], [121.4542182082, 25.044362371459], [121.4539397505, 25.044706143989], [121.45360268743, 25.044563070732], [121.45334019904, 25.044836519212], [121.45369945901, 25.045425948981], [121.45371375024, 25.0459552769], [121.45282317683, 25.047720637995], [121.45267170156, 25.049256303556]]]]}, "id": "A6505-042-00"}, {"type": "Feature", "properties": {"county": "新北市", "town": "新莊區", "village": "中華里"}, "geometry": {"type": "MultiPolygon", "coordinates": [[[[121.45235251161, 25.04924165539], [121.45267170156, 25.049256303556], [121.45282317683, 25.047720637995], [121.45371375024, 25.0459552769], [121.45369945901, 25.045425948981], [121.45334019904, 25.044836519212], [121.45360268743, 25.044563070732], [121.4539397505, 25.044706143989], [121.45444426101, 25.044125843354], [121.45329387241, 25.043809728783], [121.45256605828, 25.044884143829], [121.45169148876, 25.046624530248], [121.45220667732, 25.04728063615], [121.45253165929, 25.048139660217], [121.45235251161, 25.04924165539]]]]}, "id": "A6505-051-00"}, {"type": "Feature", "properties": {"county": "新北市", "town": "新莊區", "village": "中誠里"}, "geometry": {"type": "MultiPolygon", "coordinates": [[[[121.45180681753, 25.049230862688], [121.45235251161, 25.04924165539], [121.4525461074, 25.048223224926], [121.45220667732, 25.04728063615], [121.45169148876, 25.046624530248], [121.45142904216, 25.047035967726], [121.45124002632, 25.048034880469], [121.45035046503, 25.047853207131], [121.45029964675, 25.048072678279], [121.45016126863, 25.04804411191], [121.45012236289, 25.048582901238], [121.45118779708, 25.048867605431], [121.45118475839, 25.049034650643], [121.45180945573, 25.049080786185], [121.45180681753, 25.049230862688]]]]}, "id": "A6505-020-00"}, {"type": "Feature", "properties": {"county": "新北市", "town": "新莊區", "village": "中宏里"}, "geometry": {"type": "MultiPolygon", "coordinates": [[[[121.44650182859, 25.049096202424], [121.44733178465, 25.049115826229], [121.44747525882, 25.047770626484], [121.45012236289, 25.048582901238], [121.45016126863, 25.04804411191], [121.45029964675, 25.048072678279], [121.45035046503, 25.047853207131], [121.44752976816, 25.047267892418], [121.44757657247, 25.046965460143], [121.44613237878, 25.046714036723], [121.44612540462, 25.046841883619], [121.44631122433, 25.046868412638], [121.44615102862, 25.048524003423], [121.44662815288, 25.048562116585], [121.44650182859, 25.049096202424]]]]}, "id": "A6505-057-00"}, {"type": "Feature", "properties": {"county": "新北市", "town": "新莊區", "village": "立基里"}, "geometry": {"type": "MultiPolygon", "coordinates": [[[[121.44144369872, 25.049046581617], [121.444836074, 25.049068276075], [121.44479723248, 25.046686865133], [121.44618559221, 25.046713040002], [121.44640913927, 25.044877670485], [121.44611641476, 25.044854533073], [121.44611733665, 25.044701487789], [121.44462455821, 25.044615673114], [121.44455943103, 25.044757804113], [121.44334599008, 25.04454643909], [121.44152243678, 25.047612978797], [121.44201505126, 25.04773260396], [121.44144369872, 25.049046581617]]]]}, "id": "A6505-062-00"}, {"type": "Feature", "properties": {"county": "新北市", "town": "新莊區", "village": "自立里"}, "geometry": {"type": "MultiPolygon", "coordinates": [[[[121.45472957977, 25.048259896823], [121.45577218536, 25.048178148743], [121.45581731264, 25.045437795158], [121.45657131632, 25.045636827294], [121.45732647666, 25.045485783117], [121.45784434588, 25.045566998684], [121.4578709344, 25.044504109448], [121.45431923851, 25.044205950563], [121.4542182082, 25.044362371459], [121.45483378638, 25.044576733028], [121.45452125291, 25.04541097731], [121.45475054044, 25.045410275649], [121.45472957977, 25.048259896823]]]]}, "id": "A6505-045-00"}, {"type": "Feature", "properties": {"county": "新北市", "town": "新莊區", "village": "中全里"}, "geometry": {"type": "MultiPolygon", "coordinates": [[[[121.45095876853, 25.047975329936], [121.45124002632, 25.048034880469], [121.45142904216, 25.047035967726], [121.45119844957, 25.046993689774], [121.45126714112, 25.046799898745], [121.4477369146, 25.046120583315], [121.44752976816, 25.047267892418], [121.45095876853, 25.047975329936]]]]}, "id": "A6505-058-00"}, {"type": "Feature", "properties": {"county": "新北市", "town": "新莊區", "village": "立泰里"}, "geometry": {"type": "MultiPolygon", "coordinates": [[[[121.44154532428, 25.047573179681], [121.44567051227, 25.040632173942], [121.44291327763, 25.04031745952], [121.44286130248, 25.039653887599], [121.44241976274, 25.039665588913], [121.44241986382, 25.039944315009], [121.44228968988, 25.039954650672], [121.44234551937, 25.041441880063], [121.44190277973, 25.041733646892], [121.44181646793, 25.044920292154], [121.44109480266, 25.045984069867], [121.43986832903, 25.047041574492], [121.44048749939, 25.047349254771], [121.44154532428, 25.047573179681]]]]}, "id": "A6505-059-00"}, {"type": "Feature", "properties": {"county": "新北市", "town": "新莊區", "village": "思源里"}, "geometry": {"type": "MultiPolygon", "coordinates": [[[[121.45988593496, 25.047395386674], [121.46038410394, 25.047240441167], [121.46049930257, 25.046917657741], [121.4616060083, 25.046865376339], [121.46148175573, 25.04623192576], [121.46170780896, 25.044751640663], [121.46129125391, 25.044714018822], [121.46129045263, 25.044499845854], [121.46093271666, 25.044492143787], [121.46096297328, 25.044167066663], [121.46172946571, 25.044143197746], [121.46179959614, 25.043967455587], [121.46161397945, 25.043492383944], [121.46064971648, 25.043461757765], [121.46070417535, 25.042547884069], [121.46408615402, 25.042483997124], [121.46432320337, 25.041716904646], [121.46605892103, 25.042856589439], [121.46615701829, 25.042551746354], [121.4587625426, 25.03790485043], [121.45871850165, 25.038392643685], [121.45727455115, 25.039375297814], [121.4577194765, 25.039974629328], [121.45768482169, 25.040900391133], [121.45744570646, 25.041841312346], [121.45767669565, 25.041841646463], [121.45747332394, 25.042719666767], [121.45791218503, 25.042783233528], [121.45777408599, 25.046581894234], [121.45872117409, 25.046647864774], [121.45872336436, 25.046329856249], [121.45918643288, 25.046398400073], [121.45914664886, 25.0467108831], [121.45891677164, 25.046684773502], [121.45889816585, 25.046877545627], [121.45939925561, 25.047069139486], [121.45940754112, 25.046900361711], [121.45989357968, 25.04691845074], [121.45988593496, 25.047395386674]]]]}, "id": "A6505-025-00"}, {"type": "Feature", "properties": {"county": "新北市", "town": "新莊區", "village": "中泰里"}, "geometry": {"type": "MultiPolygon", "coordinates": [[[[121.45142904216, 25.047035967726], [121.45226358134, 25.045433848915], [121.44800496427, 25.044752148749], [121.4477369146, 25.046120583315], [121.45126714112, 25.046799898745], [121.45119844957, 25.046993689774], [121.45142904216, 25.047035967726]]]]}, "id": "A6505-017-00"}, {"type": "Feature", "properties": {"county": "新北市", "town": "新莊區", "village": "立志里"}, "geometry": {"type": "MultiPolygon", "coordinates": [[[[121.44726161945, 25.046908401945], [121.44757657247, 25.046965460143], [121.44820526684, 25.043741548255], [121.44669020788, 25.043436340721], [121.44669909672, 25.04330213759], [121.44453742107, 25.043323699915], [121.44417076274, 25.043152522162], [121.44334599008, 25.04454643909], [121.44455943103, 25.044757804113], [121.44462455821, 25.044615673114], [121.44611733665, 25.044701487789], [121.44611641476, 25.044854533073], [121.44640913927, 25.044877670485], [121.44618559221, 25.046713040002], [121.44726161945, 25.046908401945]]]]}, "id": "A6505-037-00"}, {"type": "Feature", "properties": {"county": "新北市", "town": "新莊區", "village": "中和里"}, "geometry": {"type": "MultiPolygon", "coordinates": [[[[121.45226358134, 25.045433848915], [121.45295955856, 25.044346982407], [121.45265018461, 25.04368528548], [121.44976581986, 25.043146344298], [121.44847682448, 25.042717750745], [121.44800496427, 25.044752148749], [121.45226358134, 25.045433848915]]]]}, "id": "A6505-014-00"}, {"type": "Feature", "properties": {"county": "新北市", "town": "新莊區", "village": "丹鳳里"}, "geometry": {"type": "MultiPolygon", "coordinates": [[[[121.40303821301, 25.045491486607], [121.403423017, 25.045277716527], [121.40471866831, 25.045306606498], [121.40675753435, 25.044708595521], [121.40792576517, 25.044702099019], [121.40888358742, 25.044318530102], [121.41037118979, 25.04293135835], [121.41046132795, 25.04233483049], [121.40970707025, 25.041391931484], [121.40952813566, 25.040824949257], [121.41075616084, 25.041620269312], [121.4106701496, 25.04075552409], [121.4113008819, 25.040712606469], [121.41158821082, 25.040936182842], [121.41200693789, 25.040364295868], [121.41126833446, 25.039752456249], [121.41146007521, 25.039427512071], [121.41192506259, 25.039002399262], [121.41287633807, 25.039072894639], [121.41325971638, 25.038761500435], [121.41320795489, 25.037755084866], [121.41267611052, 25.03517425213], [121.41481034571, 25.034445353742], [121.41555208852, 25.034998658584], [121.41675677798, 25.034772087571], [121.41740162392, 25.033837666174], [121.41815982971, 25.033578747847], [121.41734916525, 25.031378026723], [121.41711644762, 25.031351211754], [121.41663822883, 25.030503570014], [121.4171938419, 25.030306895125], [121.41829604689, 25.030265602586], [121.4209483305, 25.028892734531], [121.42122423497, 25.029489400563], [121.42150851605, 25.029380278952], [121.42198600961, 25.030460583166], [121.42280771516, 25.029970317759], [121.42354085886, 25.029230375622], [121.41892687407, 25.027811983976], [121.41821337561, 25.027263942332], [121.41737073848, 25.027559032774], [121.41728754508, 25.02828682864], [121.41680176453, 25.028830116157], [121.41521935024, 25.029514072849], [121.4133307087, 25.030041397658], [121.41280635841, 25.029666071305], [121.41206444855, 25.030175383662], [121.4117443055, 25.030030541358], [121.41140195864, 25.030090087748], [121.41013509361, 25.030608426343], [121.40981105929, 25.030638986796], [121.40977096438, 25.030459548185], [121.40850433369, 25.030952862403], [121.40777208289, 25.031671870915], [121.4071227389, 25.031658843908], [121.40686245271, 25.031992728736], [121.40591364586, 25.032505917297], [121.40488033249, 25.032451040279], [121.40425005115, 25.03281906517], [121.40362806855, 25.032451556533], [121.40349714766, 25.032757275494], [121.40294660671, 25.033141511509], [121.4027050178, 25.033874513876], [121.4023385206, 25.034177529523], [121.40165406389, 25.034530159834], [121.40106063019, 25.034372606218], [121.40117248293, 25.034492511165], [121.40106957654, 25.034558243353], [121.40006701777, 25.034797935839], [121.39988534627, 25.035021872697], [121.39958651748, 25.035979665447], [121.40024691095, 25.036221649562], [121.40092748542, 25.036192730391], [121.40114816893, 25.036347871214], [121.40076634677, 25.036922191836], [121.40125243314, 25.037460314734], [121.40078195342, 25.037912994095], [121.40013550108, 25.037580693025], [121.39950598243, 25.037503390092], [121.3992270538, 25.037723073458], [121.39910353064, 25.038405033982], [121.39887137494, 25.038629105146], [121.39753743045, 25.038488228714], [121.39706737463, 25.039270424408], [121.39609256111, 25.039485188692], [121.39520676968, 25.039938957043], [121.39436299333, 25.040072107698], [121.39432358522, 25.041209764878], [121.39354418563, 25.041430764989], [121.39355081075, 25.04195438272], [121.39268398679, 25.042051472219], [121.39117799935, 25.041477640222], [121.3908322372, 25.041528205197], [121.39063662945, 25.041858248767], [121.39079000431, 25.042176089357], [121.39188398199, 25.042710385572], [121.39265047491, 25.043392247569], [121.39386628036, 25.043763699452], [121.39433075228, 25.043450994804], [121.39514851323, 25.043600044339], [121.39568374315, 25.043431598342], [121.3961300059, 25.043622258231], [121.39672106412, 25.043094789084], [121.39706116577, 25.043208989995], [121.39695502676, 25.043428207219], [121.39706852249, 25.043570097932], [121.39766684965, 25.043665550712], [121.39925013353, 25.04293904943], [121.40010758985, 25.043008968333], [121.40064859153, 25.043285127232], [121.39846626321, 25.043789803517], [121.3982345013, 25.044043214189], [121.39885779686, 25.044197278428], [121.39924910655, 25.044534784413], [121.39995899848, 25.044555445501], [121.40303821301, 25.045491486607]]]]}, "id": "A6505-043-00"}, {"type": "Feature", "properties": {"county": "新北市", "town": "新莊區", "village": "富民里"}, "geometry": {"type": "MultiPolygon", "coordinates": [[[[121.42268011588, 25.028940374824], [121.42325262449, 25.027287691177], [121.42399960065, 25.025988356717], [121.42363552631, 25.025665432519], [121.42331983167, 25.024864550717], [121.42248561475, 25.025142464426], [121.42276471905, 25.02572280848], [121.42066573747, 25.026353664067], [121.42043115691, 25.026798576232], [121.42128153648, 25.027433267328], [121.42072983463, 25.027989549106], [121.42062542541, 25.028338186525], [121.42268011588, 25.028940374824]]]]}, "id": "A6505-078-00"}, {"type": "Feature", "properties": {"county": "新北市", "town": "板橋區", "village": "朝陽里"}, "geometry": {"type": "MultiPolygon", "coordinates": [[[[121.46160402673, 25.028340001731], [121.46319460015, 25.028139936186], [121.46327386031, 25.027984926686], [121.45963512329, 25.026064376131], [121.45951603856, 25.026240731192], [121.4598679057, 25.026418768116], [121.45939536926, 25.026844322674], [121.4592371521, 25.026759390703], [121.45908411444, 25.026992186946], [121.45924769252, 25.027074733523], [121.45903985919, 25.027399081155], [121.46010628607, 25.027941131852], [121.46039750486, 25.027531582168], [121.4610860139, 25.027886537933], [121.46093947158, 25.028127256145], [121.46153599034, 25.02844845431], [121.46160402673, 25.028340001731]]]]}, "id": "A6501-117-00"}, {"type": "Feature", "properties": {"county": "新北市", "town": "新莊區", "village": "建福里"}, "geometry": {"type": "MultiPolygon", "coordinates": [[[[121.42646362329, 25.028221321603], [121.42896429247, 25.028373224167], [121.43072505653, 25.027695106456], [121.4269511152, 25.026569957697], [121.42646362329, 25.028221321603]]]]}, "id": "A6505-056-00"}, {"type": "Feature", "properties": {"county": "新北市", "town": "新莊區", "village": "後德里"}, "geometry": {"type": "MultiPolygon", "coordinates": [[[[121.42557784074, 25.028316557281], [121.42646362329, 25.028221321603], [121.4269511152, 25.026569957697], [121.42483993473, 25.025910564806], [121.42429727078, 25.025538582352], [121.42327510367, 25.027242299333], [121.42557784074, 25.028316557281]]]]}, "id": "A6505-069-00"}, {"type": "Feature", "properties": {"county": "新北市", "town": "新莊區", "village": "建安里"}, "geometry": {"type": "MultiPolygon", "coordinates": [[[[121.43487941646, 25.028305653099], [121.43770441243, 25.028139895197], [121.43766986153, 25.027270409077], [121.4355327457, 25.023334239323], [121.4350197163, 25.02363090175], [121.43502494574, 25.023454278882], [121.43325228699, 25.024389086226], [121.43203756018, 25.024628640906], [121.43150989226, 25.025630519182], [121.43078002797, 25.025344232447], [121.43031548015, 25.024783609368], [121.42820369451, 25.023451328752], [121.42811671926, 25.023611936177], [121.42725741681, 25.023068510591], [121.42636008866, 25.022138023007], [121.42547932707, 25.023614722206], [121.42887206013, 25.025634074039], [121.42890846657, 25.025997479049], [121.42854754053, 25.027032166199], [121.43229822152, 25.028018564998], [121.43299910599, 25.028144015502], [121.43341940565, 25.028013855473], [121.43487941646, 25.028305653099]]]]}, "id": "A6505-070-00"}, {"type": "Feature", "properties": {"county": "新北市", "town": "新莊區", "village": "富國里"}, "geometry": {"type": "MultiPolygon", "coordinates": [[[[121.42062542541, 25.028338186525], [121.42072983463, 25.027989549106], [121.42128153648, 25.027433267328], [121.42043115691, 25.026798576232], [121.42053529267, 25.026520800143], [121.42066573747, 25.026353664067], [121.42200983371, 25.025907701247], [121.42177490409, 25.02534748247], [121.41782833534, 25.026611501216], [121.41821337561, 25.027263942332], [121.4187504367, 25.027722099895], [121.42062542541, 25.028338186525]]]]}, "id": "A6505-024-00"}, {"type": "Feature", "properties": {"county": "新北市", "town": "板橋區", "village": "明翠里"}, "geometry": {"type": "MultiPolygon", "coordinates": [[[[121.46341351396, 25.028171306509], [121.4654269831, 25.02801451883], [121.46732272144, 25.024306680693], [121.46650019913, 25.02430002562], [121.46577354819, 25.024084795006], [121.46570209578, 25.024339095675], [121.46525115398, 25.024393598679], [121.46491413609, 25.024621142537], [121.46464306863, 25.025067021484], [121.46446022354, 25.024970588915], [121.46325592768, 25.026884980899], [121.46346944423, 25.027546955983], [121.46319460015, 25.028139936186], [121.46341351396, 25.028171306509]]]]}, "id": "A6501-039-00"}, {"type": "Feature", "properties": {"county": "新北市", "town": "板橋區", "village": "新翠里"}, "geometry": {"type": "MultiPolygon", "coordinates": [[[[121.46335468131, 25.027826852634], [121.46346944423, 25.027546955983], [121.46325592768, 25.026884980899], [121.46376387023, 25.026075930184], [121.46250613205, 25.025512645581], [121.46307555063, 25.024598849748], [121.46078314925, 25.023403937996], [121.4592304622, 25.025852652447], [121.46327386031, 25.027984926686], [121.46335468131, 25.027826852634]]]]}, "id": "A6501-035-00"}, {"type": "Feature", "properties": {"county": "新北市", "town": "板橋區", "village": "振義里"}, "geometry": {"type": "MultiPolygon", "coordinates": [[[[121.48719724823, 25.027014742136], [121.48790996506, 25.025987705244], [121.48812696142, 25.024870745486], [121.48886273329, 25.023598780558], [121.48403353351, 25.021700585931], [121.48376647241, 25.021899709714], [121.48343762106, 25.02169826634], [121.48240334678, 25.023147313358], [121.4825190763, 25.023382288936], [121.48214564214, 25.023252760337], [121.48215536755, 25.023671043495], [121.48226966198, 25.023701551724], [121.48210975636, 25.024129594684], [121.48182850339, 25.024228380691], [121.48177032179, 25.02452399911], [121.4819187031, 25.02459346462], [121.48187341926, 25.025119398907], [121.48238471021, 25.025384015833], [121.48193200098, 25.026093369327], [121.48322200876, 25.026634243805], [121.48449830409, 25.026943215054], [121.48697529529, 25.027333235556], [121.48719724823, 25.027014742136]]]]}, "id": "A6501-052-00"}, {"type": "Feature", "properties": {"county": "新北市", "town": "板橋區", "village": "莒光里"}, "geometry": {"type": "MultiPolygon", "coordinates": [[[[121.47166846676, 25.027023033272], [121.47266271919, 25.026402380177], [121.4710925048, 25.024217826032], [121.4709783941, 25.023656672389], [121.4684230541, 25.02374203446], [121.4699804902, 25.026512642058], [121.47061297945, 25.026227220122], [121.47142458087, 25.027172966473], [121.47166846676, 25.027023033272]]]]}, "id": "A6501-106-00"}, {"type": "Feature", "properties": {"county": "新北市", "town": "板橋區", "village": "聯翠里"}, "geometry": {"type": "MultiPolygon", "coordinates": [[[[121.46625562076, 25.027029015686], [121.4665102579, 25.027133846173], [121.46670811868, 25.026785155335], [121.46692849198, 25.026878726237], [121.46722193444, 25.026340586445], [121.46844833708, 25.026914665779], [121.46904254131, 25.026102617097], [121.46913262346, 25.026257090755], [121.4696614955, 25.025933083965], [121.46800194591, 25.02302031624], [121.46598720918, 25.026918514019], [121.46625562076, 25.027029015686]]]]}, "id": "A6501-032-00"}, {"type": "Feature", "properties": {"county": "新北市", "town": "板橋區", "village": "德翠里"}, "geometry": {"type": "MultiPolygon", "coordinates": [[[[121.4568544587, 25.026978822513], [121.45707677981, 25.026590801907], [121.45727590654, 25.026687161892], [121.45749419114, 25.026483607514], [121.45712148997, 25.026287641291], [121.45725459533, 25.026075238855], [121.45707475243, 25.025977375925], [121.45869715022, 25.023438830497], [121.45817062398, 25.022154267011], [121.45670209987, 25.022829643606], [121.45521449123, 25.023874042838], [121.4553673908, 25.02621836401], [121.4568544587, 25.026978822513]]]]}, "id": "A6501-037-00"}, {"type": "Feature", "properties": {"county": "新北市", "town": "新莊區", "village": "後港里"}, "geometry": {"type": "MultiPolygon", "coordinates": [[[[121.42854754053, 25.027032166199], [121.42890846657, 25.025997479049], [121.42887206013, 25.025634074039], [121.42547932707, 25.023614722206], [121.42429727078, 25.025538582352], [121.42497586865, 25.025962454887], [121.42854754053, 25.027032166199]]]]}, "id": "A6505-009-00"}, {"type": "Feature", "properties": {"county": "新北市", "town": "板橋區", "village": "華翠里"}, "geometry": {"type": "MultiPolygon", "coordinates": [[[[121.47297400276, 25.026842729423], [121.47441050802, 25.025928838149], [121.47492717763, 25.025390052149], [121.47434501645, 25.02494416156], [121.47413198838, 25.0245506341], [121.47411968303, 25.023432337893], [121.47257429689, 25.023395815697], [121.4709783941, 25.023656672389], [121.4710925048, 25.024217826032], [121.47297400276, 25.026842729423]]]]}, "id": "A6501-043-00"}, {"type": "Feature", "properties": {"county": "新北市", "town": "新莊區", "village": "裕民里"}, "geometry": {"type": "MultiPolygon", "coordinates": [[[[121.41852798702, 25.026379924274], [121.42035344115, 25.02582508367], [121.4197018284, 25.024463084122], [121.41962316895, 25.023299007307], [121.418888659, 25.020357782603], [121.4168594026, 25.021067221059], [121.41724975476, 25.022302644773], [121.4165103899, 25.023019102444], [121.4159928882, 25.024160652418], [121.41700721128, 25.024879052547], [121.41782833534, 25.026611501216], [121.41852798702, 25.026379924274]]]]}, "id": "A6505-021-00"}, {"type": "Feature", "properties": {"county": "新北市", "town": "板橋區", "village": "振興里"}, "geometry": {"type": "MultiPolygon", "coordinates": [[[[121.48150533007, 25.025859884829], [121.48193200098, 25.026093369327], [121.48238471021, 25.025384015833], [121.48187341926, 25.025119398907], [121.4819187031, 25.02459346462], [121.48177032179, 25.02452399911], [121.48182850339, 25.024228380691], [121.48210975636, 25.024129594684], [121.48226966198, 25.023701551724], [121.48215536755, 25.023671043495], [121.48216499811, 25.023207281462], [121.4825190763, 25.023382288936], [121.48240334678, 25.023147313358], [121.48343762106, 25.02169826634], [121.48376647241, 25.021899709714], [121.48403353351, 25.021700585931], [121.48303569952, 25.021105907856], [121.48288668349, 25.021312185903], [121.48268619304, 25.021170610211], [121.48246099376, 25.021478496909], [121.48120286979, 25.021378500656], [121.48118034007, 25.021532247148], [121.48094713146, 25.021500949126], [121.48095793776, 25.021296312791], [121.4801285549, 25.021292315481], [121.48021555746, 25.024118570413], [121.48088942257, 25.024127225836], [121.48084505938, 25.024823655276], [121.481022447, 25.02489639535], [121.48092176369, 25.025079322603], [121.48117705947, 25.025197769097], [121.48095370853, 25.025513392739], [121.48150533007, 25.025859884829]]]]}, "id": "A6501-051-00"}, {"type": "Feature", "properties": {"county": "新北市", "town": "板橋區", "village": "華中里"}, "geometry": {"type": "MultiPolygon", "coordinates": [[[[121.44860774037, 25.022636205026], [121.44934764106, 25.022438254056], [121.44922464936, 25.021812190388], [121.44874482044, 25.020866672135], [121.44892634097, 25.018396046682], [121.4481373333, 25.013817897128], [121.44823832527, 25.01340794415], [121.44749917891, 25.011567790423], [121.44284363051, 25.012143515275], [121.43859158602, 25.012445408111], [121.44050215158, 25.015352536831], [121.44265441678, 25.018062267567], [121.44500370397, 25.02173676073], [121.44584888277, 25.023374265722], [121.44860774037, 25.022636205026]]]]}, "id": "A6501-090-00"}, {"type": "Feature", "properties": {"county": "新北市", "town": "新莊區", "village": "龍安里"}, "geometry": {"type": "MultiPolygon", "coordinates": [[[[121.41987833669, 25.023227410966], [121.42048295415, 25.023057759533], [121.42027633842, 25.022569321518], [121.42165812158, 25.022056345736], [121.42158259711, 25.021854409543], [121.42105271287, 25.022035410756], [121.42078175738, 25.021471442402], [121.42116502661, 25.02132144331], [121.42098473597, 25.020915275991], [121.42068747086, 25.020932193957], [121.42121978419, 25.020723826318], [121.42084832826, 25.019715337647], [121.42133005533, 25.019556596387], [121.42080734265, 25.018408856139], [121.42006356652, 25.018940605199], [121.41869418586, 25.01935753337], [121.41945731796, 25.022787256918], [121.41962316895, 25.023299007307], [121.41987833669, 25.023227410966]]]]}, "id": "A6505-067-00"}, {"type": "Feature", "properties": {"county": "新北市", "town": "板橋區", "village": "港尾里"}, "geometry": {"type": "MultiPolygon", "coordinates": [[[[121.45429523509, 25.023062563556], [121.45430224992, 25.023191928451], [121.45485702605, 25.023125854869], [121.45507325477, 25.022875088418], [121.45630052591, 25.022398385848], [121.45567471298, 25.02155166537], [121.45571425536, 25.021149100755], [121.4553379784, 25.020638867258], [121.45575599608, 25.020346670686], [121.455343053, 25.01979105835], [121.45542213317, 25.019635663347], [121.45574606491, 25.019782024981], [121.4559101953, 25.019500628194], [121.45564124335, 25.019436804627], [121.45569970154, 25.019288278111], [121.4554426279, 25.019231912057], [121.45436708008, 25.021554313341], [121.45429523509, 25.023062563556]]]]}, "id": "A6501-015-00"}, {"type": "Feature", "properties": {"county": "新北市", "town": "板橋區", "village": "新生里"}, "geometry": {"type": "MultiPolygon", "coordinates": [[[[121.45683124647, 25.022767578086], [121.45848253386, 25.022009924549], [121.45935337464, 25.021330283494], [121.45920581883, 25.021107316517], [121.45817138731, 25.020976704215], [121.45808680636, 25.020823920204], [121.45771191377, 25.020986224995], [121.45762131021, 25.020826522911], [121.45627468328, 25.020625251039], [121.45588210884, 25.020857960247], [121.45557835149, 25.020509738516], [121.4553379784, 25.020638867258], [121.45571425536, 25.021149100755], [121.45567471298, 25.02155166537], [121.45648916342, 25.022688000111], [121.45683124647, 25.022767578086]]]]}, "id": "A6501-102-00"}, {"type": "Feature", "properties": {"county": "新北市", "town": "板橋區", "village": "香社里"}, "geometry": {"type": "MultiPolygon", "coordinates": [[[[121.44927480128, 25.021961469605], [121.44934764106, 25.022438254056], [121.44994310739, 25.022324492821], [121.4497708305, 25.02167591535], [121.45199818247, 25.020537987576], [121.45384127013, 25.020068225261], [121.45458740945, 25.021093509027], [121.45503205242, 25.020123252421], [121.45486881054, 25.020048275508], [121.45498795422, 25.019822088313], [121.45436055842, 25.019449662729], [121.45454175723, 25.019275299341], [121.45402556, 25.018871292075], [121.45431495707, 25.018250925277], [121.45404286077, 25.018135094339], [121.4545203245, 25.017058635059], [121.45417738988, 25.016934097396], [121.45424975186, 25.016544091945], [121.45278196808, 25.016139010801], [121.45284680827, 25.015998132618], [121.45268896484, 25.015938217427], [121.45203217366, 25.016614505124], [121.45217965301, 25.017140811298], [121.45181437004, 25.01725861547], [121.45186901345, 25.017742729108], [121.44892634097, 25.018396046682], [121.44874482044, 25.020866672135], [121.44927480128, 25.021961469605]]]]}, "id": "A6501-009-00"}, {"type": "Feature", "properties": {"county": "新北市", "town": "板橋區", "village": "廣新里"}, "geometry": {"type": "MultiPolygon", "coordinates": [[[[121.47605806868, 25.022001922161], [121.47674650787, 25.02188295313], [121.47660605565, 25.021046052056], [121.47725562795, 25.021279806209], [121.47684829085, 25.020516173945], [121.47524742536, 25.019675378698], [121.47542514764, 25.019467586286], [121.4737884882, 25.018580275195], [121.47360194798, 25.019006513867], [121.47306020986, 25.019161551141], [121.47262527533, 25.01910036289], [121.47225346891, 25.019317757056], [121.47605806868, 25.022001922161]]]]}, "id": "A6501-064-00"}, {"type": "Feature", "properties": {"county": "新北市", "town": "新莊區", "village": "民安里"}, "geometry": {"type": "MultiPolygon", "coordinates": [[[[121.42639399079, 25.022086189708], [121.42677265324, 25.021452707054], [121.42727584897, 25.021074208203], [121.42835540819, 25.020939084185], [121.42775751352, 25.020049197353], [121.42745775113, 25.020099990845], [121.42741429733, 25.019920313834], [121.42724222191, 25.019953797447], [121.42709260492, 25.019441285816], [121.42725492862, 25.01939882839], [121.42720275987, 25.019177862406], [121.42753937204, 25.019101953573], [121.42736046547, 25.01841490478], [121.42777398701, 25.018317374813], [121.42775681241, 25.018125286119], [121.42729345372, 25.018321646501], [121.4271764701, 25.018169932443], [121.42717881395, 25.017902665754], [121.42745215693, 25.017823507285], [121.42741670461, 25.01763605018], [121.42452981773, 25.018519559781], [121.42454620419, 25.018856723474], [121.42484954444, 25.019181264893], [121.42639399079, 25.022086189708]]]]}, "id": "A6505-032-00"}, {"type": "Feature", "properties": {"county": "新北市", "town": "板橋區", "village": "陽明里"}, "geometry": {"type": "MultiPolygon", "coordinates": [[[[121.46376387023, 25.026075930184], [121.46446022354, 25.024970588915], [121.46464306863, 25.025067021484], [121.46491413609, 25.024621142537], [121.46525115398, 25.024393598679], [121.46570209578, 25.024339095675], [121.4657381559, 25.023780808548], [121.46533491812, 25.022115310957], [121.46408894439, 25.023106801971], [121.46250613205, 25.025512645581], [121.46376387023, 25.026075930184]]]]}, "id": "A6501-116-00"}, {"type": "Feature", "properties": {"county": "新北市", "town": "新莊區", "village": "南港里"}, "geometry": {"type": "MultiPolygon", "coordinates": [[[[121.42429727078, 25.025538582352], [121.42379014048, 25.024731386431], [121.42145236453, 25.019522209801], [121.4222799444, 25.019240592252], [121.42193473046, 25.018426969448], [121.42168773593, 25.018492684059], [121.42118382513, 25.018032026394], [121.42080734265, 25.018408856139], [121.42133005533, 25.019556596387], [121.42084832826, 25.019715337647], [121.42121978419, 25.020723826318], [121.42068747086, 25.020932193957], [121.42098473597, 25.020915275991], [121.42116502661, 25.02132144331], [121.42078175738, 25.021471442402], [121.42105271287, 25.022035410756], [121.42158259711, 25.021854409543], [121.42182164903, 25.022548339312], [121.42163618865, 25.022619169799], [121.42171655165, 25.022884789753], [121.42186754604, 25.023208050178], [121.4221872057, 25.023196598684], [121.42182185198, 25.023344967846], [121.42200499426, 25.024154923629], [121.42243970299, 25.024966555059], [121.42212568159, 25.025126262963], [121.42217980546, 25.02523067109], [121.42331983167, 25.024864550717], [121.42363552631, 25.025665432519], [121.42399960065, 25.025988356717], [121.42429727078, 25.025538582352]]]]}, "id": "A6505-027-00"}, {"type": "Feature", "properties": {"county": "新北市", "town": "新莊區", "village": "萬安里"}, "geometry": {"type": "MultiPolygon", "coordinates": [[[[121.42177490409, 25.02534748247], [121.42200983371, 25.025907701247], [121.42276471905, 25.02572280848], [121.42248561475, 25.025142464426], [121.42217980546, 25.02523067109], [121.42212568159, 25.025126262963], [121.42243970299, 25.024966555059], [121.42200499426, 25.024154923629], [121.42182185198, 25.023344967846], [121.4221872057, 25.023196598684], [121.42186754604, 25.023208050178], [121.42171655165, 25.022884789753], [121.42163618865, 25.022619169799], [121.42182164903, 25.022548339312], [121.42165812158, 25.022056345736], [121.42027633842, 25.022569321518], [121.42048295415, 25.023057759533], [121.41962316895, 25.023299007307], [121.41962130452, 25.024000572124], [121.41975273099, 25.024650925502], [121.42035344115, 25.02582508367], [121.42177490409, 25.02534748247]]]]}, "id": "A6505-066-00"}, {"type": "Feature", "properties": {"county": "新北市", "town": "新莊區", "village": "西盛里"}, "geometry": {"type": "MultiPolygon", "coordinates": [[[[121.43078002797, 25.025344232447], [121.43150989226, 25.025630519182], [121.43203756018, 25.024628640906], [121.43325228699, 25.024389086226], [121.43572308442, 25.023239147434], [121.43521183872, 25.02228210708], [121.43635178887, 25.021774135063], [121.43559972511, 25.020938182511], [121.43532626777, 25.020150927283], [121.43524420136, 25.019660618139], [121.43552854754, 25.019063776823], [121.43537442965, 25.018999310092], [121.43538398468, 25.018348557157], [121.43448548593, 25.018368893394], [121.43451384867, 25.017813963959], [121.43560979774, 25.017863666861], [121.435557146, 25.017348081093], [121.43581054235, 25.017338851184], [121.43480242627, 25.014283744301], [121.4345784366, 25.01424539727], [121.43449927535, 25.013974937052], [121.4339007019, 25.013848381514], [121.4339344768, 25.013459672273], [121.43458157252, 25.013557733751], [121.43430606701, 25.012646241852], [121.43555207927, 25.012761510712], [121.43560424959, 25.012561905132], [121.43498188288, 25.012012682627], [121.43486244395, 25.011188316671], [121.43561828575, 25.011096988085], [121.4358639675, 25.010757767584], [121.43614224613, 25.009535859537], [121.43722266234, 25.008890088669], [121.43679557036, 25.006803189703], [121.43698241136, 25.003139814341], [121.43636256776, 25.000170162569], [121.43531994521, 25.000006972616], [121.43530961653, 24.999794698967], [121.43482951982, 24.999638630218], [121.4346369557, 25.000230734212], [121.43301679437, 24.999911595263], [121.43162492468, 24.999173990186], [121.43077873414, 24.998033992171], [121.43062342468, 24.996939393567], [121.4309231285, 24.996255655488], [121.42998941591, 24.995152112515], [121.42949872613, 24.995851929748], [121.42988213201, 24.996217826024], [121.42974638247, 24.996313743114], [121.43028494397, 24.996987438822], [121.43039941965, 24.996902022123], [121.43045034522, 24.998107897928], [121.43107044548, 25.000374398037], [121.43136777074, 25.000934966631], [121.43103460965, 25.001075404752], [121.43130958535, 25.00169943789], [121.43127515239, 25.002135101239], [121.43158474971, 25.002924518707], [121.43203815391, 25.003428379755], [121.43050821581, 25.005241702847], [121.43005289694, 25.005502425813], [121.43000222401, 25.00620422231], [121.42962168396, 25.006515019407], [121.42984089639, 25.006715824375], [121.4298745224, 25.007009263187], [121.42928614314, 25.007194794107], [121.42914856778, 25.007394102458], [121.43058673322, 25.008777624691], [121.42913040118, 25.009910172091], [121.42950362088, 25.010468381235], [121.42924717417, 25.011218264997], [121.42960147974, 25.011564290609], [121.4298585299, 25.011359609707], [121.43003960891, 25.011463072138], [121.4294339431, 25.011886870134], [121.4297249519, 25.01982258309], [121.42924619064, 25.020854633774], [121.42958424811, 25.020818413087], [121.42964932926, 25.021458597452], [121.43084318711, 25.021803664038], [121.43055095129, 25.022888088555], [121.43029793699, 25.022799432996], [121.43045673979, 25.023298548156], [121.4304974265, 25.024922828986], [121.43078002797, 25.025344232447]]]]}, "id": "A6505-015-00"}, {"type": "Feature", "properties": {"county": "新北市", "town": "新莊區", "village": "四維里"}, "geometry": {"type": "MultiPolygon", "coordinates": [[[[121.42429727078, 25.025538582352], [121.42506141448, 25.02415161188], [121.42449298732, 25.024271065772], [121.42443079804, 25.02413057055], [121.42471560217, 25.023791167389], [121.42428542531, 25.023923588065], [121.42405319638, 25.0233899107], [121.42443516218, 25.023267766115], [121.42251466884, 25.019170853345], [121.42145236453, 25.019522209801], [121.42379014048, 25.024731386431], [121.42429727078, 25.025538582352]]]]}, "id": "A6505-055-00"}, {"type": "Feature", "properties": {"county": "新北市", "town": "板橋區", "village": "永安里"}, "geometry": {"type": "MultiPolygon", "coordinates": [[[[121.4773324782, 25.025026875434], [121.47770395085, 25.024438614977], [121.47854652242, 25.0237912328], [121.47605806868, 25.022001922161], [121.47485115302, 25.022433379848], [121.4741856625, 25.022375099332], [121.47415460748, 25.022801188282], [121.47435298851, 25.022807959411], [121.47431039962, 25.023205466819], [121.47495490567, 25.023293153456], [121.4749079311, 25.023482096668], [121.47559265496, 25.023659046994], [121.4773324782, 25.025026875434]]]]}, "id": "A6501-062-00"}, {"type": "Feature", "properties": {"county": "新北市", "town": "新莊區", "village": "民全里"}, "geometry": {"type": "MultiPolygon", "coordinates": [[[[121.42977043725, 25.024482892575], [121.4304974265, 25.024922828986], [121.43045673979, 25.023298548156], [121.43029793699, 25.022799432996], [121.43055095129, 25.022888088555], [121.43084318711, 25.021803664038], [121.42964932926, 25.021458597452], [121.42958424811, 25.020818413087], [121.42924619064, 25.020854633774], [121.42918106638, 25.021116935521], [121.4288167229, 25.021163403186], [121.42835540819, 25.020939084185], [121.42727584897, 25.021074208203], [121.42691189529, 25.021304320722], [121.42636008866, 25.022138023007], [121.42725741681, 25.023068510591], [121.42811671926, 25.023611936177], [121.42820369451, 25.023451328752], [121.42977043725, 25.024482892575]]]]}, "id": "A6505-081-00"}, {"type": "Feature", "properties": {"county": "新北市", "town": "板橋區", "village": "文德里"}, "geometry": {"type": "MultiPolygon", "coordinates": [[[[121.46307555063, 25.024598849748], [121.46349013653, 25.02397844154], [121.4632412951, 25.02379258248], [121.46327093247, 25.023349074593], [121.46263043202, 25.021127126921], [121.46274704721, 25.020928305929], [121.46267651737, 25.020361772309], [121.46078314925, 25.023403937996], [121.46307555063, 25.024598849748]]]]}, "id": "A6501-103-00"}, {"type": "Feature", "properties": {"county": "新北市", "town": "板橋區", "village": "新埔里"}, "geometry": {"type": "MultiPolygon", "coordinates": [[[[121.46650019913, 25.02430002562], [121.46732272144, 25.024306680693], [121.46800194591, 25.02302031624], [121.46717074837, 25.021525736402], [121.46533491812, 25.022115310957], [121.46577354819, 25.024084795006], [121.46650019913, 25.02430002562]]]]}, "id": "A6501-027-00"}, {"type": "Feature", "properties": {"county": "新北市", "town": "新莊區", "village": "八德里"}, "geometry": {"type": "MultiPolygon", "coordinates": [[[[121.42506141448, 25.02415161188], [121.4263722574, 25.022119418918], [121.42562697254, 25.020759399323], [121.42368488986, 25.021755699099], [121.42443516218, 25.023267766115], [121.42405319638, 25.0233899107], [121.42428542531, 25.023923588065], [121.42471560217, 25.023791167389], [121.42443079804, 25.02413057055], [121.42449298732, 25.024271065772], [121.42506141448, 25.02415161188]]]]}, "id": "A6505-012-00"}, {"type": "Feature", "properties": {"county": "新北市", "town": "新莊區", "village": "龍鳳里"}, "geometry": {"type": "MultiPolygon", "coordinates": [[[[121.4159928882, 25.024160652418], [121.4165103899, 25.023019102444], [121.41724975476, 25.022302644773], [121.4168594026, 25.021067221059], [121.418888659, 25.020357782603], [121.41869418586, 25.01935753337], [121.41797527701, 25.019440831657], [121.41757024729, 25.020022629509], [121.41682312615, 25.019328765201], [121.41557088157, 25.019222115674], [121.41456468772, 25.019520627316], [121.41426477424, 25.019405801117], [121.41394180253, 25.018970595836], [121.41371869206, 25.018971216833], [121.4118296816, 25.021862503653], [121.4159928882, 25.024160652418]]]]}, "id": "A6505-050-00"}, {"type": "Feature", "properties": {"county": "新北市", "town": "板橋區", "village": "忠誠里"}, "geometry": {"type": "MultiPolygon", "coordinates": [[[[121.46326792295, 25.023418155742], [121.4632412951, 25.02379258248], [121.46349013653, 25.02397844154], [121.46421612247, 25.02295697435], [121.46518825892, 25.022191434073], [121.46717074837, 25.021525736402], [121.46529897917, 25.019042391302], [121.46336558157, 25.020303014299], [121.46267651737, 25.020361772309], [121.46274704721, 25.020928305929], [121.46263043202, 25.021127126921], [121.46326792295, 25.023418155742]]]]}, "id": "A6501-024-00"}, {"type": "Feature", "properties": {"county": "新北市", "town": "板橋區", "village": "華江里"}, "geometry": {"type": "MultiPolygon", "coordinates": [[[[121.46892990728, 25.023758796167], [121.47212909311, 25.023559662158], [121.47257429689, 25.023395815697], [121.47196185246, 25.022912360687], [121.47181868399, 25.022105078534], [121.47133435759, 25.021440000885], [121.4697049744, 25.02051784639], [121.46916349206, 25.021301094275], [121.46879085755, 25.021187735785], [121.46717074837, 25.021525736402], [121.4684230541, 25.02374203446], [121.46892990728, 25.023758796167]]]]}, "id": "A6501-028-00"}, {"type": "Feature", "properties": {"county": "新北市", "town": "板橋區", "village": "光復里"}, "geometry": {"type": "MultiPolygon", "coordinates": [[[[121.4887083493, 25.023537957292], [121.48888182005, 25.023565750628], [121.48891278044, 25.022942742226], [121.48865551845, 25.018882732084], [121.48891207964, 25.016305506874], [121.48437151856, 25.015554709498], [121.48311831146, 25.018559206085], [121.48280255789, 25.018504974034], [121.48339410761, 25.020555529903], [121.48284765253, 25.020986725996], [121.48410460664, 25.021734755368], [121.4887083493, 25.023537957292]]]]}, "id": "A6501-053-00"}, {"type": "Feature", "properties": {"county": "新北市", "town": "板橋區", "village": "雙玉里"}, "geometry": {"type": "MultiPolygon", "coordinates": [[[[121.47813268191, 25.023499276818], [121.47856893125, 25.022614678848], [121.47874116016, 25.022643017112], [121.47882326599, 25.022044941883], [121.47870410601, 25.021707639323], [121.47933327774, 25.021463635031], [121.47923816813, 25.018690314864], [121.47855585113, 25.01825018077], [121.47684829085, 25.020516173945], [121.47725562795, 25.021279806209], [121.47660605565, 25.021046052056], [121.47674650787, 25.02188295313], [121.47605806868, 25.022001922161], [121.47813268191, 25.023499276818]]]]}, "id": "A6501-063-00"}, {"type": "Feature", "properties": {"county": "新北市", "town": "板橋區", "village": "埤墘里"}, "geometry": {"type": "MultiPolygon", "coordinates": [[[[121.47482710951, 25.023470350102], [121.47495490567, 25.023293153456], [121.47431039962, 25.023205466819], [121.47435298851, 25.022807959411], [121.47415460748, 25.022801188282], [121.4741856625, 25.022375099332], [121.47485115302, 25.022433379848], [121.47605806868, 25.022001922161], [121.47404531951, 25.020565934132], [121.47384341534, 25.020786449529], [121.47382089503, 25.021540987261], [121.47214650875, 25.021425234932], [121.47171962046, 25.02195289196], [121.47191657691, 25.022827451054], [121.47244594936, 25.023344486894], [121.47482710951, 25.023470350102]]]]}, "id": "A6501-061-00"}, {"type": "Feature", "properties": {"county": "新北市", "town": "板橋區", "village": "江翠里"}, "geometry": {"type": "MultiPolygon", "coordinates": [[[[121.46805297396, 25.032401042576], [121.46881483814, 25.032619942856], [121.46907889168, 25.032030959249], [121.46989340563, 25.031008739094], [121.47021530337, 25.031123924152], [121.47057645689, 25.030644965466], [121.47098831066, 25.030901439826], [121.47062850919, 25.031284687811], [121.47086902307, 25.031490961307], [121.47111524916, 25.030795939941], [121.47228097121, 25.029908840588], [121.47101187536, 25.028338928945], [121.46942657473, 25.028439470928], [121.46854598866, 25.028266183228], [121.4688206417, 25.029866705528], [121.46714175568, 25.030965857862], [121.46660999528, 25.031981667672], [121.46805297396, 25.032401042576]]]]}, "id": "A6501-029-00"}, {"type": "Feature", "properties": {"county": "新北市", "town": "新莊區", "village": "泰豐里"}, "geometry": {"type": "MultiPolygon", "coordinates": [[[[121.45023385893, 25.032506294103], [121.45063109518, 25.032418049664], [121.45230515354, 25.030981411094], [121.44905170438, 25.027694593992], [121.44662120535, 25.029173469759], [121.44649120369, 25.030632321338], [121.44818883048, 25.030585147833], [121.44833586547, 25.030722385729], [121.44806925219, 25.030925440522], [121.44789445296, 25.031789693863], [121.45023385893, 25.032506294103]]]]}, "id": "A6505-077-00"}, {"type": "Feature", "properties": {"county": "新北市", "town": "板橋區", "village": "中正里"}, "geometry": {"type": "MultiPolygon", "coordinates": [[[[121.45298268827, 25.03152596137], [121.45362544251, 25.031992883049], [121.45609861128, 25.028909393336], [121.4568544587, 25.026978822513], [121.4553673908, 25.02621836401], [121.45521449123, 25.023874042838], [121.45675153942, 25.022805835204], [121.45630052591, 25.022398385848], [121.45507325477, 25.022875088418], [121.45485702605, 25.023125854869], [121.45430224992, 25.023191928451], [121.45425119871, 25.022000792809], [121.45458740945, 25.021093509027], [121.45384127013, 25.020068225261], [121.45199818247, 25.020537987576], [121.4497708305, 25.02167591535], [121.44994310739, 25.022324492821], [121.44584888277, 25.023374265722], [121.44881313961, 25.027427603085], [121.45149759756, 25.030282310386], [121.45298268827, 25.03152596137]]]]}, "id": "A6501-010-00"}, {"type": "Feature", "properties": {"county": "新北市", "town": "新莊區", "village": "豐年里"}, "geometry": {"type": "MultiPolygon", "coordinates": [[[[121.44737518438, 25.031882310493], [121.44794046862, 25.031969043241], [121.44806925219, 25.030925440522], [121.44833586547, 25.030722385729], [121.44818883048, 25.030585147833], [121.44649120369, 25.030632321338], [121.44653044473, 25.029543125503], [121.44585763534, 25.029529249354], [121.44516116442, 25.029885094953], [121.44334764708, 25.030107122059], [121.4433588263, 25.031625866235], [121.44553010478, 25.031513821374], [121.44553148339, 25.031642029865], [121.44644659633, 25.031730294065], [121.44643606724, 25.031880481262], [121.44737518438, 25.031882310493]]]]}, "id": "A6505-006-00"}, {"type": "Feature", "properties": {"county": "新北市", "town": "板橋區", "village": "松翠里"}, "geometry": {"type": "MultiPolygon", "coordinates": [[[[121.47596110329, 25.031862898403], [121.47692547678, 25.030824269936], [121.47432834431, 25.029728242004], [121.47354190393, 25.029045265894], [121.47228097121, 25.029908840588], [121.47364650024, 25.031424079458], [121.47596110329, 25.031862898403]]]]}, "id": "A6501-040-00"}, {"type": "Feature", "properties": {"county": "新北市", "town": "板橋區", "village": "滿翠里"}, "geometry": {"type": "MultiPolygon", "coordinates": [[[[121.46381804763, 25.03116118098], [121.4654269831, 25.02801451883], [121.46343877263, 25.028128520961], [121.46217804376, 25.030264198384], [121.46346739083, 25.030699266872], [121.46333890319, 25.03102963659], [121.46381804763, 25.03116118098]]]]}, "id": "A6501-038-00"}, {"type": "Feature", "properties": {"county": "新北市", "town": "板橋區", "village": "松柏里"}, "geometry": {"type": "MultiPolygon", "coordinates": [[[[121.47692547678, 25.030824269936], [121.47830087442, 25.028367311633], [121.47776669575, 25.028042255868], [121.47672118384, 25.028106197915], [121.47663240252, 25.028248960324], [121.47620134884, 25.028164295569], [121.47613978992, 25.02889566611], [121.47529997671, 25.028474077118], [121.4751324396, 25.027947136905], [121.47354190393, 25.029045265894], [121.47432834431, 25.029728242004], [121.47692547678, 25.030824269936]]]]}, "id": "A6501-118-00"}, {"type": "Feature", "properties": {"county": "新北市", "town": "板橋區", "village": "文聖里"}, "geometry": {"type": "MultiPolygon", "coordinates": [[[[121.47891156187, 25.030771384166], [121.47944947885, 25.02995830257], [121.4805093077, 25.028921442204], [121.48031046828, 25.028722881619], [121.48040954103, 25.028621346028], [121.47875734424, 25.027615246611], [121.47755011118, 25.029851620607], [121.47873411514, 25.030370164698], [121.47866343827, 25.030481449311], [121.47891156187, 25.030771384166]]]]}, "id": "A6501-119-00"}, {"type": "Feature", "properties": {"county": "新北市", "town": "板橋區", "village": "福翠里"}, "geometry": {"type": "MultiPolygon", "coordinates": [[[[121.48291878653, 25.029895320745], [121.48502959624, 25.030660954511], [121.48583228452, 25.02900238212], [121.48418660246, 25.028010827906], [121.48168974243, 25.027247411478], [121.48079498513, 25.026692940468], [121.47965612188, 25.028134677746], [121.48040954103, 25.028621346028], [121.48031046828, 25.028722881619], [121.4805093077, 25.028921442204], [121.48291878653, 25.029895320745]]]]}, "id": "A6501-049-00"}, {"type": "Feature", "properties": {"county": "新北市", "town": "新莊區", "village": "瓊林里"}, "geometry": {"type": "MultiPolygon", "coordinates": [[[[121.44320040772, 25.030042836413], [121.44516116442, 25.029885094953], [121.44585763534, 25.029529249354], [121.44653044473, 25.029543125503], [121.44674102962, 25.029039209262], [121.44905170438, 25.027694593992], [121.44607834671, 25.023772750989], [121.44500370397, 25.02173676073], [121.44265441678, 25.018062267567], [121.44050215158, 25.015352536831], [121.43868285694, 25.012602786549], [121.43754585663, 25.010410717715], [121.43722266234, 25.008890088669], [121.43614224613, 25.009535859537], [121.4358639675, 25.010757767584], [121.43561828575, 25.011096988085], [121.43486244395, 25.011188316671], [121.43498188288, 25.012012682627], [121.43560424959, 25.012561905132], [121.43555207927, 25.012761510712], [121.43445106649, 25.012560132566], [121.43430606701, 25.012646241852], [121.43458157252, 25.013557733751], [121.4339344768, 25.013459672273], [121.4339007019, 25.013848381514], [121.43449927535, 25.013974937052], [121.4345784366, 25.01424539727], [121.43480242627, 25.014283744301], [121.43581054235, 25.017338851184], [121.435557146, 25.017348081093], [121.43560979774, 25.017863666861], [121.43451384867, 25.017813963959], [121.43448548593, 25.018368893394], [121.43538398468, 25.018348557157], [121.43537442965, 25.018999310092], [121.43552854754, 25.019063776823], [121.43524420136, 25.019660618139], [121.43532626777, 25.020150927283], [121.43559972511, 25.020938182511], [121.43635178887, 25.021774135063], [121.43521183872, 25.02228210708], [121.43572308442, 25.023239147434], [121.4355327457, 25.023334239323], [121.43766986153, 25.027270409077], [121.43767295264, 25.028049697023], [121.43787468593, 25.028423627816], [121.43867299931, 25.028340915925], [121.43897436244, 25.02751838262], [121.43919136524, 25.027428173053], [121.4397749819, 25.027305277634], [121.44072120566, 25.027470144633], [121.44127385643, 25.027647821747], [121.44181835781, 25.029018529285], [121.44320986157, 25.02961680942], [121.44320040772, 25.030042836413]]]]}, "id": "A6505-018-00"}, {"type": "Feature", "properties": {"county": "新北市", "town": "板橋區", "village": "仁翠里"}, "geometry": {"type": "MultiPolygon", "coordinates": [[[[121.46234732258, 25.029960568714], [121.46341351396, 25.028171306509], [121.46153599034, 25.02844845431], [121.46093947158, 25.028127256145], [121.46061104987, 25.02864293621], [121.46002314174, 25.029035443289], [121.46143591367, 25.029806838338], [121.46168264662, 25.029438572874], [121.46229282114, 25.029746208478], [121.46220770261, 25.029891489769], [121.46234732258, 25.029960568714]]]]}, "id": "A6501-034-00"}, {"type": "Feature", "properties": {"county": "新北市", "town": "板橋區", "village": "忠翠里"}, "geometry": {"type": "MultiPolygon", "coordinates": [[[[121.47228097121, 25.029908840588], [121.47603910164, 25.027272116559], [121.47723451593, 25.025225376808], [121.4773324782, 25.025026875434], [121.47559265496, 25.023659046994], [121.47411968303, 25.023432337893], [121.47413198838, 25.0245506341], [121.47434501645, 25.02494416156], [121.47492717763, 25.025390052149], [121.47441050802, 25.025928838149], [121.47297400276, 25.026842729423], [121.47266271919, 25.026402380177], [121.47142458087, 25.027172966473], [121.47061297945, 25.026227220122], [121.4699804902, 25.026512642058], [121.47136099308, 25.028862950027], [121.47228097121, 25.029908840588]]]]}, "id": "A6501-044-00"}, {"type": "Feature", "properties": {"county": "新北市", "town": "板橋區", "village": "吉翠里"}, "geometry": {"type": "MultiPolygon", "coordinates": [[[[121.45948949182, 25.02978664876], [121.46002314174, 25.029035443289], [121.46061104987, 25.02864293621], [121.4610860139, 25.027886537933], [121.46039750486, 25.027531582168], [121.46010628607, 25.027941131852], [121.45903985919, 25.027399081155], [121.45924769252, 25.027074733523], [121.45908411444, 25.026992186946], [121.45899235932, 25.027131698109], [121.45856743649, 25.026911527099], [121.45842893413, 25.027382095895], [121.45875295427, 25.027545786164], [121.45820889868, 25.028368564788], [121.45794396179, 25.028224825956], [121.45744171996, 25.028672664313], [121.45939973056, 25.029925557215], [121.45948949182, 25.02978664876]]]]}, "id": "A6501-036-00"}, {"type": "Feature", "properties": {"county": "新北市", "town": "新莊區", "village": "祥鳳里"}, "geometry": {"type": "MultiPolygon", "coordinates": [[[[121.4134322439, 25.030010469962], [121.41482361499, 25.029635665399], [121.41417348503, 25.028422177759], [121.41395321518, 25.028513752241], [121.41381061785, 25.028155966456], [121.41301840151, 25.027867253357], [121.41214784831, 25.028471908296], [121.41280635841, 25.029666071305], [121.4134322439, 25.030010469962]]]]}, "id": "A6505-080-00"}, {"type": "Feature", "properties": {"county": "新北市", "town": "板橋區", "village": "文化里"}, "geometry": {"type": "MultiPolygon", "coordinates": [[[[121.46765742212, 25.029674259619], [121.4688206417, 25.029866705528], [121.46854598866, 25.028266183228], [121.46942657473, 25.028439470928], [121.47101187536, 25.028338928945], [121.4696614955, 25.025933083965], [121.46913262346, 25.026257090755], [121.46904254131, 25.026102617097], [121.46844833708, 25.026914665779], [121.46722193444, 25.026340586445], [121.46692849198, 25.026878726237], [121.46670811868, 25.026785155335], [121.4665102579, 25.027133846173], [121.46598720918, 25.026918514019], [121.4654269831, 25.02801451883], [121.46569192723, 25.028055115589], [121.46579018408, 25.027864294668], [121.46640392868, 25.027913113785], [121.46609639586, 25.028525343238], [121.46765742212, 25.029674259619]]]]}, "id": "A6501-104-00"}, {"type": "Feature", "properties": {"county": "新北市", "town": "新莊區", "village": "合鳳里"}, "geometry": {"type": "MultiPolygon", "coordinates": [[[[121.41483347535, 25.029632076257], [121.41691302984, 25.028741229409], [121.41732696357, 25.028197059884], [121.41737073848, 25.027559032774], [121.41821337561, 25.027263942332], [121.41782833534, 25.026611501216], [121.41578612917, 25.027270571057], [121.41439572019, 25.028028381326], [121.41381061785, 25.028155966456], [121.41395321518, 25.028513752241], [121.41417348503, 25.028422177759], [121.41483347535, 25.029632076257]]]]}, "id": "A6505-046-00"}, {"type": "Feature", "properties": {"county": "新北市", "town": "板橋區", "village": "港嘴里"}, "geometry": {"type": "MultiPolygon", "coordinates": [[[[121.48585040908, 25.028965405016], [121.48697529529, 25.027333235556], [121.48322200876, 25.026634243805], [121.48095370853, 25.025513392739], [121.48117705947, 25.025197769097], [121.48092176369, 25.025079322603], [121.481022447, 25.02489639535], [121.48084505938, 25.024823655276], [121.48088942257, 25.024127225836], [121.48021555746, 25.024118570413], [121.48009856365, 25.023183993185], [121.4801285549, 25.021292315481], [121.48095793776, 25.021296312791], [121.48101801262, 25.020353672389], [121.47922185992, 25.020426198097], [121.47933327774, 25.021463635031], [121.47870410601, 25.021707639323], [121.47882326599, 25.022044941883], [121.47874116016, 25.022643017112], [121.47856893125, 25.022614678848], [121.47813268191, 25.023499276818], [121.47854652242, 25.0237912328], [121.47770395085, 25.024438614977], [121.4773324782, 25.025026875434], [121.479252089, 25.02568745035], [121.48148560426, 25.027149565886], [121.48418660246, 25.028010827906], [121.48585040908, 25.028965405016]]]]}, "id": "A6501-050-00"}, {"type": "Feature", "properties": {"county": "新北市", "town": "板橋區", "village": "龍翠里"}, "geometry": {"type": "MultiPolygon", "coordinates": [[[[121.47616240408, 25.028746972325], [121.47620134884, 25.028164295569], [121.47663240252, 25.028248960324], [121.47672118384, 25.028106197915], [121.47776669575, 25.028042255868], [121.47830087442, 25.028367311633], [121.47875734424, 25.027615246611], [121.47965612188, 25.028134677746], [121.48079498513, 25.026692940468], [121.479252089, 25.02568745035], [121.4773324782, 25.025026875434], [121.47620241224, 25.027084421891], [121.4751324396, 25.027947136905], [121.47529997671, 25.028474077118], [121.47613978992, 25.02889566611], [121.47616240408, 25.028746972325]]]]}, "id": "A6501-042-00"}, {"type": "Feature", "properties": {"county": "新北市", "town": "板橋區", "village": "社後里"}, "geometry": {"type": "MultiPolygon", "coordinates": [[[[121.45503205242, 25.020123252421], [121.4567373339, 25.016448799826], [121.45934195291, 25.013457488406], [121.4586951693, 25.013316464096], [121.4561245205, 25.011968026894], [121.45649504401, 25.014753165407], [121.45521178179, 25.014940299256], [121.45477073449, 25.015210263345], [121.454906572, 25.015524148576], [121.45455583688, 25.016484919367], [121.45466877531, 25.016528003216], [121.45404286077, 25.018135094339], [121.45431495707, 25.018250925277], [121.45402556, 25.018871292075], [121.45454175723, 25.019275299341], [121.45436055842, 25.019449662729], [121.45498795422, 25.019822088313], [121.45486881054, 25.020048275508], [121.45503205242, 25.020123252421]]]]}, "id": "A6501-008-00"}, {"type": "Feature", "properties": {"county": "新北市", "town": "板橋區", "village": "新民里"}, "geometry": {"type": "MultiPolygon", "coordinates": [[[[121.4657707864, 25.019623746243], [121.46588621145, 25.019743462813], [121.46762420516, 25.01857876849], [121.46921015044, 25.017153865512], [121.46334449422, 25.012942784606], [121.46227313385, 25.013644967514], [121.46182879485, 25.012920051206], [121.46272161165, 25.012288944424], [121.46185518167, 25.011344399582], [121.46009573947, 25.012618616067], [121.4657707864, 25.019623746243]]]]}, "id": "A6501-022-00"}, {"type": "Feature", "properties": {"county": "新北市", "town": "板橋區", "village": "國光里"}, "geometry": {"type": "MultiPolygon", "coordinates": [[[[121.46029677688, 25.019341641375], [121.46049330215, 25.019385378288], [121.46064951582, 25.018737692792], [121.46101993714, 25.018814194165], [121.46131510743, 25.018523536636], [121.46123478179, 25.01827818257], [121.45862454912, 25.017801139799], [121.45699712423, 25.017262692502], [121.4570802745, 25.017095941096], [121.4567321771, 25.016976743726], [121.45653210646, 25.017269133474], [121.45638673051, 25.017198655317], [121.45629226805, 25.017402096359], [121.45711575847, 25.017690854697], [121.45669429135, 25.018464938181], [121.46029677688, 25.019341641375]]]]}, "id": "A6501-014-00"}, {"type": "Feature", "properties": {"county": "新北市", "town": "板橋區", "village": "玉光里"}, "geometry": {"type": "MultiPolygon", "coordinates": [[[[121.47225346891, 25.019317757056], [121.47262527533, 25.01910036289], [121.47306020986, 25.019161551141], [121.47360194798, 25.019006513867], [121.47414912932, 25.017800567655], [121.47502225177, 25.016607925075], [121.47344810469, 25.015971442326], [121.47291894638, 25.016697706841], [121.47178447477, 25.015855086451], [121.47140979148, 25.016218091178], [121.46995709716, 25.016677210918], [121.47004934535, 25.016843956643], [121.46956207032, 25.017050004089], [121.46939659425, 25.016923854184], [121.46927619818, 25.017028695516], [121.46921015044, 25.017153865512], [121.47225346891, 25.019317757056]]]]}, "id": "A6501-059-00"}, {"type": "Feature", "properties": {"county": "新北市", "town": "新莊區", "village": "民有里"}, "geometry": {"type": "MultiPolygon", "coordinates": [[[[121.42725492862, 25.01939882839], [121.42821302633, 25.019191840687], [121.42969198583, 25.019179808604], [121.42956082498, 25.017021878939], [121.42895792044, 25.017031292574], [121.42896046573, 25.017489783173], [121.42741670461, 25.01763605018], [121.42745215693, 25.017823507285], [121.42717881395, 25.017902665754], [121.4271764701, 25.018169932443], [121.42729345372, 25.018321646501], [121.42775681241, 25.018125286119], [121.42777398701, 25.018317374813], [121.42736046547, 25.01841490478], [121.42753937204, 25.019101953573], [121.42720275987, 25.019177862406], [121.42725492862, 25.01939882839]]]]}, "id": "A6505-082-00"}, {"type": "Feature", "properties": {"county": "新北市", "town": "板橋區", "village": "九如里"}, "geometry": {"type": "MultiPolygon", "coordinates": [[[[121.47886399413, 25.018449813244], [121.47923816813, 25.018690314864], [121.47922665126, 25.01635834017], [121.47892217337, 25.01638306163], [121.47903698478, 25.015855226109], [121.47838904898, 25.014706822925], [121.4770779077, 25.013612923614], [121.47653534797, 25.014415990471], [121.47763604299, 25.014852082644], [121.47811297831, 25.015653772728], [121.47770991733, 25.016118437624], [121.47794886865, 25.016348361794], [121.47724322738, 25.017417137457], [121.47886399413, 25.018449813244]]]]}, "id": "A6501-058-00"}, {"type": "Feature", "properties": {"county": "新北市", "town": "板橋區", "village": "漢生里"}, "geometry": {"type": "MultiPolygon", "coordinates": [[[[121.46216607243, 25.018577325386], [121.46322775927, 25.018356602325], [121.46422424471, 25.017706383202], [121.46009573947, 25.012618616067], [121.45934195291, 25.013457488406], [121.46029622722, 25.014159796264], [121.46096617181, 25.0152273016], [121.46136379018, 25.015433285802], [121.46129443118, 25.016599059919], [121.4608332224, 25.016895198528], [121.46100081393, 25.017304146379], [121.4608633578, 25.017655892095], [121.46134713313, 25.018477027953], [121.46216607243, 25.018577325386]]]]}, "id": "A6501-020-00"}, {"type": "Feature", "properties": {"county": "新北市", "town": "新莊區", "village": "光明里"}, "geometry": {"type": "MultiPolygon", "coordinates": [[[[121.42404479325, 25.018683983238], [121.42654533576, 25.017871798728], [121.42599302504, 25.015382080766], [121.42606557842, 25.013127222513], [121.42650815346, 25.011887434753], [121.42622078527, 25.011711559499], [121.4252411935, 25.01216301883], [121.4253933922, 25.012623157497], [121.42513794492, 25.01269891963], [121.4250336423, 25.012952754196], [121.42476603185, 25.012818985023], [121.42488916136, 25.013357759821], [121.42472430266, 25.013350465616], [121.42455288839, 25.013076742297], [121.42435733679, 25.013222216724], [121.42404726449, 25.014549834023], [121.42405647443, 25.015160986522], [121.42349683861, 25.014870971335], [121.42334838592, 25.016771714554], [121.42404479325, 25.018683983238]]]]}, "id": "A6505-044-00"}, {"type": "Feature", "properties": {"county": "新北市", "town": "板橋區", "village": "富貴里"}, "geometry": {"type": "MultiPolygon", "coordinates": [[[[121.4805991985, 25.018393385069], [121.48160535197, 25.018449809984], [121.48172941241, 25.018188737284], [121.48323888234, 25.018267817938], [121.48341394968, 25.017900661595], [121.48215464017, 25.016865396954], [121.47976060556, 25.016915238259], [121.47975144894, 25.017124651536], [121.47925246031, 25.01712192721], [121.47924283576, 25.018216095924], [121.4805991985, 25.018393385069]]]]}, "id": "A6501-107-00"}, {"type": "Feature", "properties": {"county": "新北市", "town": "永和區", "village": "桂林里"}, "geometry": {"type": "MultiPolygon", "coordinates": [[[[121.52279789463, 25.015775601573], [121.52582838536, 25.011669279114], [121.52712711852, 25.010770420467], [121.52255612727, 25.010265333354], [121.52271773154, 25.011183104656], [121.52163727418, 25.011271951574], [121.52148214363, 25.011556367039], [121.51995468154, 25.011395401152], [121.5196243611, 25.012190114641], [121.52094704888, 25.012391799496], [121.52150889331, 25.012917033898], [121.52279789463, 25.015775601573]]]]}, "id": "A6504-055-00"}, {"type": "Feature", "properties": {"county": "新北市", "town": "板橋區", "village": "自立里"}, "geometry": {"type": "MultiPolygon", "coordinates": [[[[121.45276020454, 25.015798140456], [121.45320817187, 25.015763999847], [121.45511669594, 25.014995396786], [121.45375816091, 25.015093631328], [121.45364166599, 25.013970772596], [121.45382139659, 25.013910180451], [121.45380273743, 25.013702930457], [121.45340682933, 25.013713076947], [121.45277271948, 25.014018294626], [121.45269409899, 25.013751817074], [121.45175932246, 25.013896866418], [121.4515304637, 25.014222336907], [121.45206847275, 25.01539068706], [121.45276020454, 25.015798140456]]]]}, "id": "A6501-012-00"}, {"type": "Feature", "properties": {"county": "新北市", "town": "永和區", "village": "下溪里"}, "geometry": {"type": "MultiPolygon", "coordinates": [[[[121.50854593404, 25.015503595734], [121.50945223926, 25.014749640622], [121.50993236056, 25.013760312517], [121.51037433106, 25.013349420896], [121.50894839804, 25.012861233725], [121.50808978091, 25.012928185703], [121.50727254414, 25.012346166357], [121.50673015688, 25.012882894878], [121.50484871212, 25.011671008873], [121.50487668097, 25.012615258392], [121.5050133003, 25.012730546987], [121.50504561945, 25.01248042364], [121.50649357719, 25.01312305939], [121.50727286311, 25.013816269327], [121.50854593404, 25.015503595734]]]]}, "id": "A6504-046-00"}, {"type": "Feature", "properties": {"county": "新北市", "town": "板橋區", "village": "民生里"}, "geometry": {"type": "MultiPolygon", "coordinates": [[[[121.47324013995, 25.015465575581], [121.47341442604, 25.015547025414], [121.47579595615, 25.012904529039], [121.47538932377, 25.012647709752], [121.47192372665, 25.0148426025], [121.47324013995, 25.015465575581]]]]}, "id": "A6501-109-00"}, {"type": "Feature", "properties": {"county": "新北市", "town": "永和區", "village": "仁愛里"}, "geometry": {"type": "MultiPolygon", "coordinates": [[[[121.51215373452, 25.015397305971], [121.51273389963, 25.015281545793], [121.51301809954, 25.014545785856], [121.51315654492, 25.013328559774], [121.51252957179, 25.013229326196], [121.51254611232, 25.012508664345], [121.51230131487, 25.012380212364], [121.51242431674, 25.012107293295], [121.51168159457, 25.011919699248], [121.51140974936, 25.012205770872], [121.51102403045, 25.012029044876], [121.51037433106, 25.013349420896], [121.51200558492, 25.013725018004], [121.51215373452, 25.015397305971]]]]}, "id": "A6504-005-00"}, {"type": "Feature", "properties": {"county": "新北市", "town": "板橋區", "village": "福丘里"}, "geometry": {"type": "MultiPolygon", "coordinates": [[[[121.46675068344, 25.015477509861], [121.4685980873, 25.013271051387], [121.46384608931, 25.011067964477], [121.46423866543, 25.01034802701], [121.46374865528, 25.009212165919], [121.46327865541, 25.009018971431], [121.46321905065, 25.009391688713], [121.46310042751, 25.009291654841], [121.46189293042, 25.007611504011], [121.46153326293, 25.007840140723], [121.46137445027, 25.007646357784], [121.46082153874, 25.007983832836], [121.46141085566, 25.008760941999], [121.46021197431, 25.009432971531], [121.46272161165, 25.012288944424], [121.46182879485, 25.012920051206], [121.46227313385, 25.013644967514], [121.46334449422, 25.012942784606], [121.46675068344, 25.015477509861]]]]}, "id": "A6501-070-00"}, {"type": "Feature", "properties": {"county": "新北市", "town": "永和區", "village": "上溪里"}, "geometry": {"type": "MultiPolygon", "coordinates": [[[[121.51273389963, 25.015281545793], [121.51586580989, 25.014957949125], [121.51545518153, 25.013555634491], [121.51315654492, 25.013328559774], [121.51301809954, 25.014545785856], [121.51273389963, 25.015281545793]]]]}, "id": "A6504-022-00"}, {"type": "Feature", "properties": {"county": "新北市", "town": "永和區", "village": "保順里"}, "geometry": {"type": "MultiPolygon", "coordinates": [[[[121.50330784223, 25.015167399601], [121.5048755344, 25.01421366823], [121.50481567886, 25.010187203113], [121.50494665952, 25.009104179236], [121.50253806296, 25.007150537173], [121.5010620975, 25.007682605618], [121.49943359157, 25.008605703466], [121.49893150352, 25.008381120661], [121.49853185263, 25.00847067491], [121.49797406397, 25.009043900093], [121.49742623376, 25.008946052688], [121.49699617441, 25.008591288332], [121.49511365478, 25.008290497198], [121.49480870703, 25.008399048227], [121.49406551844, 25.009140359684], [121.49503096731, 25.009119702345], [121.49554897386, 25.009274716792], [121.50008033945, 25.012306308439], [121.50053435074, 25.013201247726], [121.50153848076, 25.013577253193], [121.50330784223, 25.015167399601]]]]}, "id": "A6504-062-00"}, {"type": "Feature", "properties": {"county": "新北市", "town": "板橋區", "village": "居仁里"}, "geometry": {"type": "MultiPolygon", "coordinates": [[[[121.48121483098, 25.015097861878], [121.48192760199, 25.015112717811], [121.48251242673, 25.013819579759], [121.48079774641, 25.013320591366], [121.47898531067, 25.013277232395], [121.47911350524, 25.014955135656], [121.48121483098, 25.015097861878]]]]}, "id": "A6501-120-00"}, {"type": "Feature", "properties": {"county": "新北市", "town": "永和區", "village": "勵行里"}, "geometry": {"type": "MultiPolygon", "coordinates": [[[[121.51720375162, 25.014718186445], [121.51783343991, 25.014137145733], [121.51701993407, 25.01344402064], [121.51679105913, 25.013509283392], [121.51617793256, 25.013008859408], [121.51528582179, 25.012901709084], [121.51586580989, 25.014957949125], [121.51720375162, 25.014718186445]]]]}, "id": "A6504-019-00"}, {"type": "Feature", "properties": {"county": "新北市", "town": "板橋區", "village": "浮洲里"}, "geometry": {"type": "MultiPolygon", "coordinates": [[[[121.44902174048, 25.018111072967], [121.450211284, 25.01610248368], [121.45136232195, 25.012714272853], [121.45178874069, 25.011015153412], [121.45190322356, 25.008690544346], [121.45276725266, 25.004725873569], [121.45282309204, 25.003886000195], [121.44490237243, 25.004298513075], [121.44537965755, 25.005290193074], [121.44594540417, 25.00792119353], [121.44678726464, 25.01060743277], [121.44748364162, 25.011519622125], [121.44823724022, 25.013401626786], [121.4481373333, 25.013817897128], [121.44892634097, 25.018396046682], [121.44902174048, 25.018111072967]]]]}, "id": "A6501-089-00"}, {"type": "Feature", "properties": {"county": "新北市", "town": "板橋區", "village": "香雅里"}, "geometry": {"type": "MultiPolygon", "coordinates": [[[[121.44902174048, 25.018111072967], [121.44892634097, 25.018396046682], [121.45186901345, 25.017742729108], [121.45181437004, 25.01725861547], [121.45217965301, 25.017140811298], [121.45203217366, 25.016614505124], [121.45268896484, 25.015938217427], [121.45284680827, 25.015998132618], [121.45278196808, 25.016139010801], [121.45322232839, 25.016303262285], [121.45403295065, 25.016392073159], [121.45424975186, 25.016544091945], [121.45417738988, 25.016934097396], [121.4545203245, 25.017058635059], [121.45489870798, 25.015430541382], [121.45477073449, 25.015210263345], [121.45291209752, 25.015856276188], [121.45219674558, 25.015560043097], [121.4515304637, 25.014222336907], [121.45178066149, 25.013219541481], [121.45124082967, 25.013161567459], [121.450211284, 25.01610248368], [121.44902174048, 25.018111072967]]]]}, "id": "A6501-101-00"}, {"type": "Feature", "properties": {"county": "新北市", "town": "板橋區", "village": "建國里"}, "geometry": {"type": "MultiPolygon", "coordinates": [[[[121.46047062198, 25.018157890785], [121.46123478179, 25.01827818257], [121.4608633578, 25.017655892095], [121.46100081393, 25.017304146379], [121.4607993014, 25.016652873725], [121.45967014393, 25.016594700022], [121.45964958702, 25.016473142322], [121.45708987951, 25.01666594828], [121.45727048321, 25.016377185586], [121.45695149313, 25.016214297599], [121.45638673051, 25.017198655317], [121.45653210646, 25.017269133474], [121.4567321771, 25.016976743726], [121.4570802745, 25.017095941096], [121.45699712423, 25.017262692502], [121.45862454912, 25.017801139799], [121.46047062198, 25.018157890785]]]]}, "id": "A6501-019-00"}, {"type": "Feature", "properties": {"county": "新北市", "town": "永和區", "village": "忠義里"}, "geometry": {"type": "MultiPolygon", "coordinates": [[[[121.50572266657, 25.018133515384], [121.50854593404, 25.015503595734], [121.50778343956, 25.014506058447], [121.50478348741, 25.017106839594], [121.50572266657, 25.018133515384]]]]}, "id": "A6504-010-00"}, {"type": "Feature", "properties": {"county": "新北市", "town": "永和區", "village": "新■里"}, "geometry": {"type": "MultiPolygon", "coordinates": [[[[121.51233160924, 25.017947842032], [121.51159410915, 25.017214428297], [121.5122037839, 25.016783812785], [121.51266158398, 25.016759842576], [121.51365409309, 25.016340180776], [121.51386572128, 25.015859287645], [121.51391299404, 25.015162175283], [121.51239626537, 25.015292370653], [121.51016825949, 25.016620072654], [121.51109344592, 25.017663626631], [121.51233160924, 25.017947842032]]]]}, "id": "A6504-045-00"}, {"type": "Feature", "properties": {"county": "新北市", "town": "板橋區", "village": "長壽里"}, "geometry": {"type": "MultiPolygon", "coordinates": [[[[121.48335790043, 25.017862651117], [121.48437151856, 25.015554709498], [121.48192760199, 25.015112717811], [121.47911350524, 25.014955135656], [121.47925246031, 25.01712192721], [121.47975144894, 25.017124651536], [121.47976060556, 25.016915238259], [121.48215464017, 25.016865396954], [121.48335790043, 25.017862651117]]]]}, "id": "A6501-055-00"}, {"type": "Feature", "properties": {"county": "新北市", "town": "新莊區", "village": "光正里"}, "geometry": {"type": "MultiPolygon", "coordinates": [[[[121.42654533576, 25.017871798728], [121.42813771935, 25.01753161136], [121.42802800986, 25.014716662663], [121.4259718382, 25.014831367815], [121.42606173386, 25.015968141956], [121.42654533576, 25.017871798728]]]]}, "id": "A6505-083-00"}, {"type": "Feature", "properties": {"county": "新北市", "town": "板橋區", "village": "西安里"}, "geometry": {"type": "MultiPolygon", "coordinates": [[[[121.47705355945, 25.017653764767], [121.47722448195, 25.017406527242], [121.47674230397, 25.017133608082], [121.47192372665, 25.0148426025], [121.47084691181, 25.015391550334], [121.4692054879, 25.01590570637], [121.46853894609, 25.016680241948], [121.46921015044, 25.017153865512], [121.46939659425, 25.016923854184], [121.46956207032, 25.017050004089], [121.47004934535, 25.016843956643], [121.46995709716, 25.016677210918], [121.47140979148, 25.016218091178], [121.47178447477, 25.015855086451], [121.47291894638, 25.016697706841], [121.47344810469, 25.015971442326], [121.47502225177, 25.016607925075], [121.47492481861, 25.016738507274], [121.47546932886, 25.016997914754], [121.47560617732, 25.01676513826], [121.47611494016, 25.017036930578], [121.47605245367, 25.017130310297], [121.47644253943, 25.017425734304], [121.47655725035, 25.017316767857], [121.47705355945, 25.017653764767]]]]}, "id": "A6501-067-00"}, {"type": "Feature", "properties": {"county": "新北市", "town": "永和區", "village": "頂溪里"}, "geometry": {"type": "MultiPolygon", "coordinates": [[[[121.51581616055, 25.017334011869], [121.51619269725, 25.01609085668], [121.51586580989, 25.014957949125], [121.51391299404, 25.015162175283], [121.51380848704, 25.016089182686], [121.51349894426, 25.016724268558], [121.51437111473, 25.017139116276], [121.51441919999, 25.017028976505], [121.51581616055, 25.017334011869]]]]}, "id": "A6504-029-00"}, {"type": "Feature", "properties": {"county": "新北市", "town": "板橋區", "village": "東丘里"}, "geometry": {"type": "MultiPolygon", "coordinates": [[[[121.47722448195, 25.017406527242], [121.47794886865, 25.016348361794], [121.47770991733, 25.016118437624], [121.47811297831, 25.015653772728], [121.47763604299, 25.014852082644], [121.47653534797, 25.014415990471], [121.47703241788, 25.013683857577], [121.47579595615, 25.012904529039], [121.47341442604, 25.015547025414], [121.47722448195, 25.017406527242]]]]}, "id": "A6501-068-00"}, {"type": "Feature", "properties": {"county": "新北市", "town": "新莊區", "village": "光榮里"}, "geometry": {"type": "MultiPolygon", "coordinates": [[[[121.42813771935, 25.01753161136], [121.42896046573, 25.017489783173], [121.42895792044, 25.017031292574], [121.42956082498, 25.017021878939], [121.4294339431, 25.011886870134], [121.4293248294, 25.011776085003], [121.42786947227, 25.012902365243], [121.42813771935, 25.01753161136]]]]}, "id": "A6505-041-00"}, {"type": "Feature", "properties": {"county": "新北市", "town": "永和區", "village": "新生里"}, "geometry": {"type": "MultiPolygon", "coordinates": [[[[121.50478348741, 25.017106839594], [121.50733934982, 25.014901509775], [121.50487668097, 25.012615258392], [121.5048755344, 25.01421366823], [121.50330784223, 25.015167399601], [121.50394159692, 25.015736947305], [121.50478348741, 25.017106839594]]]]}, "id": "A6504-041-00"}, {"type": "Feature", "properties": {"county": "新北市", "town": "永和區", "village": "光復里"}, "geometry": {"type": "MultiPolygon", "coordinates": [[[[121.51833895648, 25.016877580791], [121.52213574724, 25.016795566186], [121.52251768597, 25.016265548611], [121.51865918217, 25.015834518438], [121.51611468528, 25.015805721324], [121.51635876461, 25.016697751048], [121.51706678271, 25.016512905317], [121.51713856198, 25.016655584443], [121.51846847104, 25.016717767512], [121.51833895648, 25.016877580791]]]]}, "id": "A6504-036-00"}, {"type": "Feature", "properties": {"county": "新北市", "town": "板橋區", "village": "民權里"}, "geometry": {"type": "MultiPolygon", "coordinates": [[[[121.46125080028, 25.016689215188], [121.46143074684, 25.015658623502], [121.46087518938, 25.015008523975], [121.45896556637, 25.015464995164], [121.45795076197, 25.015387404897], [121.45708987951, 25.01666594828], [121.45964958702, 25.016473142322], [121.45967014393, 25.016594700022], [121.4607993014, 25.016652873725], [121.46088297562, 25.016824888189], [121.46125080028, 25.016689215188]]]]}, "id": "A6501-018-00"}, {"type": "Feature", "properties": {"county": "新北市", "town": "永和區", "village": "文化里"}, "geometry": {"type": "MultiPolygon", "coordinates": [[[[121.50982715035, 25.016263778291], [121.51016825949, 25.016620072654], [121.51215373452, 25.015397305971], [121.51200558492, 25.013725018004], [121.51037433106, 25.013349420896], [121.50999685182, 25.013684247794], [121.50945223926, 25.014749640622], [121.50854593404, 25.015503595734], [121.50968139018, 25.016363926004], [121.50982715035, 25.016263778291]]]]}, "id": "A6504-002-00"}, {"type": "Feature", "properties": {"county": "新北市", "town": "板橋區", "village": "香丘里"}, "geometry": {"type": "MultiPolygon", "coordinates": [[[[121.46839771325, 25.016584600138], [121.46853894609, 25.016680241948], [121.4692054879, 25.01590570637], [121.47084691181, 25.015391550334], [121.47192372665, 25.0148426025], [121.4685980873, 25.013271051387], [121.46675068344, 25.015477509861], [121.46839771325, 25.016584600138]]]]}, "id": "A6501-066-00"}, {"type": "Feature", "properties": {"county": "新北市", "town": "永和區", "village": "上林里"}, "geometry": {"type": "MultiPolygon", "coordinates": [[[[121.52247355023, 25.016262050023], [121.52282522403, 25.015838426063], [121.52150889331, 25.012917033898], [121.52094704888, 25.012391799496], [121.5196243611, 25.012190114641], [121.51927578934, 25.012804311404], [121.51783343991, 25.014137145733], [121.51880937138, 25.014760446631], [121.52055596389, 25.015481537914], [121.52005581695, 25.016043808061], [121.52247355023, 25.016262050023]]]]}, "id": "A6504-051-00"}, {"type": "Feature", "properties": {"county": "新北市", "town": "板橋區", "village": "正泰里"}, "geometry": {"type": "MultiPolygon", "coordinates": [[[[121.47922665126, 25.01635834017], [121.47892978595, 25.012530619648], [121.47815969595, 25.012544564494], [121.4770779077, 25.013612923614], [121.47838904898, 25.014706822925], [121.47903698478, 25.015855226109], [121.47892217337, 25.01638306163], [121.47922665126, 25.01635834017]]]]}, "id": "A6501-108-00"}, {"type": "Feature", "properties": {"county": "新北市", "town": "中和區", "village": "中原里"}, "geometry": {"type": "MultiPolygon", "coordinates": [[[[121.48865538977, 25.016271306107], [121.48891207964, 25.016305506874], [121.48904120068, 25.015065781656], [121.48945919284, 25.01392181246], [121.48985304948, 25.012072862399], [121.49057097383, 25.010975844689], [121.49133994954, 25.01026580925], [121.49334591249, 25.009155759007], [121.49406551844, 25.009140359684], [121.49499154802, 25.008306253316], [121.49579460612, 25.00830844998], [121.49699617441, 25.008591288332], [121.49742623376, 25.008946052688], [121.49790251025, 25.009051814494], [121.4985165277, 25.008477718582], [121.49845507948, 25.007651186884], [121.49801906177, 25.007498177648], [121.49842794179, 25.006515336657], [121.49653486884, 25.006147505715], [121.49656233158, 25.006453858524], [121.49585909821, 25.006360855617], [121.49474862393, 25.005986872422], [121.49468972158, 25.005562251981], [121.49487736641, 25.00520091854], [121.49430043802, 25.00499444718], [121.49472924682, 25.003311544804], [121.4944960772, 25.002935176826], [121.4944365141, 25.002181721915], [121.49341176315, 25.002209954713], [121.48769083789, 25.004837399726], [121.4830336506, 25.004981621995], [121.4827975741, 25.005525936598], [121.48265198424, 25.006244398564], [121.4818601865, 25.008119588363], [121.48211861215, 25.009132621964], [121.48198998962, 25.010075670412], [121.48222991431, 25.012250618344], [121.481661315, 25.012611456004], [121.48172235865, 25.012904159794], [121.48251242673, 25.013819579759], [121.48192760199, 25.015112717811], [121.48865538977, 25.016271306107]]]]}, "id": "A6503-001-00"}, {"type": "Feature", "properties": {"county": "新北市", "town": "板橋區", "village": "民安里"}, "geometry": {"type": "MultiPolygon", "coordinates": [[[[121.45727048321, 25.016377185586], [121.45795076197, 25.015387404897], [121.45967820584, 25.015357786185], [121.46087518938, 25.015008523975], [121.46082951004, 25.014871529366], [121.46029622722, 25.014159796264], [121.45934195291, 25.013457488406], [121.45695149313, 25.016214297599], [121.45727048321, 25.016377185586]]]]}, "id": "A6501-115-00"}, {"type": "Feature", "properties": {"county": "新北市", "town": "永和區", "village": "復興里"}, "geometry": {"type": "MultiPolygon", "coordinates": [[[[121.51960999556, 25.015980809277], [121.52005581695, 25.016043808061], [121.52055596389, 25.015481537914], [121.51880937138, 25.014760446631], [121.51783343991, 25.014137145733], [121.51705409271, 25.014829222026], [121.51586580989, 25.014957949125], [121.51611468528, 25.015805721324], [121.51960999556, 25.015980809277]]]]}, "id": "A6504-037-00"}, {"type": "Feature", "properties": {"county": "新北市", "town": "板橋區", "village": "莊敬里"}, "geometry": {"type": "MultiPolygon", "coordinates": [[[[121.47139920386, 25.021513652848], [121.47171962046, 25.02195289196], [121.47214650875, 25.021425234932], [121.47382089503, 25.021540987261], [121.47384341534, 25.020786449529], [121.47404531951, 25.020565934132], [121.47115991252, 25.018539164706], [121.4697049744, 25.02051784639], [121.47139920386, 25.021513652848]]]]}, "id": "A6501-121-00"}, {"type": "Feature", "properties": {"county": "新北市", "town": "永和區", "village": "永成里"}, "geometry": {"type": "MultiPolygon", "coordinates": [[[[121.51426937891, 25.021474990935], [121.50978629716, 25.016221107864], [121.50968139018, 25.016363926004], [121.50854593404, 25.015503595734], [121.50572266657, 25.018133515384], [121.50844797597, 25.021111689014], [121.51055610364, 25.021764571898], [121.51317811285, 25.021676360331], [121.51426937891, 25.021474990935]]]]}, "id": "A6504-009-00"}, {"type": "Feature", "properties": {"county": "新北市", "town": "新莊區", "village": "龍福里"}, "geometry": {"type": "MultiPolygon", "coordinates": [[[[121.4118296816, 25.021862503653], [121.41282849198, 25.020206341286], [121.41232358169, 25.020279432706], [121.4120987668, 25.019423892139], [121.41127528754, 25.019281720996], [121.41096104891, 25.019386414315], [121.41110076966, 25.019781012175], [121.4106855759, 25.01978893079], [121.41069551056, 25.020820376117], [121.41041947818, 25.021055871774], [121.4118296816, 25.021862503653]]]]}, "id": "A6505-079-00"}, {"type": "Feature", "properties": {"county": "新北市", "town": "永和區", "village": "河堤里"}, "geometry": {"type": "MultiPolygon", "coordinates": [[[[121.51420858445, 25.02140082214], [121.51561004264, 25.021227114379], [121.51631066559, 25.02093215731], [121.51557013599, 25.018597570253], [121.51581616055, 25.017334011869], [121.51441919999, 25.017028976505], [121.51437111473, 25.017139116276], [121.51349894426, 25.016724268558], [121.51355647909, 25.016351352611], [121.51266158398, 25.016759842576], [121.5122037839, 25.016783812785], [121.51159410915, 25.017214428297], [121.51233160924, 25.017947842032], [121.51109344592, 25.017663626631], [121.51420858445, 25.02140082214]]]]}, "id": "A6504-028-00"}, {"type": "Feature", "properties": {"county": "新北市", "town": "新莊區", "village": "成德里"}, "geometry": {"type": "MultiPolygon", "coordinates": [[[[121.42368488986, 25.021755699099], [121.42562697254, 25.020759399323], [121.42484954444, 25.019181264893], [121.42454620419, 25.018856723474], [121.42452981773, 25.018519559781], [121.42404479325, 25.018683983238], [121.42333115226, 25.016764027354], [121.42219850435, 25.017221290579], [121.42118382513, 25.018032026394], [121.42168773593, 25.018492684059], [121.42193473046, 25.018426969448], [121.4222799444, 25.019240592252], [121.42251466884, 25.019170853345], [121.42368488986, 25.021755699099]]]]}, "id": "A6505-071-00"}, {"type": "Feature", "properties": {"county": "新北市", "town": "板橋區", "village": "埔墘里"}, "geometry": {"type": "MultiPolygon", "coordinates": [[[[121.48094713146, 25.021500949126], [121.48118034007, 25.021532247148], [121.48120286979, 25.021378500656], [121.48246099376, 25.021478496909], [121.48268619304, 25.021170610211], [121.48288668349, 25.021312185903], [121.48303569952, 25.021105907856], [121.48284765253, 25.020986725996], [121.48335699418, 25.020678264581], [121.48280255789, 25.018504974034], [121.48311831146, 25.018559206085], [121.48323888234, 25.018267817938], [121.48172941241, 25.018188737284], [121.48160535197, 25.018449809984], [121.47924283576, 25.018216095924], [121.47922185992, 25.020426198097], [121.48101801262, 25.020353672389], [121.48094713146, 25.021500949126]]]]}, "id": "A6501-054-00"}, {"type": "Feature", "properties": {"county": "新北市", "town": "板橋區", "village": "介壽里"}, "geometry": {"type": "MultiPolygon", "coordinates": [[[[121.46717074837, 25.021525736402], [121.46879085755, 25.021187735785], [121.46916349206, 25.021301094275], [121.47115991252, 25.018539164706], [121.46981768974, 25.017582993209], [121.46925092173, 25.01811327645], [121.46964866359, 25.018544668315], [121.46933676738, 25.018815802045], [121.46957332282, 25.019069199736], [121.46941301826, 25.019284169963], [121.46684622521, 25.020255287049], [121.46691568448, 25.020361159786], [121.46652628169, 25.020562285633], [121.46717074837, 25.021525736402]]]]}, "id": "A6501-026-00"}, {"type": "Feature", "properties": {"county": "新北市", "town": "板橋區", "village": "金華里"}, "geometry": {"type": "MultiPolygon", "coordinates": [[[[121.45992587586, 25.021315105764], [121.46011818501, 25.020570969669], [121.46032860292, 25.020349625612], [121.4559101953, 25.019500628194], [121.45574606491, 25.019782024981], [121.45542213317, 25.019635663347], [121.455343053, 25.01979105835], [121.45574638548, 25.020289365829], [121.45557835149, 25.020509738516], [121.45588210884, 25.020857960247], [121.45627468328, 25.020625251039], [121.45762131021, 25.020826522911], [121.45771191377, 25.020986224995], [121.45808680636, 25.020823920204], [121.45817138731, 25.020976704215], [121.45920581883, 25.021107316517], [121.45935337464, 25.021330283494], [121.45992587586, 25.021315105764]]]]}, "id": "A6501-016-00"}, {"type": "Feature", "properties": {"county": "新北市", "town": "永和區", "village": "網溪里"}, "geometry": {"type": "MultiPolygon", "coordinates": [[[[121.51625274104, 25.020755749469], [121.51631066559, 25.02093215731], [121.51903396544, 25.019785904619], [121.52109588018, 25.018239783412], [121.52213574724, 25.016795566186], [121.51870919928, 25.016904911488], [121.51833895648, 25.016877580791], [121.51846847104, 25.016717767512], [121.51713856198, 25.016655584443], [121.51706678271, 25.016512905317], [121.51635876461, 25.016697751048], [121.51619269725, 25.01609085668], [121.51554751477, 25.018347274443], [121.51625274104, 25.020755749469]]]]}, "id": "A6504-052-00"}, {"type": "Feature", "properties": {"county": "新北市", "town": "新莊區", "village": "民本里"}, "geometry": {"type": "MultiPolygon", "coordinates": [[[[121.42878682534, 25.021148864647], [121.42918106638, 25.021116935521], [121.4297249519, 25.01982258309], [121.42969198583, 25.019179808604], [121.42821302633, 25.019191840687], [121.42709260492, 25.019441285816], [121.42724222191, 25.019953797447], [121.42741429733, 25.019920313834], [121.42745775113, 25.020099990845], [121.42775751352, 25.020049197353], [121.42835540819, 25.020939084185], [121.42878682534, 25.021148864647]]]]}, "id": "A6505-035-00"}, {"type": "Feature", "properties": {"county": "新北市", "town": "板橋區", "village": "百壽里"}, "geometry": {"type": "MultiPolygon", "coordinates": [[[[121.46691568448, 25.020361159786], [121.46684622521, 25.020255287049], [121.46941301826, 25.019284169963], [121.46957332282, 25.019069199736], [121.46933676738, 25.018815802045], [121.46964866359, 25.018544668315], [121.46925092173, 25.01811327645], [121.46981768974, 25.017582993209], [121.46921015044, 25.017153865512], [121.46762420516, 25.01857876849], [121.46588621145, 25.019743462813], [121.46652628169, 25.020562285633], [121.46691568448, 25.020361159786]]]]}, "id": "A6501-025-00"}, {"type": "Feature", "properties": {"county": "新北市", "town": "板橋區", "village": "光仁里"}, "geometry": {"type": "MultiPolygon", "coordinates": [[[[121.47636334144, 25.020203067531], [121.47684829085, 25.020516173945], [121.47855585113, 25.01825018077], [121.47722448195, 25.017406527242], [121.47705355945, 25.017653764767], [121.47655725035, 25.017316767857], [121.47644253943, 25.017425734304], [121.47605245367, 25.017130310297], [121.47611494016, 25.017036930578], [121.47560617732, 25.01676513826], [121.47546932886, 25.016997914754], [121.47492481861, 25.016738507274], [121.47414912932, 25.017800567655], [121.4737884882, 25.018580275195], [121.47542514764, 25.019467586286], [121.47524742536, 25.019675378698], [121.47636334144, 25.020203067531]]]]}, "id": "A6501-060-00"}, {"type": "Feature", "properties": {"county": "新北市", "town": "板橋區", "village": "公里"}, "geometry": {"type": "MultiPolygon", "coordinates": [[[[121.46224973957, 25.020383324744], [121.46336558157, 25.020303014299], [121.46529897917, 25.019042391302], [121.46422424471, 25.017706383202], [121.46285138153, 25.018508223507], [121.46134713313, 25.018477027953], [121.46099489955, 25.018849846402], [121.4609779759, 25.01928591076], [121.46066795646, 25.019912403774], [121.46224973957, 25.020383324744]]]]}, "id": "A6501-021-00"}, {"type": "Feature", "properties": {"county": "新北市", "town": "板橋區", "village": "港德里"}, "geometry": {"type": "MultiPolygon", "coordinates": [[[[121.46050097323, 25.020214852863], [121.4609779759, 25.01928591076], [121.46101993714, 25.018814194165], [121.46064951582, 25.018737692792], [121.46049330215, 25.019385378288], [121.45669429135, 25.018464938181], [121.45711575847, 25.017690854697], [121.45629226805, 25.017402096359], [121.4554426279, 25.019231912057], [121.4559101953, 25.019500628194], [121.46032860292, 25.020349625612], [121.46050097323, 25.020214852863]]]]}, "id": "A6501-017-00"}, {"type": "Feature", "properties": {"county": "新北市", "town": "永和區", "village": "中溪里"}, "geometry": {"type": "MultiPolygon", "coordinates": [[[[121.51002272685, 25.013261149397], [121.51037433106, 25.013349420896], [121.51065163761, 25.012841580633], [121.51102403045, 25.012029044876], [121.51094976754, 25.011066356316], [121.51130247182, 25.010612429951], [121.51004291943, 25.009602886997], [121.50727254414, 25.012346166357], [121.50808978091, 25.012928185703], [121.50894839804, 25.012861233725], [121.51002272685, 25.013261149397]]]]}, "id": "A6504-014-00"}, {"type": "Feature", "properties": {"county": "新北市", "town": "板橋區", "village": "黃石里"}, "geometry": {"type": "MultiPolygon", "coordinates": [[[[121.4586951693, 25.013316464096], [121.45934195291, 25.013457488406], [121.46009573947, 25.012618616067], [121.45797938985, 25.010304591934], [121.4573625227, 25.010248794804], [121.4573799131, 25.009538515708], [121.45728868428, 25.009949708664], [121.45686498854, 25.009911463802], [121.45682255163, 25.010147884331], [121.45602320425, 25.010047948016], [121.45608275299, 25.009756034033], [121.45576582199, 25.009725315801], [121.45589515327, 25.010008287065], [121.45572501141, 25.009960286551], [121.45561697659, 25.010292255331], [121.45591926163, 25.0103811684], [121.45562554968, 25.011486141501], [121.45539193304, 25.011426091075], [121.45523011761, 25.011579086982], [121.4586951693, 25.013316464096]]]]}, "id": "A6501-004-00"}, {"type": "Feature", "properties": {"county": "新北市", "town": "板橋區", "village": "深丘里"}, "geometry": {"type": "MultiPolygon", "coordinates": [[[[121.46816902888, 25.013071577461], [121.4685980873, 25.013271051387], [121.47026236557, 25.010907149915], [121.4717074479, 25.011751925547], [121.4720191786, 25.01172132131], [121.47239511205, 25.011939262943], [121.47258372565, 25.011683321752], [121.47341777711, 25.012239295881], [121.47392811735, 25.011683197237], [121.47318345444, 25.010483441522], [121.47333467737, 25.010217420114], [121.47271587323, 25.009990957546], [121.47292904732, 25.00962676317], [121.47011542642, 25.00846398383], [121.46971727166, 25.00918928168], [121.46782138438, 25.008974135771], [121.46578668121, 25.008503878584], [121.46496113183, 25.008801260766], [121.46455819114, 25.00769926183], [121.46425895671, 25.007657668045], [121.46428551063, 25.00750571579], [121.46413751835, 25.007483965666], [121.46407518027, 25.007816030736], [121.46172019129, 25.007435329019], [121.46137445027, 25.007646357784], [121.46153326293, 25.007840140723], [121.46189293042, 25.007611504011], [121.46321905065, 25.009391688713], [121.46327865541, 25.009018971431], [121.46374865528, 25.009212165919], [121.46423866543, 25.01034802701], [121.46384608931, 25.011067964477], [121.46816902888, 25.013071577461]]]]}, "id": "A6501-065-00"}, {"type": "Feature", "properties": {"county": "新北市", "town": "板橋區", "village": "東安里"}, "geometry": {"type": "MultiPolygon", "coordinates": [[[[121.47325980573, 25.013162902703], [121.47438328802, 25.012104846536], [121.47416290165, 25.011961360535], [121.47397640924, 25.0121502059], [121.47371617066, 25.011927385725], [121.47341777711, 25.012239295881], [121.47258372565, 25.011683321752], [121.47239511205, 25.011939262943], [121.4720191786, 25.01172132131], [121.4717074479, 25.011751925547], [121.47026236557, 25.010907149915], [121.46982369021, 25.011557263914], [121.47285705459, 25.01316998724], [121.47325980573, 25.013162902703]]]]}, "id": "A6501-122-00"}, {"type": "Feature", "properties": {"county": "新北市", "town": "新莊區", "village": "光華里"}, "geometry": {"type": "MultiPolygon", "coordinates": [[[[121.42604832518, 25.013286906864], [121.42665480771, 25.013298535176], [121.4268614572, 25.013075640643], [121.42786947227, 25.012902365243], [121.4293248294, 25.011776085003], [121.4294339431, 25.011886870134], [121.43003960891, 25.011463072138], [121.4298585299, 25.011359609707], [121.42960147974, 25.011564290609], [121.42924717417, 25.011218264997], [121.42950362088, 25.010468381235], [121.42913040118, 25.009910172091], [121.43058673322, 25.008777624691], [121.42930432885, 25.007654231445], [121.42899725044, 25.008012940656], [121.42915158061, 25.008284541535], [121.42888683598, 25.008186075275], [121.42827844433, 25.008435225778], [121.42807854108, 25.008571507921], [121.42806298411, 25.008798633826], [121.42781038085, 25.008512868495], [121.42724407336, 25.008491200918], [121.4271965173, 25.008209178872], [121.42688474836, 25.008253233418], [121.42687442791, 25.008506348153], [121.42652326204, 25.008950773499], [121.42632283356, 25.009882517706], [121.42671495115, 25.009865862811], [121.42648021312, 25.010186345998], [121.42654056744, 25.01036467774], [121.42690092191, 25.010213580497], [121.42709733484, 25.010319108834], [121.4270270541, 25.0105314934], [121.426782389, 25.010462311084], [121.42651884865, 25.010677778701], [121.42645252302, 25.011207524747], [121.42617502955, 25.011500771853], [121.42622078527, 25.011711559499], [121.42650815346, 25.011887434753], [121.42604832518, 25.013286906864]]]]}, "id": "A6505-038-00"}, {"type": "Feature", "properties": {"county": "新北市", "town": "板橋區", "village": "湳興里"}, "geometry": {"type": "MultiPolygon", "coordinates": [[[[121.45144303573, 25.013183283144], [121.45178066149, 25.013219541481], [121.45343650971, 25.008019803857], [121.45439434644, 25.006223708596], [121.45656120334, 25.005304867301], [121.45575955981, 25.004551502754], [121.45483190374, 25.004038241095], [121.45282710351, 25.003709830733], [121.45276725266, 25.004725873569], [121.45190322356, 25.008690544346], [121.45178874069, 25.011015153412], [121.45124082967, 25.013161567459], [121.45144303573, 25.013183283144]]]]}, "id": "A6501-006-00"}, {"type": "Feature", "properties": {"county": "新北市", "town": "永和區", "village": "保安里"}, "geometry": {"type": "MultiPolygon", "coordinates": [[[[121.50633895463, 25.012603515499], [121.50673015688, 25.012882894878], [121.51004291943, 25.009602886997], [121.50564452513, 25.006006570602], [121.50366412803, 25.007032124782], [121.50253806296, 25.007150537173], [121.50494665952, 25.009104179236], [121.50484871212, 25.011671008873], [121.50633895463, 25.012603515499]]]]}, "id": "A6504-013-00"}, {"type": "Feature", "properties": {"county": "新北市", "town": "板橋區", "village": "海山里"}, "geometry": {"type": "MultiPolygon", "coordinates": [[[[121.47566447662, 25.012837523707], [121.47579595615, 25.012904529039], [121.47684795569, 25.01205073508], [121.47846754553, 25.011223860673], [121.47681374893, 25.011340078902], [121.47614567491, 25.011168681807], [121.47550172496, 25.010725158755], [121.47518221508, 25.010092431427], [121.47371767433, 25.00848478779], [121.47215865825, 25.007181694669], [121.47130552632, 25.008942368661], [121.47292904732, 25.00962676317], [121.47271587323, 25.009990957546], [121.47333467737, 25.010217420114], [121.47318345444, 25.010483441522], [121.47392811735, 25.011683197237], [121.47371617066, 25.011927385725], [121.47397640924, 25.0121502059], [121.47416290165, 25.011961360535], [121.47442115053, 25.012068880312], [121.47566447662, 25.012837523707]]]]}, "id": "A6501-057-00"}, {"type": "Feature", "properties": {"county": "新北市", "town": "永和區", "village": "秀成里"}, "geometry": {"type": "MultiPolygon", "coordinates": [[[[121.53193420463, 25.00852334835], [121.53238291806, 25.007763929556], [121.53235881163, 25.00637997496], [121.53358964106, 25.003909545189], [121.53421377793, 25.003157817103], [121.52787648819, 25.0015281413], [121.52681320516, 25.001446135321], [121.52723164932, 25.005693610853], [121.52709568124, 25.005810477076], [121.53193420463, 25.00852334835]]]]}, "id": "A6504-021-00"}, {"type": "Feature", "properties": {"county": "新北市", "town": "中和區", "village": "福美里"}, "geometry": {"type": "MultiPolygon", "coordinates": [[[[121.50009159194, 25.008220504699], [121.50063078231, 25.00796386574], [121.50020915452, 25.007555323291], [121.50026044227, 25.007339583823], [121.50055453004, 25.007315840701], [121.50065955432, 25.007231484772], [121.50051608915, 25.007105865134], [121.50076690967, 25.006991977563], [121.50141741908, 25.006960801945], [121.50203961769, 25.006719615038], [121.50157254567, 25.006041756613], [121.50296368433, 25.005677433292], [121.50340705511, 25.004749104276], [121.50215152631, 25.00429666006], [121.50112631394, 25.004839510981], [121.50060919357, 25.004612728087], [121.50061118844, 25.004883231046], [121.50037682817, 25.004722129493], [121.49956729132, 25.005779259609], [121.49926470706, 25.006651848112], [121.49882388886, 25.006643305043], [121.49871531115, 25.006952913193], [121.49829286583, 25.00684002095], [121.49801906177, 25.007498177648], [121.49845507948, 25.007651186884], [121.4985165277, 25.008477718582], [121.498855705, 25.00836990827], [121.49943359157, 25.008605703466], [121.50009159194, 25.008220504699]]]]}, "id": "A6503-015-00"}, {"type": "Feature", "properties": {"county": "新北市", "town": "板橋區", "village": "僑中里"}, "geometry": {"type": "MultiPolygon", "coordinates": [[[[121.44423126443, 25.008509692027], [121.44432618934, 25.008727640739], [121.44614003055, 25.008456305047], [121.44537965755, 25.005290193074], [121.44490237243, 25.004298513075], [121.44391113955, 25.004362445682], [121.44397059357, 25.006990245562], [121.44412445366, 25.00725876242], [121.44423126443, 25.008509692027]]]]}, "id": "A6501-091-00"}, {"type": "Feature", "properties": {"county": "新北市", "town": "板橋區", "village": "新興里"}, "geometry": {"type": "MultiPolygon", "coordinates": [[[[121.45413790211, 25.008664505571], [121.45433118955, 25.008670326148], [121.45432273606, 25.008438304953], [121.45449859465, 25.008337385918], [121.45479459333, 25.008419436576], [121.45489412745, 25.008241891679], [121.455216497, 25.008150163911], [121.45527475058, 25.008271504112], [121.45590315467, 25.007919798245], [121.45771972703, 25.006634266391], [121.45656120334, 25.005304867301], [121.45439434644, 25.006223708596], [121.45377187331, 25.007260971896], [121.45321423791, 25.008621817475], [121.45413790211, 25.008664505571]]]]}, "id": "A6501-007-00"}, {"type": "Feature", "properties": {"county": "新北市", "town": "板橋區", "village": "國泰里"}, "geometry": {"type": "MultiPolygon", "coordinates": [[[[121.46456659642, 25.007890197858], [121.46470522325, 25.008203253911], [121.46713726085, 25.007210294064], [121.46751220462, 25.007259047206], [121.46774661341, 25.00569474856], [121.46809427996, 25.005088245751], [121.46794720936, 25.005021001671], [121.46806810367, 25.004600699775], [121.4679451732, 25.004145121821], [121.46720440469, 25.004005581545], [121.46703428347, 25.004700089676], [121.46478448533, 25.005415619072], [121.46479790235, 25.005643046749], [121.46430446896, 25.005592580132], [121.46418513137, 25.006497460149], [121.46391333293, 25.006474584803], [121.46389651491, 25.006587590666], [121.4640641068, 25.006555638041], [121.46396862179, 25.007096424352], [121.4640968356, 25.007117603493], [121.46396589688, 25.007458678737], [121.46455819114, 25.00769926183], [121.46456659642, 25.007890197858]]]]}, "id": "A6501-073-00"}, {"type": "Feature", "properties": {"county": "新北市", "town": "中和區", "village": "佳和里"}, "geometry": {"type": "MultiPolygon", "coordinates": [[[[121.50051822245, 25.007833957546], [121.50063078231, 25.00796386574], [121.50288081171, 25.007019425696], [121.50366412803, 25.007032124782], [121.50564452513, 25.006006570602], [121.50183318736, 25.002955388737], [121.50067850621, 25.002743444582], [121.50090808518, 25.003538351], [121.50026409557, 25.004650276235], [121.50061118844, 25.004883231046], [121.50060919357, 25.004612728087], [121.50112631394, 25.004839510981], [121.50215152631, 25.00429666006], [121.50340705511, 25.004749104276], [121.50296368433, 25.005677433292], [121.50157254567, 25.006041756613], [121.50203961769, 25.006719615038], [121.50141741908, 25.006960801945], [121.50076690967, 25.006991977563], [121.50051608915, 25.007105865134], [121.50065955432, 25.007231484772], [121.50055453004, 25.007315840701], [121.50026044227, 25.007339583823], [121.50020915452, 25.007555323291], [121.50051822245, 25.007833957546]]]]}, "id": "A6503-019-00"}, {"type": "Feature", "properties": {"county": "新北市", "town": "永和區", "village": "永貞里"}, "geometry": {"type": "MultiPolygon", "coordinates": [[[[121.52157209767, 25.007855787182], [121.52174206758, 25.007873682433], [121.52187341104, 25.007222157933], [121.52230782655, 25.007242573154], [121.52225036399, 25.007074847183], [121.52189349005, 25.007042591066], [121.52190219332, 25.006549486384], [121.52231981013, 25.006269385138], [121.52188097029, 25.005626615726], [121.52090708822, 25.006114977687], [121.52071333642, 25.005688313007], [121.51977178892, 25.004696068335], [121.51866246031, 25.005602661446], [121.51922134459, 25.006580267803], [121.51912500496, 25.007592484606], [121.52157209767, 25.007855787182]]]]}, "id": "A6504-006-00"}, {"type": "Feature", "properties": {"county": "新北市", "town": "永和區", "village": "永樂里"}, "geometry": {"type": "MultiPolygon", "coordinates": [[[[121.51353326257, 25.007428337866], [121.51390546701, 25.007894845238], [121.51391112202, 25.006956259497], [121.51446809777, 25.006541527693], [121.51435544002, 25.004900533712], [121.51455794566, 25.003804975188], [121.51414407731, 25.004084951609], [121.51255616095, 25.004356336015], [121.51304507355, 25.004987404088], [121.51300715427, 25.006757492064], [121.51353326257, 25.007428337866]]]]}, "id": "A6504-061-00"}, {"type": "Feature", "properties": {"county": "新北市", "town": "永和區", "village": "永興里"}, "geometry": {"type": "MultiPolygon", "coordinates": [[[[121.5190951654, 25.012352588592], [121.51948838273, 25.012482678542], [121.52038891546, 25.010302637914], [121.517235678, 25.009873384146], [121.51738792165, 25.010478158333], [121.5169305561, 25.011010022472], [121.51680096716, 25.011639523269], [121.5190951654, 25.012352588592]]]]}, "id": "A6504-054-00"}, {"type": "Feature", "properties": {"county": "新北市", "town": "板橋區", "village": "挹秀里"}, "geometry": {"type": "MultiPolygon", "coordinates": [[[[121.46093141341, 25.012046295017], [121.46185518167, 25.011344399582], [121.45845217634, 25.007452300755], [121.45810389775, 25.008466886221], [121.45781711434, 25.00857156996], [121.45773204199, 25.009317664656], [121.45726257112, 25.009297619957], [121.45721111752, 25.009416059113], [121.4573799131, 25.009538515708], [121.4573625227, 25.010248794804], [121.45797938985, 25.010304591934], [121.46009573947, 25.012618616067], [121.46093141341, 25.012046295017]]]]}, "id": "A6501-005-00"}, {"type": "Feature", "properties": {"county": "新北市", "town": "板橋區", "village": "光華里"}, "geometry": {"type": "MultiPolygon", "coordinates": [[[[121.4538411773, 25.012564510874], [121.45416314164, 25.012618744293], [121.45469685839, 25.011262839639], [121.45420490342, 25.011106300999], [121.45394774218, 25.010798924421], [121.45436078197, 25.009228322224], [121.45412243497, 25.009191850461], [121.45413790211, 25.008664505571], [121.45321423791, 25.008621817475], [121.45233909417, 25.011429358457], [121.45252829692, 25.011476516666], [121.45247359085, 25.011625692442], [121.45380781312, 25.011970871426], [121.4537584155, 25.0121131926], [121.45396290255, 25.012166328637], [121.45368126869, 25.012538462272], [121.4538411773, 25.012564510874]]]]}, "id": "A6501-013-00"}, {"type": "Feature", "properties": {"county": "新北市", "town": "永和區", "village": "正興里"}, "geometry": {"type": "MultiPolygon", "coordinates": [[[[121.51512473012, 25.012270417181], [121.51680096716, 25.011639523269], [121.5169305561, 25.011010022472], [121.51738792165, 25.010478158333], [121.517235678, 25.009873384146], [121.5162660207, 25.009840546986], [121.51458937409, 25.010348279771], [121.51512473012, 25.012270417181]]]]}, "id": "A6504-053-00"}, {"type": "Feature", "properties": {"county": "新北市", "town": "永和區", "village": "信義里"}, "geometry": {"type": "MultiPolygon", "coordinates": [[[[121.51140207517, 25.012178079082], [121.51164971737, 25.012095784437], [121.5117092367, 25.01176692392], [121.51219198158, 25.011574840591], [121.51318500544, 25.012035958825], [121.51357393508, 25.012001299624], [121.51380827372, 25.012228111043], [121.51502053678, 25.0119376084], [121.51458937409, 25.010348279771], [121.51216504806, 25.010814780575], [121.51130247182, 25.010612429951], [121.51092403947, 25.011306706906], [121.51102403045, 25.012029044876], [121.51140207517, 25.012178079082]]]]}, "id": "A6504-057-00"}, {"type": "Feature", "properties": {"county": "新北市", "town": "板橋區", "village": "歡園里"}, "geometry": {"type": "MultiPolygon", "coordinates": [[[[121.43859158602, 25.012445408111], [121.4458044828, 25.01182668724], [121.44415788148, 25.009464193349], [121.44438214437, 25.009426749769], [121.44412445366, 25.00725876242], [121.44397059357, 25.006990245562], [121.44391113955, 25.004362445682], [121.43680998914, 25.005057284673], [121.43682502087, 25.00706630065], [121.43745925856, 25.010118068775], [121.43859158602, 25.012445408111]]]]}, "id": "A6501-126-00"}, {"type": "Feature", "properties": {"county": "新北市", "town": "板橋區", "village": "大觀里"}, "geometry": {"type": "MultiPolygon", "coordinates": [[[[121.44587326742, 25.011819799257], [121.44749917891, 25.011567790423], [121.44678726464, 25.01060743277], [121.44614003055, 25.008456305047], [121.44432618934, 25.008727640739], [121.44438214437, 25.009426749769], [121.44415788148, 25.009464193349], [121.44587326742, 25.011819799257]]]]}, "id": "A6501-125-00"}, {"type": "Feature", "properties": {"county": "新北市", "town": "永和區", "village": "竹林里"}, "geometry": {"type": "MultiPolygon", "coordinates": [[[[121.5211369113, 25.01154574951], [121.52148214363, 25.011556367039], [121.52163727418, 25.011271951574], [121.52275637767, 25.011162021753], [121.52255612727, 25.010265333354], [121.52724266645, 25.010715448495], [121.52566102021, 25.009179579211], [121.52515181243, 25.008887393472], [121.52498832967, 25.009107375798], [121.5231394233, 25.009855803543], [121.52219840123, 25.009637809667], [121.52170742519, 25.009287944075], [121.52063293182, 25.009101106693], [121.52038891546, 25.010302637914], [121.51995468154, 25.011395401152], [121.52110190732, 25.011422807063], [121.5211369113, 25.01154574951]]]]}, "id": "A6504-023-00"}, {"type": "Feature", "properties": {"county": "新北市", "town": "中和區", "village": "員富里"}, "geometry": {"type": "MultiPolygon", "coordinates": [[[[121.48120049566, 25.011590905775], [121.48208895448, 25.011206597422], [121.48198890141, 25.009796857152], [121.48211861215, 25.009132621964], [121.48197393397, 25.008629800485], [121.48147096152, 25.009146818717], [121.4807800861, 25.009540282085], [121.4801860441, 25.008819878478], [121.47950190859, 25.009644902087], [121.47771179433, 25.009231534802], [121.47577387614, 25.007591752523], [121.47540310744, 25.007435973418], [121.47502119845, 25.00851286338], [121.4764201682, 25.009387636592], [121.47550172496, 25.010725158755], [121.4756397507, 25.010831440248], [121.47670879192, 25.011332830823], [121.47846754553, 25.011223860673], [121.47880354978, 25.011058159671], [121.47882745835, 25.011321254609], [121.47903422188, 25.011392173042], [121.48120049566, 25.011590905775]]]]}, "id": "A6503-088-00"}, {"type": "Feature", "properties": {"county": "新北市", "town": "板橋區", "village": "赤松里"}, "geometry": {"type": "MultiPolygon", "coordinates": [[[[121.45539193304, 25.011426091075], [121.45562554968, 25.011486141501], [121.45591926163, 25.0103811684], [121.45561697659, 25.010292255331], [121.45572501141, 25.009960286551], [121.45589515327, 25.010008287065], [121.45576582199, 25.009725315801], [121.45608275299, 25.009756034033], [121.45602320425, 25.010047948016], [121.45682255163, 25.010147884331], [121.45686498854, 25.009911463802], [121.45728868428, 25.009949708664], [121.45734036712, 25.00954000058], [121.45721111752, 25.009416059113], [121.45567677384, 25.009378150656], [121.45571168663, 25.009141346293], [121.45559262715, 25.009119003369], [121.45550193364, 25.009499856259], [121.45478462488, 25.009329416312], [121.45454335526, 25.011231058419], [121.45539193304, 25.011426091075]]]]}, "id": "A6501-003-00"}, {"type": "Feature", "properties": {"county": "新北市", "town": "板橋區", "village": "留侯里"}, "geometry": {"type": "MultiPolygon", "coordinates": [[[[121.45452307783, 25.011226859995], [121.45478462488, 25.009329416312], [121.45550193364, 25.009499856259], [121.45559262715, 25.009119003369], [121.45571168663, 25.009141346293], [121.45567677384, 25.009378150656], [121.45634678478, 25.009442369461], [121.45625343009, 25.008239624724], [121.45643915202, 25.008140184473], [121.45622681059, 25.007647850889], [121.45527475058, 25.008271504112], [121.455216497, 25.008150163911], [121.45479459333, 25.008419436576], [121.45449859465, 25.008337385918], [121.45432273606, 25.008438304953], [121.45433118955, 25.008670326148], [121.45413790211, 25.008664505571], [121.45412243497, 25.009191850461], [121.45436078197, 25.009228322224], [121.45392311476, 25.010679725515], [121.45410938407, 25.011042847395], [121.45452307783, 25.011226859995]]]]}, "id": "A6501-001-00"}, {"type": "Feature", "properties": {"county": "新北市", "town": "永和區", "village": "前溪里"}, "geometry": {"type": "MultiPolygon", "coordinates": [[[[121.51167591058, 25.010784682589], [121.51216504806, 25.010814780575], [121.51458937409, 25.010348279771], [121.51408891773, 25.008658878231], [121.51291035597, 25.008694729222], [121.51253680203, 25.009930914609], [121.51093464423, 25.009919723741], [121.51061310719, 25.010045338735], [121.51167591058, 25.010784682589]]]]}, "id": "A6504-043-00"}, {"type": "Feature", "properties": {"county": "新北市", "town": "永和區", "village": "河濱里"}, "geometry": {"type": "MultiPolygon", "coordinates": [[[[121.52566102021, 25.009179579211], [121.52724266645, 25.010715448495], [121.52842623844, 25.010151136638], [121.5301671876, 25.009846078956], [121.53140614392, 25.009260006858], [121.53199190652, 25.008555980845], [121.52604194272, 25.005240866316], [121.525675363, 25.005848910467], [121.52548911954, 25.005683029385], [121.52412011978, 25.006385485142], [121.52489584082, 25.007438601001], [121.52476192559, 25.007597261716], [121.52522197661, 25.007918876365], [121.52474494752, 25.008692225876], [121.52566102021, 25.009179579211]]]]}, "id": "A6504-048-00"}, {"type": "Feature", "properties": {"county": "新北市", "town": "中和區", "village": "員山里"}, "geometry": {"type": "MultiPolygon", "coordinates": [[[[121.47550172496, 25.010725158755], [121.4764201682, 25.009387636592], [121.47502119845, 25.00851286338], [121.47540310744, 25.007435973418], [121.47577387614, 25.007591752523], [121.47780300049, 25.009275755193], [121.47950190859, 25.009644902087], [121.4801860441, 25.008819878478], [121.4807800861, 25.009540282085], [121.48147096152, 25.009146818717], [121.48197393397, 25.008629800485], [121.4818601865, 25.008119588363], [121.48265198424, 25.006244398564], [121.48185430255, 25.006276238923], [121.48051986177, 25.00661345723], [121.47985306686, 25.00647141567], [121.47998055748, 25.005948584717], [121.479359003, 25.006029231809], [121.47762679782, 25.005637256083], [121.47383013045, 25.006198832644], [121.47401412718, 25.006881909417], [121.47346393042, 25.006798969492], [121.47302068591, 25.007946157209], [121.47411169792, 25.008882705636], [121.47518221508, 25.010092431427], [121.47550172496, 25.010725158755]]]]}, "id": "A6503-057-00"}, {"type": "Feature", "properties": {"county": "新北市", "town": "永和區", "village": "豫溪里"}, "geometry": {"type": "MultiPolygon", "coordinates": [[[[121.52002721498, 25.010242234694], [121.52038891546, 25.010302637914], [121.52073729943, 25.008522795574], [121.51996147556, 25.008447859936], [121.51915543514, 25.009096881503], [121.51687631536, 25.009062835532], [121.51654272241, 25.008687665788], [121.51491805762, 25.008900282325], [121.51494799333, 25.009101938554], [121.51440095955, 25.009080627535], [121.51436499937, 25.008912812323], [121.51416035844, 25.008918757167], [121.51458937409, 25.010348279771], [121.5162660207, 25.009840546986], [121.52002721498, 25.010242234694]]]]}, "id": "A6504-003-00"}, {"type": "Feature", "properties": {"county": "新北市", "town": "永和區", "village": "和平里"}, "geometry": {"type": "MultiPolygon", "coordinates": [[[[121.51127979596, 25.009931720427], [121.51253680203, 25.009930914609], [121.51291035597, 25.008694729222], [121.51199244759, 25.008427924491], [121.51148268161, 25.008465975248], [121.51146476976, 25.008235255024], [121.51080336386, 25.008132069507], [121.50849893579, 25.006372807344], [121.50797588611, 25.006934664662], [121.50741115646, 25.006561707657], [121.5069289856, 25.007069879561], [121.51061310719, 25.010045338735], [121.51127979596, 25.009931720427]]]]}, "id": "A6504-044-00"}, {"type": "Feature", "properties": {"county": "新北市", "town": "永和區", "village": "福林里"}, "geometry": {"type": "MultiPolygon", "coordinates": [[[[121.52286683337, 25.009707512777], [121.5231394233, 25.009855803543], [121.52498832967, 25.009107375798], [121.52515181243, 25.008887393472], [121.52338336559, 25.008064946405], [121.52086287524, 25.007780442051], [121.52063293182, 25.009101106693], [121.52170742519, 25.009287944075], [121.52219840123, 25.009637809667], [121.52286683337, 25.009707512777]]]]}, "id": "A6504-001-00"}, {"type": "Feature", "properties": {"county": "新北市", "town": "板橋區", "village": "鄉雲里"}, "geometry": {"type": "MultiPolygon", "coordinates": [[[[121.46021197431, 25.009432971531], [121.46079062135, 25.009071297486], [121.45936984378, 25.007114761895], [121.45997658967, 25.003666856242], [121.45995671581, 25.003025763606], [121.45693104967, 24.996819659024], [121.45619476015, 24.996313581143], [121.45521791987, 24.996628167166], [121.45652194598, 25.000563825578], [121.45592275576, 25.001343336703], [121.45627272761, 25.00156194133], [121.45755585652, 25.00144278859], [121.45781386635, 25.001607317245], [121.45802270452, 25.00215184907], [121.45869091595, 25.002621920318], [121.45892277314, 25.003576209079], [121.45885719911, 25.005237758134], [121.45838677074, 25.006232947708], [121.45765932478, 25.006564477485], [121.46021197431, 25.009432971531]]]]}, "id": "A6501-077-00"}, {"type": "Feature", "properties": {"county": "新北市", "town": "板橋區", "village": "流芳里"}, "geometry": {"type": "MultiPolygon", "coordinates": [[[[121.45634678478, 25.009442369461], [121.45773204199, 25.009317664656], [121.45781711434, 25.00857156996], [121.45810389775, 25.008466886221], [121.45845217634, 25.007452300755], [121.45771972703, 25.006634266391], [121.45622681059, 25.007647850889], [121.45643915202, 25.008140184473], [121.45625343009, 25.008239624724], [121.45634678478, 25.009442369461]]]]}, "id": "A6501-002-00"}, {"type": "Feature", "properties": {"county": "新北市", "town": "永和區", "village": "大新里"}, "geometry": {"type": "MultiPolygon", "coordinates": [[[[121.51416035844, 25.008918757167], [121.51436499937, 25.008912812323], [121.51440095955, 25.009080627535], [121.51494799333, 25.009101938554], [121.51491805762, 25.008900282325], [121.51654272241, 25.008687665788], [121.51681195349, 25.008914441673], [121.51695096973, 25.007375144507], [121.5149966584, 25.007171819815], [121.51390546701, 25.007894845238], [121.51416035844, 25.008918757167]]]]}, "id": "A6504-032-00"}, {"type": "Feature", "properties": {"county": "新北市", "town": "永和區", "village": "光明里"}, "geometry": {"type": "MultiPolygon", "coordinates": [[[[121.5183231806, 25.009090481812], [121.51915543514, 25.009096881503], [121.51996147556, 25.008447859936], [121.52073729943, 25.008522795574], [121.52086287524, 25.007780442051], [121.51695096973, 25.007375144507], [121.5167946997, 25.009048401498], [121.5183231806, 25.009090481812]]]]}, "id": "A6504-004-00"}, {"type": "Feature", "properties": {"county": "新北市", "town": "板橋區", "village": "民族里"}, "geometry": {"type": "MultiPolygon", "coordinates": [[[[121.46950061539, 25.009162878566], [121.46971727166, 25.00918928168], [121.47011542642, 25.00846398383], [121.47130552632, 25.008942368661], [121.47215865825, 25.007181694669], [121.47107018071, 25.006629871751], [121.46578668121, 25.008503878584], [121.46782138438, 25.008974135771], [121.46950061539, 25.009162878566]]]]}, "id": "A6501-072-00"}, {"type": "Feature", "properties": {"county": "新北市", "town": "板橋區", "village": "景星里"}, "geometry": {"type": "MultiPolygon", "coordinates": [[[[121.46079062135, 25.009071297486], [121.46141085566, 25.008760941999], [121.46082153874, 25.007983832836], [121.46172019129, 25.007435329019], [121.46217597238, 25.00508699064], [121.45980308624, 25.004719259808], [121.45936984378, 25.007114761895], [121.46079062135, 25.009071297486]]]]}, "id": "A6501-075-00"}, {"type": "Feature", "properties": {"county": "新北市", "town": "永和區", "village": "協和里"}, "geometry": {"type": "MultiPolygon", "coordinates": [[[[121.51354401153, 25.008755836113], [121.51408891773, 25.008658878231], [121.51384137619, 25.007751776585], [121.51306111142, 25.006900776635], [121.51295970854, 25.006489764596], [121.5124077682, 25.006799556541], [121.51195342331, 25.006445739195], [121.51208498499, 25.006287278463], [121.51167775907, 25.005885624874], [121.51006217501, 25.007616799718], [121.51080336386, 25.008132069507], [121.51146476976, 25.008235255024], [121.51148268161, 25.008465975248], [121.51199244759, 25.008427924491], [121.51354401153, 25.008755836113]]]]}, "id": "A6504-027-00"}, {"type": "Feature", "properties": {"county": "新北市", "town": "永和區", "village": "永福里"}, "geometry": {"type": "MultiPolygon", "coordinates": [[[[121.52468316614, 25.008662744921], [121.52522197661, 25.007918876365], [121.52476192559, 25.007597261716], [121.52489584082, 25.007438601001], [121.52412011978, 25.006385485142], [121.52300059166, 25.007021456601], [121.52273563785, 25.006899413175], [121.52231981013, 25.006269385138], [121.52190219332, 25.006549486384], [121.52189349005, 25.007042591066], [121.52225036399, 25.007074847183], [121.52230782655, 25.007242573154], [121.52187341104, 25.007222157933], [121.52174206758, 25.007873682433], [121.52338336559, 25.008064946405], [121.52468316614, 25.008662744921]]]]}, "id": "A6504-007-00"}, {"type": "Feature", "properties": {"county": "新北市", "town": "板橋區", "village": "福祿里"}, "geometry": {"type": "MultiPolygon", "coordinates": [[[[121.46496113183, 25.008801260766], [121.47094357975, 25.006667562654], [121.46954312088, 25.005851173689], [121.46801756223, 25.004480753293], [121.46794720936, 25.005021001671], [121.46809427996, 25.005088245751], [121.46774661341, 25.00569474856], [121.46751220462, 25.007259047206], [121.46713726085, 25.007210294064], [121.46470522325, 25.008203253911], [121.46496113183, 25.008801260766]]]]}, "id": "A6501-071-00"}, {"type": "Feature", "properties": {"county": "新北市", "town": "板橋區", "village": "自強里"}, "geometry": {"type": "MultiPolygon", "coordinates": [[[[121.45382432082, 25.01506155633], [121.45649504401, 25.014753165407], [121.4561245205, 25.011968026894], [121.45576365187, 25.011927238933], [121.45523011761, 25.011579086982], [121.45539193304, 25.011426091075], [121.45469685839, 25.011262839639], [121.45392453206, 25.013243792502], [121.45382139659, 25.013910180451], [121.45364166599, 25.013970772596], [121.45379231677, 25.014914481106], [121.45366255029, 25.01493952581], [121.45382432082, 25.01506155633]]]]}, "id": "A6501-011-00"}, {"type": "Feature", "properties": {"county": "新北市", "town": "永和區", "village": "大同里"}, "geometry": {"type": "MultiPolygon", "coordinates": [[[[121.50733934982, 25.014901509775], [121.50778343956, 25.014506058447], [121.50720013202, 25.013737061689], [121.506306147, 25.012993138141], [121.50502410916, 25.012496207463], [121.5050133003, 25.012730546987], [121.50733934982, 25.014901509775]]]]}, "id": "A6504-042-00"}, {"type": "Feature", "properties": {"county": "新北市", "town": "板橋區", "village": "長安里"}, "geometry": {"type": "MultiPolygon", "coordinates": [[[[121.47211979421, 25.014718011645], [121.47538932377, 25.012647709752], [121.47442115053, 25.012068880312], [121.4733360462, 25.013110858225], [121.47295440218, 25.013195681489], [121.46982369021, 25.011557263914], [121.4685980873, 25.013271051387], [121.47192372665, 25.0148426025], [121.47211979421, 25.014718011645]]]]}, "id": "A6501-069-00"}, {"type": "Feature", "properties": {"county": "新北市", "town": "新莊區", "village": "光和里"}, "geometry": {"type": "MultiPolygon", "coordinates": [[[[121.4259718382, 25.014831367815], [121.42802800986, 25.014716662663], [121.42782639276, 25.012851836449], [121.42746380037, 25.013042940939], [121.4268614572, 25.013075640643], [121.42665480771, 25.013298535176], [121.42604832518, 25.013286906864], [121.4259718382, 25.014831367815]]]]}, "id": "A6505-084-00"}, {"type": "Feature", "properties": {"county": "新北市", "town": "永和區", "village": "中興里"}, "geometry": {"type": "MultiPolygon", "coordinates": [[[[121.51783343991, 25.014137145733], [121.51948838273, 25.012482678542], [121.51680096716, 25.011639523269], [121.51512473012, 25.012270417181], [121.51528582179, 25.012901709084], [121.51617793256, 25.013008859408], [121.51679105913, 25.013509283392], [121.51701993407, 25.01344402064], [121.51783343991, 25.014137145733]]]]}, "id": "A6504-018-00"}, {"type": "Feature", "properties": {"county": "新北市", "town": "板橋區", "village": "光榮里"}, "geometry": {"type": "MultiPolygon", "coordinates": [[[[121.45152811798, 25.01409485343], [121.45175932246, 25.013896866418], [121.45269409899, 25.013751817074], [121.45277271948, 25.014018294626], [121.45340682933, 25.013713076947], [121.45380273743, 25.013702930457], [121.45416314164, 25.012618744293], [121.45368126869, 25.012538462272], [121.45396290255, 25.012166328637], [121.4537584155, 25.0121131926], [121.45380781312, 25.011970871426], [121.45247359085, 25.011625692442], [121.45252829692, 25.011476516666], [121.45233909417, 25.011429358457], [121.45152811798, 25.01409485343]]]]}, "id": "A6501-114-00"}, {"type": "Feature", "properties": {"county": "新北市", "town": "板橋區", "village": "福壽里"}, "geometry": {"type": "MultiPolygon", "coordinates": [[[[121.47703241788, 25.013683857577], [121.47807348699, 25.012588723061], [121.4783598723, 25.012512861111], [121.47892978595, 25.012530619648], [121.47898531067, 25.013277232395], [121.48079774641, 25.013320591366], [121.48251242673, 25.013819579759], [121.48172235865, 25.012904159794], [121.481661315, 25.012611456004], [121.48222991431, 25.012250618344], [121.48208895448, 25.011206597422], [121.48144686158, 25.011538327353], [121.4806338074, 25.011618787347], [121.47889644475, 25.011350903056], [121.47880354978, 25.011058159671], [121.47684795569, 25.01205073508], [121.47579595615, 25.012904529039], [121.47703241788, 25.013683857577]]]]}, "id": "A6501-056-00"}, {"type": "Feature", "properties": {"county": "新北市", "town": "永和區", "village": "後溪里"}, "geometry": {"type": "MultiPolygon", "coordinates": [[[[121.5148367599, 25.013508448977], [121.51545518153, 25.013555634491], [121.51502053678, 25.0119376084], [121.51380827372, 25.012228111043], [121.51357393508, 25.012001299624], [121.51318500544, 25.012035958825], [121.51219198158, 25.011574840591], [121.5117092367, 25.01176692392], [121.51168159457, 25.011919699248], [121.51242431674, 25.012107293295], [121.51230131487, 25.012380212364], [121.51254611232, 25.012508664345], [121.51252957179, 25.013229326196], [121.5148367599, 25.013508448977]]]]}, "id": "A6504-058-00"}, {"type": "Feature", "properties": {"county": "新北市", "town": "中和區", "village": "福善里"}, "geometry": {"type": "MultiPolygon", "coordinates": [[[[121.49596843804, 25.006375316187], [121.49656233158, 25.006453858524], [121.49646688413, 25.005884265787], [121.49658050093, 25.00566818218], [121.49885451423, 25.004473707911], [121.5000583245, 25.002689863156], [121.4967165757, 25.002400302827], [121.49651766966, 25.004023664788], [121.4956013649, 25.006280144347], [121.49596843804, 25.006375316187]]]]}, "id": "A6503-014-00"}, {"type": "Feature", "properties": {"county": "新北市", "town": "板橋區", "village": "華福里"}, "geometry": {"type": "MultiPolygon", "coordinates": [[[[121.45765932478, 25.006564477485], [121.45838677074, 25.006232947708], [121.45881436467, 25.005365742066], [121.45892277314, 25.003576209079], [121.45757856628, 25.003933747982], [121.45786034636, 25.004755789648], [121.45656120334, 25.005304867301], [121.45765932478, 25.006564477485]]]]}, "id": "A6501-111-00"}, {"type": "Feature", "properties": {"county": "新北市", "town": "中和區", "village": "福真里"}, "geometry": {"type": "MultiPolygon", "coordinates": [[[[121.49526882033, 25.006175995484], [121.4956013649, 25.006280144347], [121.49632066913, 25.004637934576], [121.4967165757, 25.002400302827], [121.4944365141, 25.002181721915], [121.4944960772, 25.002935176826], [121.49472924682, 25.003311544804], [121.49430043802, 25.00499444718], [121.49487736641, 25.00520091854], [121.49468972158, 25.005562251981], [121.49474862393, 25.005986872422], [121.49526882033, 25.006175995484]]]]}, "id": "A6503-013-00"}, {"type": "Feature", "properties": {"county": "新北市", "town": "中和區", "village": "民有里"}, "geometry": {"type": "MultiPolygon", "coordinates": [[[[121.47369110536, 25.006223638008], [121.47659523224, 25.005750718733], [121.47723929322, 25.004028981427], [121.47663380105, 25.003568997173], [121.47626816242, 25.00224380091], [121.47598655686, 25.001942500252], [121.47582218147, 25.001951603809], [121.47592256941, 25.003107813033], [121.47399785022, 25.002746657217], [121.47397923717, 25.005221669628], [121.47369110536, 25.006223638008]]]]}, "id": "A6503-087-00"}, {"type": "Feature", "properties": {"county": "新北市", "town": "中和區", "village": "瓦■里"}, "geometry": {"type": "MultiPolygon", "coordinates": [[[[121.50532724117, 25.005732715613], [121.50564452513, 25.006006570602], [121.50618396883, 25.0055752252], [121.50727537338, 25.005295851398], [121.50822401809, 25.004401628784], [121.508868059, 25.00421243584], [121.50900011235, 25.003756470644], [121.50866649774, 25.002463797836], [121.50789173194, 25.00244671689], [121.50723464674, 25.00155121316], [121.50632534852, 25.001901144607], [121.50687239341, 25.002538949565], [121.50659131132, 25.002941517172], [121.50598407822, 25.003477741755], [121.50502477473, 25.003886043575], [121.50397561845, 25.004624564881], [121.50532724117, 25.005732715613]]]]}, "id": "A6503-017-00"}, {"type": "Feature", "properties": {"county": "新北市", "town": "永和區", "village": "秀朗里"}, "geometry": {"type": "MultiPolygon", "coordinates": [[[[121.52709568124, 25.005810477076], [121.52723164932, 25.005693610853], [121.5267966712, 25.001267329386], [121.52508855434, 25.001561845559], [121.52531378681, 25.003951388687], [121.52423252206, 25.004181019609], [121.52709568124, 25.005810477076]]]]}, "id": "A6504-020-00"}, {"type": "Feature", "properties": {"county": "新北市", "town": "板橋區", "village": "福德里"}, "geometry": {"type": "MultiPolygon", "coordinates": [[[[121.46456139811, 25.005465100714], [121.46703428347, 25.004700089676], [121.46720440469, 25.004005581545], [121.4679451732, 25.004145121821], [121.46764144051, 25.003772974735], [121.46767925823, 25.003099649442], [121.4672334245, 25.002474433989], [121.46627150381, 25.00218148489], [121.46532633364, 25.002684017494], [121.46326426651, 25.002360802176], [121.46310635712, 25.003005066016], [121.4643970095, 25.003211509974], [121.46420194714, 25.004231499493], [121.46288314282, 25.004016925044], [121.46279362852, 25.004509107052], [121.46230106122, 25.004426849099], [121.46217597238, 25.00508699064], [121.46456139811, 25.005465100714]]]]}, "id": "A6501-074-00"}, {"type": "Feature", "properties": {"county": "新北市", "town": "板橋區", "village": "華興里"}, "geometry": {"type": "MultiPolygon", "coordinates": [[[[121.4564006941, 25.005123243236], [121.45656120334, 25.005304867301], [121.45786034636, 25.004755789648], [121.45756592735, 25.003896948229], [121.45708477048, 25.003120392389], [121.45569038821, 25.002525050437], [121.45510969429, 25.002029868493], [121.45421146987, 25.002758912416], [121.45483190374, 25.004038241095], [121.45575955981, 25.004551502754], [121.4564006941, 25.005123243236]]]]}, "id": "A6501-084-00"}, {"type": "Feature", "properties": {"county": "新北市", "town": "永和區", "village": "安和里"}, "geometry": {"type": "MultiPolygon", "coordinates": [[[[121.51292352187, 25.005056714352], [121.51304507355, 25.004987404088], [121.51291984553, 25.00478143278], [121.51006158362, 25.001497204128], [121.50866649774, 25.002463797836], [121.5090028939, 25.003876365758], [121.50923228051, 25.004017788383], [121.51292352187, 25.005056714352]]]]}, "id": "A6504-025-00"}, {"type": "Feature", "properties": {"county": "新北市", "town": "板橋區", "village": "福星里"}, "geometry": {"type": "MultiPolygon", "coordinates": [[[[121.46177025395, 25.005022880375], [121.46217597238, 25.00508699064], [121.46230106122, 25.004426849099], [121.46279362852, 25.004509107052], [121.46288314282, 25.004016925044], [121.46420194714, 25.004231499493], [121.4643970095, 25.003211509974], [121.46310635712, 25.003005066016], [121.46331451251, 25.002140607955], [121.46283848338, 25.001709167404], [121.45983236035, 25.001054110164], [121.4595575326, 25.000498679161], [121.45936814297, 25.000570594071], [121.4591495204, 25.000296513972], [121.45860330715, 25.000418014741], [121.45995671581, 25.003025763606], [121.45980308624, 25.004719259808], [121.46177025395, 25.005022880375]]]]}, "id": "A6501-076-00"}, {"type": "Feature", "properties": {"county": "新北市", "town": "中和區", "village": "平河里"}, "geometry": {"type": "MultiPolygon", "coordinates": [[[[121.48348762569, 25.004971117944], [121.48582511513, 25.004905986597], [121.48614341658, 25.003145187025], [121.48693963956, 25.001339031656], [121.48761201243, 25.000642676669], [121.48806916405, 25.000488767528], [121.48809333287, 25.000070372472], [121.4886718535, 24.998580848195], [121.4892330611, 24.998582795514], [121.48984902299, 24.996278272313], [121.48380749546, 24.996215064233], [121.4836728603, 24.996576212943], [121.48378077599, 24.999679597524], [121.4830978675, 25.00497843414], [121.48348762569, 25.004971117944]]]]}, "id": "A6503-002-00"}, {"type": "Feature", "properties": {"county": "新北市", "town": "板橋區", "village": "華貴里"}, "geometry": {"type": "MultiPolygon", "coordinates": [[[[121.45757856628, 25.003933747982], [121.45886366142, 25.003589844351], [121.45869091595, 25.002621920318], [121.45794460365, 25.002068660896], [121.45781386635, 25.001607317245], [121.45735021349, 25.001385273992], [121.45627272761, 25.00156194133], [121.45592275576, 25.001343336703], [121.45509255356, 25.00201294612], [121.45569038821, 25.002525050437], [121.45708477048, 25.003120392389], [121.45757856628, 25.003933747982]]]]}, "id": "A6501-085-00"}, {"type": "Feature", "properties": {"county": "新北市", "town": "中和區", "village": "枋寮里"}, "geometry": {"type": "MultiPolygon", "coordinates": [[[[121.50591943469, 25.003037254254], [121.50625558092, 25.003289194923], [121.5068768617, 25.002592385507], [121.50632534852, 25.001901144607], [121.50723464674, 25.00155121316], [121.50640262874, 25.000688244421], [121.50635659259, 24.999803376592], [121.50668181093, 24.999784342051], [121.50668593667, 24.999673862208], [121.50202204656, 24.999802356578], [121.50022208433, 25.00127807519], [121.50054014342, 25.001486750186], [121.50185510612, 25.001049286858], [121.50213709724, 25.002134257242], [121.50237268435, 25.002336072558], [121.50295698758, 25.002306920606], [121.50280872202, 25.001836377851], [121.50344921943, 25.002162506796], [121.50333130041, 25.002387335835], [121.5035724589, 25.002526772902], [121.50373352754, 25.002303357629], [121.50420502226, 25.002549188488], [121.50429202435, 25.002403164719], [121.50465640967, 25.002567972926], [121.50470063118, 25.002431303676], [121.50591943469, 25.003037254254]]]]}, "id": "A6503-010-00"}, {"type": "Feature", "properties": {"county": "新北市", "town": "中和區", "village": "連和里"}, "geometry": {"type": "MultiPolygon", "coordinates": [[[[121.49097896975, 25.003323338895], [121.49368901796, 25.002147907812], [121.49955362918, 25.002643344083], [121.49949486813, 25.002459439222], [121.49809180308, 25.001825430626], [121.49757458366, 25.001427626688], [121.49564656368, 24.998683367692], [121.49428516703, 24.997705808657], [121.49097896975, 25.003323338895]]]]}, "id": "A6503-007-00"}, {"type": "Feature", "properties": {"county": "新北市", "town": "永和區", "village": "民樂里"}, "geometry": {"type": "MultiPolygon", "coordinates": [[[[121.5338230356, 25.003057109106], [121.53421377793, 25.003157817103], [121.534240555, 25.002602507484], [121.53342747925, 25.001742516198], [121.5314404899, 25.001042026923], [121.53091952671, 25.000555061746], [121.5307274773, 24.999959116646], [121.53076955102, 24.998133277599], [121.52843098635, 24.998736210105], [121.52740546591, 24.998326050071], [121.52664375798, 24.998212996026], [121.52681320516, 25.001446135321], [121.52787648819, 25.0015281413], [121.5338230356, 25.003057109106]]]]}, "id": "A6504-035-00"}, {"type": "Feature", "properties": {"county": "新北市", "town": "中和區", "village": "民享里"}, "geometry": {"type": "MultiPolygon", "coordinates": [[[[121.47520742197, 25.002965725333], [121.47592256941, 25.003107813033], [121.47582218147, 25.001951603809], [121.47598655686, 25.001942500252], [121.47568701427, 25.001120911843], [121.47460287847, 25.000664705748], [121.47399785022, 25.002746657217], [121.47520742197, 25.002965725333]]]]}, "id": "A6503-056-00"}, {"type": "Feature", "properties": {"county": "新北市", "town": "永和區", "village": "永元里"}, "geometry": {"type": "MultiPolygon", "coordinates": [[[[121.52056129602, 25.002943124435], [121.5224350049, 25.001761610162], [121.52185238936, 24.999789552334], [121.51906251822, 25.000209320654], [121.51921702038, 25.001391310959], [121.51948774449, 25.001959813024], [121.52056129602, 25.002943124435]]]]}, "id": "A6504-011-00"}, {"type": "Feature", "properties": {"county": "新北市", "town": "中和區", "village": "廟美里"}, "geometry": {"type": "MultiPolygon", "coordinates": [[[[121.50064290812, 25.002740316068], [121.5009166885, 25.002314617798], [121.50237268435, 25.002336072558], [121.50213709724, 25.002134257242], [121.50185510612, 25.001049286858], [121.50054014342, 25.001486750186], [121.50022208433, 25.00127807519], [121.50008814154, 25.000830504964], [121.50064847751, 25.00051422991], [121.50056897111, 25.000171574574], [121.49935250875, 24.998857875469], [121.49713871933, 25.000878855467], [121.49791460855, 25.001714605519], [121.49949486813, 25.002459439222], [121.49955362918, 25.002643344083], [121.50064290812, 25.002740316068]]]]}, "id": "A6503-012-00"}, {"type": "Feature", "properties": {"county": "新北市", "town": "板橋區", "village": "廣德里"}, "geometry": {"type": "MultiPolygon", "coordinates": [[[[121.46504048825, 25.002639224272], [121.46532633364, 25.002684017494], [121.46620927475, 25.00221029658], [121.46583625084, 25.002102936481], [121.46589649316, 25.001739598915], [121.46600608162, 25.001285609983], [121.46654384158, 25.000528473606], [121.46579663, 24.998616488562], [121.4654030186, 24.998008349093], [121.46562943215, 24.997788685295], [121.46497048619, 24.996946750978], [121.46436106264, 24.997104545112], [121.46283848338, 25.001709167404], [121.46331451251, 25.002140607955], [121.46326426651, 25.002360802176], [121.46504048825, 25.002639224272]]]]}, "id": "A6501-078-00"}, {"type": "Feature", "properties": {"county": "新北市", "town": "永和區", "village": "雙和里"}, "geometry": {"type": "MultiPolygon", "coordinates": [[[[121.5088777607, 25.002322628847], [121.51006158362, 25.001497204128], [121.50860679202, 24.999860528795], [121.50795952723, 24.999657781401], [121.50635659259, 24.999803376592], [121.50640262874, 25.000688244421], [121.50789173194, 25.00244671689], [121.50866649774, 25.002463797836], [121.5088777607, 25.002322628847]]]]}, "id": "A6504-024-00"}, {"type": "Feature", "properties": {"county": "新北市", "town": "中和區", "village": "國華里"}, "geometry": {"type": "MultiPolygon", "coordinates": [[[[121.47058869939, 25.00238286616], [121.47091329424, 25.001788720714], [121.47131938831, 25.001983049118], [121.47135384589, 25.000853991804], [121.47157572125, 25.0008597898], [121.47159496939, 25.000272829105], [121.47053857899, 25.000186887335], [121.46883478383, 25.00113724793], [121.46881322314, 25.002324636864], [121.47058869939, 25.00238286616]]]]}, "id": "A6503-091-00"}, {"type": "Feature", "properties": {"county": "新北市", "town": "中和區", "village": "碧河里"}, "geometry": {"type": "MultiPolygon", "coordinates": [[[[121.48582511513, 25.004905986597], [121.48769083789, 25.004837399726], [121.49097896975, 25.003323338895], [121.49439739149, 24.997501846954], [121.49465777702, 24.997666106607], [121.49482280513, 24.997413918395], [121.49457005506, 24.997223981905], [121.49463524663, 24.99712064724], [121.49576481403, 24.995786923594], [121.49517639151, 24.995563865076], [121.49568037893, 24.994364693065], [121.49537097295, 24.994386146156], [121.49540109963, 24.993920328535], [121.49275785227, 24.994067837397], [121.49330655286, 24.994564963869], [121.49346187626, 24.995075041595], [121.49308779318, 24.996893647262], [121.49148562115, 24.996446413447], [121.48984902299, 24.996278272313], [121.4892330611, 24.998582795514], [121.4886718535, 24.998580848195], [121.48809333287, 25.000070372472], [121.48806916405, 25.000488767528], [121.48761201243, 25.000642676669], [121.48693963956, 25.001339031656], [121.48614341658, 25.003145187025], [121.48582511513, 25.004905986597]]]]}, "id": "A6503-084-00"}, {"type": "Feature", "properties": {"county": "新北市", "town": "板橋區", "village": "聚安里"}, "geometry": {"type": "MultiPolygon", "coordinates": [[[[121.43680998914, 25.005057284673], [121.44490237243, 25.004298513075], [121.44359456304, 25.001402370325], [121.44101977492, 25.001137167502], [121.4365842792, 25.001286319959], [121.43698241136, 25.003139814341], [121.43680998914, 25.005057284673]]]]}, "id": "A6501-096-00"}, {"type": "Feature", "properties": {"county": "新北市", "town": "中和區", "village": "嘉新里"}, "geometry": {"type": "MultiPolygon", "coordinates": [[[[121.47919514944, 25.004788545979], [121.47966788541, 25.004511988886], [121.48044820273, 25.004577549182], [121.48121978224, 25.002924094757], [121.48127563395, 25.001109617609], [121.47900495208, 24.999778208711], [121.47766210588, 24.999805908603], [121.4775795077, 24.999285747957], [121.47687139234, 24.99883739411], [121.47650104395, 24.998952590487], [121.47604130668, 24.998538086107], [121.47550958799, 24.998976417512], [121.47566525391, 24.999962713697], [121.47604863928, 25.000687214016], [121.47561511723, 25.000898877871], [121.47588728693, 25.001676136295], [121.47830889226, 25.003191641306], [121.47909244412, 25.004850085129], [121.47919514944, 25.004788545979]]]]}, "id": "A6503-060-00"}, {"type": "Feature", "properties": {"county": "新北市", "town": "中和區", "village": "福和里"}, "geometry": {"type": "MultiPolygon", "coordinates": [[[[121.5036940795, 25.004398162608], [121.50397561845, 25.004624564881], [121.50502477473, 25.003886043575], [121.50625558092, 25.003289194923], [121.50470063118, 25.002431303676], [121.50465640967, 25.002567972926], [121.50429202435, 25.002403164719], [121.50420502226, 25.002549188488], [121.50373352754, 25.002303357629], [121.5035724589, 25.002526772902], [121.50333130041, 25.002387335835], [121.50344921943, 25.002162506796], [121.50280872202, 25.001836377851], [121.50295698758, 25.002306920606], [121.5009166885, 25.002314617798], [121.50067850621, 25.002743444582], [121.50183318736, 25.002955388737], [121.5036940795, 25.004398162608]]]]}, "id": "A6503-018-00"}, {"type": "Feature", "properties": {"county": "新北市", "town": "中和區", "village": "安穗里"}, "geometry": {"type": "MultiPolygon", "coordinates": [[[[121.48044820273, 25.004577549182], [121.48081369806, 25.004592744353], [121.48145611595, 25.003367919653], [121.48202672867, 25.003427562508], [121.48233127205, 25.002840587357], [121.4833130799, 25.002903583342], [121.48355600357, 25.001229621666], [121.48247854366, 25.001171994066], [121.48256826105, 24.999664665018], [121.48126998487, 24.999617495052], [121.48121978224, 25.002924094757], [121.48044820273, 25.004577549182]]]]}, "id": "A6503-062-00"}, {"type": "Feature", "properties": {"county": "新北市", "town": "永和區", "village": "得和里"}, "geometry": {"type": "MultiPolygon", "coordinates": [[[[121.51729121057, 25.004323510946], [121.51749656579, 25.004343554124], [121.51757788948, 25.003897494147], [121.51951220756, 25.004249589489], [121.51979199339, 25.003671746538], [121.52061484686, 25.003007855649], [121.51948774449, 25.001959813024], [121.51921702038, 25.001391310959], [121.51906251822, 25.000209320654], [121.51771728037, 25.000151707942], [121.51729121057, 25.004323510946]]]]}, "id": "A6504-039-00"}, {"type": "Feature", "properties": {"county": "新北市", "town": "中和區", "village": "中安里"}, "geometry": {"type": "MultiPolygon", "coordinates": [[[[121.51262332448, 25.004354479493], [121.51414407731, 25.004084951609], [121.51455794566, 25.003804975188], [121.51509032179, 25.001610074681], [121.51422305871, 25.001739843022], [121.51406577565, 25.001350964809], [121.51363501665, 25.001359856778], [121.5135747459, 25.001151765674], [121.51298090097, 25.00069152843], [121.51290565095, 25.000417847717], [121.51209267745, 24.999883693051], [121.51064525524, 25.000506163363], [121.5100942642, 25.001535645875], [121.51262332448, 25.004354479493]]]]}, "id": "A6503-023-00"}, {"type": "Feature", "properties": {"county": "新北市", "town": "永和區", "village": "秀林里"}, "geometry": {"type": "MultiPolygon", "coordinates": [[[[121.52423252206, 25.004181019609], [121.52531378681, 25.003951388687], [121.52508855434, 25.001561845559], [121.52484401615, 25.001569209716], [121.52461345794, 25.000731498732], [121.52223553527, 25.001064368688], [121.52291287091, 25.003402939927], [121.52423252206, 25.004181019609]]]]}, "id": "A6504-012-00"}, {"type": "Feature", "properties": {"county": "新北市", "town": "板橋區", "village": "復興里"}, "geometry": {"type": "MultiPolygon", "coordinates": [[[[121.44700739213, 25.004277846173], [121.44634778485, 25.002040888063], [121.4445660045, 24.999773062436], [121.44432737313, 24.9995607801], [121.4432127495, 24.999841387531], [121.44366102948, 25.0014798228], [121.44490237243, 25.004298513075], [121.44700739213, 25.004277846173]]]]}, "id": "A6501-093-00"}, {"type": "Feature", "properties": {"county": "新北市", "town": "板橋區", "village": "大安里"}, "geometry": {"type": "MultiPolygon", "coordinates": [[[[121.44707795325, 25.004266438234], [121.45044888814, 25.004013115207], [121.44842061807, 25.002731517242], [121.44778326649, 25.002739125899], [121.44674590807, 25.000145031379], [121.44619843846, 24.999311123961], [121.44465874414, 24.999885197272], [121.44634778485, 25.002040888063], [121.44707795325, 25.004266438234]]]]}, "id": "A6501-094-00"}, {"type": "Feature", "properties": {"county": "新北市", "town": "中和區", "village": "冠穗里"}, "geometry": {"type": "MultiPolygon", "coordinates": [[[[121.47347446129, 25.004046069768], [121.47379246755, 25.004149668471], [121.4740891047, 25.002230175717], [121.47447172773, 25.000983849613], [121.47267493928, 25.00039067258], [121.47222946142, 25.003557223488], [121.47347446129, 25.004046069768]]]]}, "id": "A6503-090-00"}, {"type": "Feature", "properties": {"county": "新北市", "town": "永和區", "village": "潭墘里"}, "geometry": {"type": "MultiPolygon", "coordinates": [[[[121.51455794566, 25.003804975188], [121.5147582472, 25.003848343088], [121.51587892943, 25.003387412675], [121.51624831978, 25.003709369255], [121.51702240241, 25.003707493169], [121.51737781406, 25.00355899396], [121.51752508972, 25.00204359388], [121.51685488567, 25.001637361805], [121.51593399778, 25.000587594416], [121.51646426815, 25.000106855505], [121.5153748585, 24.998830589634], [121.51425943751, 24.999348742626], [121.51409805269, 24.999819441231], [121.5140553573, 25.000241605916], [121.51508633238, 25.001476549596], [121.51455794566, 25.003804975188]]]]}, "id": "A6504-030-00"}, {"type": "Feature", "properties": {"county": "新北市", "town": "板橋區", "village": "華東里"}, "geometry": {"type": "MultiPolygon", "coordinates": [[[[121.45466931789, 25.003703373255], [121.45421146987, 25.002758912416], [121.45592275576, 25.001343336703], [121.45652194598, 25.000563825578], [121.45521791987, 24.996628167166], [121.45619476015, 24.996313581143], [121.45092303616, 24.994102991203], [121.44980590416, 24.992994328245], [121.44959634481, 24.993054666971], [121.44910078552, 24.992606334698], [121.44713478233, 24.991902479112], [121.44647303032, 24.991925684312], [121.44555538713, 24.99168203143], [121.44422869919, 24.991047008852], [121.44349297845, 24.991768460807], [121.44270477507, 24.992918405455], [121.44200868283, 24.992205912244], [121.4414094036, 24.992181165427], [121.44146813092, 24.992969392089], [121.44124837959, 24.993783203733], [121.44095303949, 24.994023078773], [121.44106426347, 24.994623184178], [121.44304415182, 24.994297039391], [121.44357771773, 24.99393320335], [121.44568306772, 24.994664949286], [121.44883336302, 24.997041052454], [121.44975898696, 24.998297000196], [121.4511579612, 24.999566495602], [121.45193657647, 25.001636033771], [121.45265742455, 25.001558991008], [121.45282710351, 25.003709830733], [121.45483190374, 25.004038241095], [121.45466931789, 25.003703373255]]]]}, "id": "A6501-087-00"}, {"type": "Feature", "properties": {"county": "新北市", "town": "中和區", "village": "國光里"}, "geometry": {"type": "MultiPolygon", "coordinates": [[[[121.46990595688, 25.003947050828], [121.47035547624, 25.002659441867], [121.47055824926, 25.002799662766], [121.47065685829, 25.002429349695], [121.46881322314, 25.002324636864], [121.46883432289, 25.001166413131], [121.46627150381, 25.00218148489], [121.46694727826, 25.002285089678], [121.46765998786, 25.003063421241], [121.46990595688, 25.003947050828]]]]}, "id": "A6503-069-00"}, {"type": "Feature", "properties": {"county": "新北市", "town": "板橋區", "village": "中山里"}, "geometry": {"type": "MultiPolygon", "coordinates": [[[[121.45044888814, 25.004013115207], [121.45282309204, 25.003886000195], [121.45265742455, 25.001558991008], [121.45193657647, 25.001636033771], [121.45128227486, 24.999730899478], [121.44975898696, 24.998297000196], [121.44883336302, 24.997041052454], [121.44838842098, 24.996697031775], [121.44725575247, 24.995950736859], [121.44613785905, 24.997198139893], [121.4452412567, 24.997906448145], [121.44294040198, 24.998748144988], [121.4432127495, 24.999841387531], [121.44432737313, 24.9995607801], [121.44465874414, 24.999885197272], [121.44619843846, 24.999311123961], [121.44674590807, 25.000145031379], [121.44778326649, 25.002739125899], [121.44842061807, 25.002731517242], [121.45044888814, 25.004013115207]]]]}, "id": "A6501-092-00"}, {"type": "Feature", "properties": {"county": "新北市", "town": "永和區", "village": "店街里"}, "geometry": {"type": "MultiPolygon", "coordinates": [[[[121.51390546701, 25.007894845238], [121.5149966584, 25.007171819815], [121.51695096973, 25.007375144507], [121.51737781406, 25.00355899396], [121.51702240241, 25.003707493169], [121.51619562567, 25.004709515288], [121.51600683215, 25.005406759048], [121.51529146998, 25.006401798139], [121.51446809777, 25.006541527693], [121.51391112202, 25.006956259497], [121.51390546701, 25.007894845238]]]]}, "id": "A6504-056-00"}, {"type": "Feature", "properties": {"county": "新北市", "town": "中和區", "village": "瑞穗里"}, "geometry": {"type": "MultiPolygon", "coordinates": [[[[121.47300120358, 25.007946768986], [121.47346393042, 25.006798969492], [121.47402206122, 25.006862381468], [121.47383013045, 25.006198832644], [121.47369110536, 25.006223638008], [121.47397923717, 25.005221669628], [121.47397323506, 25.003529644887], [121.47383462365, 25.003523847127], [121.47379246755, 25.004149668471], [121.47222946142, 25.003557223488], [121.47183339153, 25.006508629091], [121.47107867654, 25.006630757591], [121.47194480134, 25.006992595749], [121.47300120358, 25.007946768986]]]]}, "id": "A6503-063-00"}, {"type": "Feature", "properties": {"county": "新北市", "town": "板橋區", "village": "後埔里"}, "geometry": {"type": "MultiPolygon", "coordinates": [[[[121.46353569202, 25.007731162648], [121.46407518027, 25.007816030736], [121.46413751835, 25.007483965666], [121.46396589688, 25.007458678737], [121.4640641068, 25.006555638041], [121.46389651491, 25.006587590666], [121.46391333293, 25.006474584803], [121.46418513137, 25.006497460149], [121.46430446896, 25.005592580132], [121.46479790235, 25.005643046749], [121.46478448533, 25.005415619072], [121.46217597238, 25.00508699064], [121.46172019129, 25.007435329019], [121.46353569202, 25.007731162648]]]]}, "id": "A6501-110-00"}, {"type": "Feature", "properties": {"county": "新北市", "town": "永和區", "village": "福和里"}, "geometry": {"type": "MultiPolygon", "coordinates": [[[[121.51840994888, 25.007528435072], [121.51912500496, 25.007592484606], [121.51922134459, 25.006580267803], [121.51866246031, 25.005602661446], [121.52090255122, 25.003760228396], [121.52080456576, 25.00366596476], [121.52109599637, 25.003430692823], [121.52061484686, 25.003007855649], [121.51979199339, 25.003671746538], [121.51951220756, 25.004249589489], [121.51757788948, 25.003897494147], [121.51749656579, 25.004343554124], [121.51729121057, 25.004323510946], [121.51695096973, 25.007375144507], [121.51840994888, 25.007528435072]]]]}, "id": "A6504-038-00"}, {"type": "Feature", "properties": {"county": "新北市", "town": "永和區", "village": "保平里"}, "geometry": {"type": "MultiPolygon", "coordinates": [[[[121.50985785773, 25.00747294528], [121.51006217501, 25.007616799718], [121.51091981047, 25.006689736302], [121.50811844725, 25.004483966848], [121.50727537338, 25.005295851398], [121.50618396883, 25.0055752252], [121.50564452513, 25.006006570602], [121.5069289856, 25.007069879561], [121.50741115646, 25.006561707657], [121.50797588611, 25.006934664662], [121.50849893579, 25.006372807344], [121.50985785773, 25.00747294528]]]]}, "id": "A6504-033-00"}, {"type": "Feature", "properties": {"county": "新北市", "town": "永和區", "village": "秀和里"}, "geometry": {"type": "MultiPolygon", "coordinates": [[[[121.52344977831, 25.006805798649], [121.52462274616, 25.006054876989], [121.52548911954, 25.005683029385], [121.525675363, 25.005848910467], [121.52604194272, 25.005240866316], [121.52291287091, 25.003402939927], [121.5224350049, 25.001761610162], [121.52056129602, 25.002943124435], [121.52109599637, 25.003430692823], [121.52080456576, 25.00366596476], [121.52090255122, 25.003760228396], [121.51977178892, 25.004696068335], [121.52071333642, 25.005688313007], [121.52090708822, 25.006114977687], [121.52188097029, 25.005626615726], [121.52283725241, 25.006986185592], [121.52344977831, 25.006805798649]]]]}, "id": "A6504-047-00"}, {"type": "Feature", "properties": {"county": "新北市", "town": "中和區", "village": "福祥里"}, "geometry": {"type": "MultiPolygon", "coordinates": [[[[121.49829286583, 25.00684002095], [121.49871531115, 25.006952913193], [121.49882388886, 25.006643305043], [121.49926470706, 25.006651848112], [121.49956729132, 25.005779259609], [121.50037682817, 25.004722129493], [121.50026409557, 25.004650276235], [121.50041337307, 25.004202205139], [121.50085421628, 25.003735274853], [121.50091720393, 25.003429250246], [121.50067850621, 25.002743444582], [121.5000583245, 25.002689863156], [121.49885451423, 25.004473707911], [121.4964706729, 25.005810395599], [121.49653486884, 25.006147505715], [121.49842794179, 25.006515336657], [121.49829286583, 25.00684002095]]]]}, "id": "A6503-016-00"}, {"type": "Feature", "properties": {"county": "新北市", "town": "永和區", "village": "水源里"}, "geometry": {"type": "MultiPolygon", "coordinates": [[[[121.5124077682, 25.006799556541], [121.51295970854, 25.006489764596], [121.51304507355, 25.004987404088], [121.5128611739, 25.005056929344], [121.5090028939, 25.003876365758], [121.508868059, 25.00421243584], [121.50811844725, 25.004483966848], [121.51091981047, 25.006689736302], [121.51167775907, 25.005885624874], [121.51208498499, 25.006287278463], [121.51195342331, 25.006445739195], [121.5124077682, 25.006799556541]]]]}, "id": "A6504-026-00"}, {"type": "Feature", "properties": {"county": "新北市", "town": "永和區", "village": "永安里"}, "geometry": {"type": "MultiPolygon", "coordinates": [[[[121.51446809777, 25.006541527693], [121.51529146998, 25.006401798139], [121.51600683215, 25.005406759048], [121.51619562567, 25.004709515288], [121.51702240241, 25.003707493169], [121.51624831978, 25.003709369255], [121.51587892943, 25.003387412675], [121.5147582472, 25.003848343088], [121.51455794566, 25.003804975188], [121.51435544002, 25.004900533712], [121.51446809777, 25.006541527693]]]]}, "id": "A6504-015-00"}, {"type": "Feature", "properties": {"county": "新北市", "town": "中和區", "village": "民生里"}, "geometry": {"type": "MultiPolygon", "coordinates": [[[[121.47098461434, 25.006596891054], [121.47122749601, 25.005818384865], [121.47030807088, 25.005446769971], [121.47072294931, 25.004267798329], [121.46765998786, 25.003063421241], [121.46764144051, 25.003772974735], [121.46801756223, 25.004480753293], [121.46954312088, 25.005851173689], [121.47098461434, 25.006596891054]]]]}, "id": "A6503-068-00"}, {"type": "Feature", "properties": {"county": "新北市", "town": "中和區", "village": "德穗里"}, "geometry": {"type": "MultiPolygon", "coordinates": [[[[121.47094357975, 25.006667562654], [121.47183339153, 25.006508629091], [121.47268945141, 25.00029663405], [121.47159496939, 25.000272829105], [121.47157572125, 25.0008597898], [121.47135384589, 25.000853991804], [121.47131938831, 25.001983049118], [121.47091329424, 25.001788720714], [121.47055824926, 25.002799662766], [121.47035547624, 25.002659441867], [121.47000842997, 25.003582860654], [121.4701287405, 25.003608257712], [121.46992888001, 25.00395626299], [121.47072294931, 25.004267798329], [121.47030807088, 25.005446769971], [121.47125893729, 25.005877334951], [121.47094357975, 25.006667562654]]]]}, "id": "A6503-067-00"}, {"type": "Feature", "properties": {"county": "新北市", "town": "中和區", "village": "積穗里"}, "geometry": {"type": "MultiPolygon", "coordinates": [[[[121.48108754858, 25.006507246526], [121.48185430255, 25.006276238923], [121.48265198424, 25.006244398564], [121.4827975741, 25.005525936598], [121.4830978675, 25.00497843414], [121.4833130799, 25.002903583342], [121.48233127205, 25.002840587357], [121.48202672867, 25.003427562508], [121.48145611595, 25.003367919653], [121.48081369806, 25.004592744353], [121.47966788541, 25.004511988886], [121.47909244412, 25.004850085129], [121.47830889226, 25.003191641306], [121.47588728693, 25.001676136295], [121.47626816242, 25.00224380091], [121.47651657051, 25.003365406406], [121.47723929322, 25.004028981427], [121.47659523224, 25.005750718733], [121.47762679782, 25.005637256083], [121.479359003, 25.006029231809], [121.47998055748, 25.005948584717], [121.47985306686, 25.00647141567], [121.48058795746, 25.006619738398], [121.48108754858, 25.006507246526]]]]}, "id": "A6503-055-00"}, {"type": "Feature", "properties": {"county": "新北市", "town": "板橋區", "village": "仁愛里"}, "geometry": {"type": "MultiPolygon", "coordinates": [[[[121.46080158402, 25.00040029655], [121.46104468513, 25.000423018425], [121.46141438125, 24.999663521114], [121.46214597175, 24.999770505744], [121.46216847372, 24.999663250423], [121.461472522, 24.99956582725], [121.461742549, 24.999206625151], [121.46149477127, 24.998915755343], [121.46105767641, 24.998858235966], [121.46108630767, 24.998657617477], [121.46084521099, 24.998623692648], [121.46088477515, 24.998425926635], [121.46025338714, 24.998190968825], [121.46031737561, 24.997929643808], [121.46010444957, 24.997889303631], [121.46017512148, 24.99757992979], [121.45700041329, 24.996972037007], [121.45821392528, 24.999642353734], [121.45951956929, 24.999387227935], [121.45966761525, 24.999937464277], [121.46083667027, 25.000233420881], [121.46080158402, 25.00040029655]]]]}, "id": "A6501-081-00"}, {"type": "Feature", "properties": {"county": "新北市", "town": "永和區", "village": "民族里"}, "geometry": {"type": "MultiPolygon", "coordinates": [[[[121.51837837084, 25.000216998545], [121.52036529363, 25.000021209054], [121.51979925085, 24.996501330571], [121.51831847636, 24.996614754203], [121.51823498645, 24.995683792457], [121.5170720436, 24.995594899329], [121.51719943004, 24.99610254998], [121.51788197204, 24.997061676162], [121.5183598881, 24.997273187081], [121.51833292147, 24.997876689846], [121.51868056687, 24.999541692744], [121.51850376637, 24.99958682234], [121.51837837084, 25.000216998545]]]]}, "id": "A6504-016-00"}, {"type": "Feature", "properties": {"county": "新北市", "town": "永和區", "village": "民治里"}, "geometry": {"type": "MultiPolygon", "coordinates": [[[[121.518090877, 25.000191850971], [121.51837837084, 25.000216998545], [121.51850376637, 24.99958682234], [121.51868056687, 24.999541692744], [121.51833292147, 24.997876689846], [121.5183598881, 24.997273187081], [121.51798940442, 24.997193938274], [121.51719943004, 24.99610254998], [121.51561035458, 24.99738206037], [121.51734668943, 24.999385440599], [121.51771728037, 25.000151707942], [121.518090877, 25.000191850971]]]]}, "id": "A6504-008-00"}, {"type": "Feature", "properties": {"county": "新北市", "town": "永和區", "village": "民權里"}, "geometry": {"type": "MultiPolygon", "coordinates": [[[[121.52036529363, 25.000021209054], [121.52296950963, 24.999621843513], [121.52251882982, 24.996696040432], [121.52125175404, 24.996311424487], [121.52088151249, 24.996366895487], [121.51983231778, 24.996153898626], [121.51971564571, 24.996002782329], [121.5193968203, 24.996042770015], [121.51936292382, 24.995817414877], [121.51907410803, 24.995907675976], [121.51824532076, 24.995770976502], [121.51831847636, 24.996614754203], [121.51979925085, 24.996501330571], [121.52036529363, 25.000021209054]]]]}, "id": "A6504-017-00"}, {"type": "Feature", "properties": {"county": "新北市", "town": "板橋區", "village": "成和里"}, "geometry": {"type": "MultiPolygon", "coordinates": [[[[121.43449047245, 25.000159841935], [121.4346369557, 25.000230734212], [121.43482951982, 24.999638630218], [121.43530961653, 24.999794698967], [121.4351873592, 24.995496531167], [121.44099404741, 24.994913406595], [121.44095303949, 24.994023078773], [121.44124837959, 24.993783203733], [121.44146813092, 24.992969392089], [121.4414094036, 24.992181165427], [121.44102576672, 24.992165346205], [121.44091504892, 24.992650228762], [121.44053231113, 24.99218780851], [121.44002239626, 24.988186849108], [121.43437735167, 24.989225940159], [121.4324580547, 24.99001643002], [121.43313262064, 24.992392733107], [121.43346907789, 24.994810105548], [121.43325813495, 24.994960516215], [121.43394735592, 24.995608193729], [121.43226439128, 24.995916809472], [121.43173513479, 24.996876309106], [121.43161838944, 24.997981537658], [121.43178338476, 24.999248998125], [121.43301679437, 24.999911595263], [121.43449047245, 25.000159841935]]]]}, "id": "A6501-113-00"}, {"type": "Feature", "properties": {"county": "新北市", "town": "中和區", "village": "泰安里"}, "geometry": {"type": "MultiPolygon", "coordinates": [[[[121.50860679202, 24.999860528795], [121.50749374387, 24.99859827948], [121.50887170592, 24.997539434262], [121.50951863354, 24.997226981956], [121.5093955745, 24.997087905721], [121.50917264523, 24.997241078562], [121.50901863837, 24.996850551006], [121.50888497205, 24.996733005759], [121.50872069431, 24.996822865072], [121.50818680541, 24.996249088709], [121.50851949525, 24.996061773294], [121.50832405752, 24.995786965895], [121.50802922641, 24.995960879309], [121.5075656703, 24.995480040018], [121.50681586091, 24.996068309664], [121.50617482729, 24.997082014107], [121.50598288652, 24.999695486914], [121.50795952723, 24.999657781401], [121.50860679202, 24.999860528795]]]]}, "id": "A6503-024-00"}, {"type": "Feature", "properties": {"county": "新北市", "town": "永和區", "village": "民生里"}, "geometry": {"type": "MultiPolygon", "coordinates": [[[[121.52296950963, 24.999621843513], [121.52459074771, 24.999366573154], [121.52431587321, 24.998212821495], [121.52576938722, 24.997988648258], [121.52572334269, 24.997516847837], [121.52378742377, 24.997128492882], [121.52376520361, 24.997014173718], [121.52289358568, 24.996819143317], [121.52284574835, 24.99665606636], [121.52251882982, 24.996696040432], [121.52296950963, 24.999621843513]]]]}, "id": "A6504-049-00"}, {"type": "Feature", "properties": {"county": "新北市", "town": "中和區", "village": "文元里"}, "geometry": {"type": "MultiPolygon", "coordinates": [[[[121.48256826105, 24.999664665018], [121.48287776324, 24.999678738667], [121.48290390676, 24.998485917064], [121.4822515573, 24.998559091248], [121.48224192254, 24.998340891566], [121.48202187503, 24.998331491334], [121.48203282442, 24.997598567299], [121.48220355778, 24.997606320839], [121.48219626173, 24.997141529599], [121.48277842747, 24.997155261235], [121.48271978398, 24.996199636376], [121.48303406198, 24.995744544946], [121.48256553135, 24.995534515219], [121.4825452259, 24.99506302383], [121.48229422078, 24.995023808547], [121.4822778894, 24.99456590786], [121.48261816589, 24.994575562467], [121.48263432363, 24.99400654769], [121.48231609185, 24.99401185176], [121.48237179603, 24.993608523982], [121.48161720755, 24.993586047932], [121.48160679144, 24.993345366786], [121.48138412726, 24.993364326079], [121.48080953626, 24.993570692201], [121.48127651224, 24.99772706191], [121.48126998487, 24.999617495052], [121.48256826105, 24.999664665018]]]]}, "id": "A6503-059-00"}, {"type": "Feature", "properties": {"county": "新北市", "town": "永和區", "village": "民富里"}, "geometry": {"type": "MultiPolygon", "coordinates": [[[[121.52459074771, 24.999366573154], [121.5266821361, 24.999050210881], [121.52664375798, 24.998212996026], [121.52740546591, 24.998326050071], [121.52843098635, 24.998736210105], [121.53076955102, 24.998133277599], [121.53078630241, 24.997429129867], [121.53107383236, 24.996538703316], [121.52843683309, 24.99746662029], [121.52835812687, 24.997749056202], [121.52735846657, 24.997748089063], [121.52431587321, 24.998212821495], [121.52459074771, 24.999366573154]]]]}, "id": "A6504-059-00"}, {"type": "Feature", "properties": {"county": "新北市", "town": "中和區", "village": "嘉穗里"}, "geometry": {"type": "MultiPolygon", "coordinates": [[[[121.48082381944, 24.99915240671], [121.48127593595, 24.999152389247], [121.48113187759, 24.996361795382], [121.48015841649, 24.996225170479], [121.47993443195, 24.995955052229], [121.47922139481, 24.99667729676], [121.47858907185, 24.996497396244], [121.47821753144, 24.996117023809], [121.47806591819, 24.995515362766], [121.47462728169, 24.993020085429], [121.47408394691, 24.993581168189], [121.47311502277, 24.994068565979], [121.47715576976, 24.996917698241], [121.47719510354, 24.997412364385], [121.4780698178, 24.998107230561], [121.47957082251, 24.99889578243], [121.48082381944, 24.99915240671]]]]}, "id": "A6503-058-00"}, {"type": "Feature", "properties": {"county": "新北市", "town": "中和區", "village": "安順里"}, "geometry": {"type": "MultiPolygon", "coordinates": [[[[121.51191189739, 24.996700861736], [121.51372012064, 24.995257208013], [121.5120167215, 24.993246988717], [121.51070053914, 24.994171028232], [121.50951452994, 24.994646319136], [121.51139534777, 24.997101901977], [121.51191189739, 24.996700861736]]]]}, "id": "A6503-075-00"}, {"type": "Feature", "properties": {"county": "新北市", "town": "中和區", "village": "景安里"}, "geometry": {"type": "MultiPolygon", "coordinates": [[[[121.5059400793, 24.996864219222], [121.50617482729, 24.997082014107], [121.50662174534, 24.996294606153], [121.5075192821, 24.995505570099], [121.51044765375, 24.994310582076], [121.50906106027, 24.993797698654], [121.5082998583, 24.993678138325], [121.50821270111, 24.993962579338], [121.50719987114, 24.993738233239], [121.50643262436, 24.993871496844], [121.50657704536, 24.993309246784], [121.50496694496, 24.993515497213], [121.5059400793, 24.996864219222]]]]}, "id": "A6503-050-00"}, {"type": "Feature", "properties": {"county": "新北市", "town": "中和區", "village": "壽德里"}, "geometry": {"type": "MultiPolygon", "coordinates": [[[[121.46489331575, 24.996970335439], [121.46546961717, 24.996817098183], [121.46628880815, 24.995951906213], [121.46622352865, 24.995636643111], [121.46668401653, 24.995433310019], [121.46712662347, 24.994794271402], [121.46835281378, 24.99390720097], [121.46741687706, 24.993381410566], [121.46714181683, 24.99298472498], [121.46689229752, 24.993227667867], [121.46624567983, 24.992974895375], [121.46596169566, 24.993482496179], [121.46372560409, 24.995931845186], [121.46460856777, 24.997018085792], [121.46489331575, 24.996970335439]]]]}, "id": "A6503-070-00"}, {"type": "Feature", "properties": {"county": "新北市", "town": "中和區", "village": "建和里"}, "geometry": {"type": "MultiPolygon", "coordinates": [[[[121.49286649684, 24.996785489977], [121.49308779318, 24.996893647262], [121.49345061034, 24.995241122387], [121.49330655286, 24.994564963869], [121.49258838776, 24.993883483479], [121.49215024988, 24.993674826977], [121.49068476934, 24.993584771983], [121.48984902299, 24.996278272313], [121.49148562115, 24.996446413447], [121.49286649684, 24.996785489977]]]]}, "id": "A6503-006-00"}, {"type": "Feature", "properties": {"county": "新北市", "town": "板橋區", "village": "信義里"}, "geometry": {"type": "MultiPolygon", "coordinates": [[[[121.45667557654, 24.996555226484], [121.45696795562, 24.996900716417], [121.45719820368, 24.99393748032], [121.45999873967, 24.990959546356], [121.46018484024, 24.990710400068], [121.45997484324, 24.990576155323], [121.45931473069, 24.991037774303], [121.45762836037, 24.99116730034], [121.4569803048, 24.991556188592], [121.45618144594, 24.994809739151], [121.45626940666, 24.99634550347], [121.45667557654, 24.996555226484]]]]}, "id": "A6501-088-00"}, {"type": "Feature", "properties": {"county": "新北市", "town": "中和區", "village": "嘉慶里"}, "geometry": {"type": "MultiPolygon", "coordinates": [[[[121.47893208037, 24.996585426795], [121.47922139481, 24.99667729676], [121.47993443195, 24.995955052229], [121.48015841649, 24.996225170479], [121.48113187759, 24.996361795382], [121.48085470706, 24.993293896462], [121.47863053554, 24.991401173215], [121.47738224453, 24.990966461056], [121.47697198217, 24.990603905372], [121.47584845289, 24.991437814477], [121.47533315818, 24.991459940109], [121.47516083734, 24.991654080197], [121.47489749955, 24.992128957832], [121.47534829342, 24.992620234613], [121.47481222914, 24.993137054131], [121.47806591819, 24.995515362766], [121.47838233736, 24.996326870522], [121.47893208037, 24.996585426795]]]]}, "id": "A6503-089-00"}, {"type": "Feature", "properties": {"county": "新北市", "town": "中和區", "village": "秀山里"}, "geometry": {"type": "MultiPolygon", "coordinates": [[[[121.52088151249, 24.996366895487], [121.52223920434, 24.996171442515], [121.52192487004, 24.993986530738], [121.52370495015, 24.991569256718], [121.52288819757, 24.991297285143], [121.52224848264, 24.991290231868], [121.52214434154, 24.990642988216], [121.52071552174, 24.991099957929], [121.52083839382, 24.991370837398], [121.52050766336, 24.991999207457], [121.52118130779, 24.992104418943], [121.52077202389, 24.992955302504], [121.52023264999, 24.993436178741], [121.51994966695, 24.993954440252], [121.52032512898, 24.996245969329], [121.52088151249, 24.996366895487]]]]}, "id": "A6503-027-00"}, {"type": "Feature", "properties": {"county": "新北市", "town": "板橋區", "village": "崑崙里"}, "geometry": {"type": "MultiPolygon", "coordinates": [[[[121.43178968409, 24.999297387339], [121.43161838944, 24.997981537658], [121.43173513479, 24.996876309106], [121.43226439128, 24.995916809472], [121.43394735592, 24.995608193729], [121.43325813495, 24.994960516215], [121.43346907789, 24.994810105548], [121.43313262064, 24.992392733107], [121.43246241678, 24.990025356192], [121.42815394087, 24.991988554883], [121.42791142853, 24.991811953419], [121.42736144401, 24.992121601621], [121.42749138267, 24.99240393202], [121.42773300857, 24.992391212027], [121.42802241889, 24.993007627135], [121.42865459308, 24.992585564016], [121.42873073221, 24.993498454163], [121.42932281731, 24.993998041896], [121.42998941591, 24.995152112515], [121.4309231285, 24.996255655488], [121.43062342468, 24.996939393567], [121.43077873414, 24.998033992171], [121.43124530486, 24.998787461854], [121.43178968409, 24.999297387339]]]]}, "id": "A6501-098-00"}, {"type": "Feature", "properties": {"county": "新北市", "town": "中和區", "village": "宜安里"}, "geometry": {"type": "MultiPolygon", "coordinates": [[[[121.51425075851, 24.998991043085], [121.51504293217, 24.997945721184], [121.51444911605, 24.9965871929], [121.51366874231, 24.995359774597], [121.51193380585, 24.996683540772], [121.51267215894, 24.997553563776], [121.51295774926, 24.997496779956], [121.51425075851, 24.998991043085]]]]}, "id": "A6503-074-00"}, {"type": "Feature", "properties": {"county": "新北市", "town": "板橋區", "village": "福安里"}, "geometry": {"type": "MultiPolygon", "coordinates": [[[[121.44300053788, 24.999065879875], [121.44294040198, 24.998748144988], [121.4452412567, 24.997906448145], [121.44613785905, 24.997198139893], [121.44725575247, 24.995950736859], [121.44568306772, 24.994664949286], [121.44357771773, 24.99393320335], [121.44304415182, 24.994297039391], [121.44198330521, 24.994545876623], [121.44113743422, 24.994657367462], [121.44098387857, 24.994490874696], [121.44099404741, 24.994913406595], [121.4351873592, 24.995496531167], [121.43525988801, 24.998490160858], [121.44097860945, 24.998518735826], [121.44300053788, 24.999065879875]]]]}, "id": "A6501-095-00"}, {"type": "Feature", "properties": {"county": "新北市", "town": "板橋區", "village": "重慶里"}, "geometry": {"type": "MultiPolygon", "coordinates": [[[[121.4622997766, 24.998842829694], [121.46323925404, 24.999002791209], [121.46340705075, 24.998098640359], [121.46394600926, 24.998225172652], [121.46436106264, 24.997104545112], [121.46460856777, 24.997018085792], [121.46403778738, 24.996205896851], [121.46296201507, 24.995167564967], [121.46221587923, 24.994829128104], [121.46207188236, 24.995587475482], [121.46015855856, 24.995414177604], [121.46014971945, 24.995786436706], [121.45964554949, 24.995691331124], [121.45962529313, 24.994441137786], [121.45716094972, 24.99402725298], [121.45700041329, 24.996972037007], [121.46017512148, 24.99757992979], [121.46010444957, 24.997889303631], [121.46031737561, 24.997929643808], [121.46025338714, 24.998190968825], [121.46088477515, 24.998425926635], [121.46084521099, 24.998623692648], [121.4622997766, 24.998842829694]]]]}, "id": "A6501-080-00"}, {"type": "Feature", "properties": {"county": "新北市", "town": "中和區", "village": "新南里"}, "geometry": {"type": "MultiPolygon", "coordinates": [[[[121.49908458842, 24.998600628673], [121.49935250875, 24.998857875469], [121.49998254297, 24.998219663945], [121.50052677054, 24.998448255168], [121.5007250988, 24.998269806111], [121.50163123726, 24.998419524401], [121.50201289978, 24.998174633742], [121.5020549451, 24.997280888987], [121.50252886742, 24.99563266318], [121.50164781318, 24.995377496883], [121.50111321925, 24.994882159803], [121.50032705054, 24.993298042048], [121.4998592211, 24.992902427394], [121.49934398236, 24.993067763193], [121.49961555536, 24.993659017245], [121.49985720245, 24.993635772434], [121.50004274015, 24.99484151887], [121.50054648977, 24.995328115123], [121.49923443161, 24.996329239333], [121.49914928013, 24.996169449349], [121.49872975032, 24.996401177426], [121.4990121486, 24.996969330818], [121.49878024462, 24.997144715894], [121.49930912269, 24.997786997499], [121.49886478937, 24.998407503245], [121.49908458842, 24.998600628673]]]]}, "id": "A6503-025-00"}, {"type": "Feature", "properties": {"county": "新北市", "town": "中和區", "village": "景文里"}, "geometry": {"type": "MultiPolygon", "coordinates": [[[[121.50493495437, 24.998664320557], [121.5059400793, 24.996864219222], [121.50496694496, 24.993515497213], [121.50395016898, 24.993554792643], [121.50398475141, 24.993943011155], [121.50385870601, 24.993970796098], [121.50400826339, 24.994178318311], [121.50356030096, 24.994370889998], [121.50321417231, 24.994946504156], [121.50446524547, 24.996195842192], [121.50396625936, 24.996701624258], [121.50460706425, 24.997208599781], [121.50418038804, 24.997914491068], [121.50493495437, 24.998664320557]]]]}, "id": "A6503-051-00"}, {"type": "Feature", "properties": {"county": "新北市", "town": "中和區", "village": "明德里"}, "geometry": {"type": "MultiPolygon", "coordinates": [[[[121.46607661025, 24.998478418377], [121.46748252004, 24.997363834925], [121.46880291676, 24.995236676433], [121.46900041909, 24.994639424947], [121.46835281378, 24.99390720097], [121.46712662347, 24.994794271402], [121.46668401653, 24.995433310019], [121.46622352865, 24.995636643111], [121.46628880815, 24.995951906213], [121.46546961717, 24.996817098183], [121.46497048619, 24.996946750978], [121.46562943215, 24.997788685295], [121.4654030186, 24.998008349093], [121.46578661442, 24.998602020645], [121.46607661025, 24.998478418377]]]]}, "id": "A6503-071-00"}, {"type": "Feature", "properties": {"county": "新北市", "town": "中和區", "village": "南山里"}, "geometry": {"type": "MultiPolygon", "coordinates": [[[[121.50339521433, 24.998293931144], [121.50369683272, 24.9983589124], [121.5041591807, 24.9979437266], [121.50460706425, 24.997208599781], [121.50396625936, 24.996701624258], [121.50446524547, 24.996195842192], [121.50321417231, 24.994946504156], [121.50356030096, 24.994370889998], [121.50400826339, 24.994178318311], [121.50385870601, 24.993970796098], [121.50398475141, 24.993943011155], [121.503920487, 24.993255168039], [121.50433366488, 24.993145919477], [121.50434943937, 24.992866778352], [121.50467526542, 24.992520132297], [121.50460419132, 24.992262865699], [121.50402591628, 24.992376063502], [121.50343688692, 24.993279787197], [121.5020549451, 24.997280888987], [121.50195846596, 24.998030353302], [121.50250447316, 24.998052797595], [121.50247049892, 24.998217963367], [121.50337033128, 24.998416262935], [121.50339521433, 24.998293931144]]]]}, "id": "A6503-026-00"}, {"type": "Feature", "properties": {"county": "新北市", "town": "中和區", "village": "力行里"}, "geometry": {"type": "MultiPolygon", "coordinates": [[[[121.49882616474, 24.998374094037], [121.49930912269, 24.997786997499], [121.49878024462, 24.997144715894], [121.4990121486, 24.996969330818], [121.49872975032, 24.996401177426], [121.49914928013, 24.996169449349], [121.4990547517, 24.995985655077], [121.497603026, 24.995464034576], [121.49735871786, 24.994673275204], [121.49693711828, 24.994394332188], [121.49626964443, 24.994315388645], [121.495890535, 24.993221249291], [121.49503786827, 24.992783561625], [121.49442300308, 24.991800717971], [121.49258838776, 24.993883483479], [121.49275785227, 24.994067837397], [121.49540109963, 24.993920328535], [121.49537097295, 24.994386146156], [121.49568037893, 24.994364693065], [121.49517639151, 24.995563865076], [121.49636417375, 24.996042419389], [121.4965257224, 24.995881524719], [121.49741580936, 24.996048026493], [121.49716888836, 24.996965400358], [121.49764560488, 24.997190514599], [121.49882616474, 24.998374094037]]]]}, "id": "A6503-009-00"}, {"type": "Feature", "properties": {"county": "新北市", "town": "永和區", "village": "民本里"}, "geometry": {"type": "MultiPolygon", "coordinates": [[[[121.52576938722, 24.997988648258], [121.52835812687, 24.997749056202], [121.52843683309, 24.99746662029], [121.53107383236, 24.996538703316], [121.53142983442, 24.995433168262], [121.5275300479, 24.995448333316], [121.52725241269, 24.994800561564], [121.5266645095, 24.994840151205], [121.52654193573, 24.996274015533], [121.52592038081, 24.997564022228], [121.52572334269, 24.997516847837], [121.52576938722, 24.997988648258]]]]}, "id": "A6504-034-00"}, {"type": "Feature", "properties": {"county": "新北市", "town": "中和區", "village": "安和里"}, "geometry": {"type": "MultiPolygon", "coordinates": [[[[121.51039580855, 24.99784165171], [121.51139534777, 24.997101901977], [121.50951452994, 24.994646319136], [121.5075656703, 24.995480040018], [121.50802922641, 24.995960879309], [121.50832405752, 24.995786965895], [121.50851949525, 24.996061773294], [121.50818680541, 24.996249088709], [121.50872069431, 24.996822865072], [121.50888497205, 24.996733005759], [121.50901863837, 24.996850551006], [121.50917264523, 24.997241078562], [121.5093955745, 24.997087905721], [121.51020459951, 24.997979187026], [121.51039580855, 24.99784165171]]]]}, "id": "A6503-021-00"}, {"type": "Feature", "properties": {"county": "新北市", "town": "中和區", "village": "秀福里"}, "geometry": {"type": "MultiPolygon", "coordinates": [[[[121.52572334269, 24.997516847837], [121.52592038081, 24.997564022228], [121.52654193573, 24.996274015533], [121.52665273917, 24.995222104032], [121.52567017071, 24.995032312502], [121.52570395962, 24.995220658302], [121.52401888169, 24.994899772243], [121.52394081042, 24.994530485505], [121.52296310258, 24.994693502251], [121.52272353341, 24.994508487099], [121.52199085228, 24.994422400303], [121.52223920434, 24.996171442515], [121.52125175404, 24.996311424487], [121.52129146866, 24.996409159461], [121.52284574835, 24.99665606636], [121.52289358568, 24.996819143317], [121.52376520361, 24.997014173718], [121.52378742377, 24.997128492882], [121.52572334269, 24.997516847837]]]]}, "id": "A6503-029-00"}, {"type": "Feature", "properties": {"county": "新北市", "town": "永和區", "village": "智光里"}, "geometry": {"type": "MultiPolygon", "coordinates": [[[[121.51561035458, 24.99738206037], [121.51719943004, 24.99610254998], [121.51693610117, 24.995305567194], [121.51565679551, 24.994919300685], [121.5149265589, 24.99452835758], [121.51454603506, 24.994164391325], [121.51435293222, 24.99370257915], [121.5138896154, 24.99344862551], [121.51307004031, 24.993407958954], [121.5123363764, 24.993624204268], [121.51561035458, 24.99738206037]]]]}, "id": "A6504-040-00"}, {"type": "Feature", "properties": {"county": "新北市", "town": "永和區", "village": "潭安里"}, "geometry": {"type": "MultiPolygon", "coordinates": [[[[121.51688587392, 25.001650609463], [121.51752508972, 25.00204359388], [121.51771728037, 25.000151707942], [121.51752595889, 24.999656770961], [121.51372012064, 24.995257208013], [121.51369044538, 24.995450441635], [121.51444911605, 24.9965871929], [121.5150467336, 24.997975504526], [121.51438070521, 24.998702567903], [121.51416512035, 24.99944188703], [121.51450490186, 24.999172098687], [121.51547941622, 24.998881241826], [121.51646426815, 25.000106855505], [121.51593399778, 25.000587594416], [121.51688587392, 25.001650609463]]]]}, "id": "A6504-031-00"}, {"type": "Feature", "properties": {"county": "新北市", "town": "中和區", "village": "清穗里"}, "geometry": {"type": "MultiPolygon", "coordinates": [[[[121.46620927475, 25.00221029658], [121.46664015593, 25.001171687199], [121.46724139355, 25.000454879448], [121.46712112815, 25.000459319827], [121.46725446245, 25.000172499876], [121.46843182932, 24.999234740834], [121.46833329555, 24.998806712265], [121.47054052139, 24.997907586337], [121.47003100355, 24.996499670018], [121.47023093702, 24.996173991784], [121.46899132524, 24.994737588269], [121.46790372006, 24.996861939135], [121.46693243492, 24.997924391214], [121.46578661442, 24.998602020645], [121.46620503454, 24.999917380346], [121.46653317557, 25.00043154973], [121.46600608162, 25.001285609983], [121.46589649316, 25.001739598915], [121.46583625084, 25.002102936481], [121.46620927475, 25.00221029658]]]]}, "id": "A6503-065-00"}, {"type": "Feature", "properties": {"county": "新北市", "town": "中和區", "village": "自強里"}, "geometry": {"type": "MultiPolygon", "coordinates": [[[[121.46628604344, 25.002173179426], [121.4695429044, 25.000854120542], [121.47053857899, 25.000186887335], [121.47268945141, 25.00029663405], [121.47272725468, 24.999605429924], [121.47252462924, 24.999034715067], [121.47023093702, 24.996173991784], [121.47003100355, 24.996499670018], [121.47054052139, 24.997907586337], [121.46833329555, 24.998806712265], [121.46843182932, 24.999234740834], [121.46725446245, 25.000172499876], [121.46716319212, 25.000584060212], [121.46664015593, 25.001171687199], [121.46628604344, 25.002173179426]]]]}, "id": "A6503-066-00"}, {"type": "Feature", "properties": {"county": "新北市", "town": "中和區", "village": "安樂里"}, "geometry": {"type": "MultiPolygon", "coordinates": [[[[121.51434739287, 25.001672598568], [121.51482008127, 25.001685589896], [121.51509032179, 25.001610074681], [121.51508633238, 25.001476549596], [121.5140553573, 25.000241605916], [121.51425075851, 24.998991043085], [121.51295774926, 24.997496779956], [121.51267215894, 24.997553563776], [121.51193380585, 24.996683540772], [121.51018105516, 24.99799606194], [121.51136965935, 24.999325297318], [121.51116207172, 24.999474356807], [121.51133069378, 24.999663748559], [121.51252998886, 25.000116038647], [121.51363501665, 25.001359856778], [121.51406577565, 25.001350964809], [121.51419607892, 25.001716821525], [121.51434739287, 25.001672598568]]]]}, "id": "A6503-020-00"}, {"type": "Feature", "properties": {"county": "新北市", "town": "板橋區", "village": "大豐里"}, "geometry": {"type": "MultiPolygon", "coordinates": [[[[121.4627996284, 25.001770122945], [121.46394600926, 24.998225172652], [121.46340705075, 24.998098640359], [121.46323925404, 24.999002791209], [121.46108630767, 24.998657617477], [121.46105767641, 24.998858235966], [121.46149477127, 24.998915755343], [121.461742549, 24.999206625151], [121.461472522, 24.99956582725], [121.46216847372, 24.999663250423], [121.46214597175, 24.999770505744], [121.46141438125, 24.999663521114], [121.46104468513, 25.000423018425], [121.46080158402, 25.00040029655], [121.46083667027, 25.000233420881], [121.45966761525, 24.999937464277], [121.45951956929, 24.999387227935], [121.45821392528, 24.999642353734], [121.45860330715, 25.000418014741], [121.4591495204, 25.000296513972], [121.45936814297, 25.000570594071], [121.4595575326, 25.000498679161], [121.45983236035, 25.001054110164], [121.4627996284, 25.001770122945]]]]}, "id": "A6501-079-00"}, {"type": "Feature", "properties": {"county": "新北市", "town": "永和區", "village": "秀元里"}, "geometry": {"type": "MultiPolygon", "coordinates": [[[[121.52484401615, 25.001569209716], [121.52544474692, 25.001542981136], [121.52542320713, 25.001127994113], [121.52524499389, 25.000513838099], [121.52459074771, 24.999366573154], [121.52185238936, 24.999789552334], [121.52223553527, 25.001064368688], [121.52461345794, 25.000731498732], [121.52484401615, 25.001569209716]]]]}, "id": "A6504-060-00"}, {"type": "Feature", "properties": {"county": "新北市", "town": "永和區", "village": "秀得里"}, "geometry": {"type": "MultiPolygon", "coordinates": [[[[121.52544474692, 25.001542981136], [121.5267966712, 25.001267329386], [121.5266821361, 24.999050210881], [121.52459074771, 24.999366573154], [121.52524499389, 25.000513838099], [121.52544474692, 25.001542981136]]]]}, "id": "A6504-050-00"}, {"type": "Feature", "properties": {"county": "新北市", "town": "中和區", "village": "安平里"}, "geometry": {"type": "MultiPolygon", "coordinates": [[[[121.5100942642, 25.001535645875], [121.51064525524, 25.000506163363], [121.51209267745, 24.999883693051], [121.51133069378, 24.999663748559], [121.51116207172, 24.999474356807], [121.51136965935, 24.999325297318], [121.50951863354, 24.997226981956], [121.50887170592, 24.997539434262], [121.50749374387, 24.99859827948], [121.5100942642, 25.001535645875]]]]}, "id": "A6503-022-00"}, {"type": "Feature", "properties": {"county": "新北市", "town": "板橋區", "village": "龍安里"}, "geometry": {"type": "MultiPolygon", "coordinates": [[[[121.44366102948, 25.0014798228], [121.44300053788, 24.999065879875], [121.44097860945, 24.998518735826], [121.43525988801, 24.998490160858], [121.43531994521, 25.000006972616], [121.43632983687, 25.000110937798], [121.4365842792, 25.001286319959], [121.44101977492, 25.001137167502], [121.44329629889, 25.00130953765], [121.44366102948, 25.0014798228]]]]}, "id": "A6501-097-00"}, {"type": "Feature", "properties": {"county": "新北市", "town": "中和區", "village": "漳和里"}, "geometry": {"type": "MultiPolygon", "coordinates": [[[[121.50072079112, 25.000896727183], [121.50202204656, 24.999802356578], [121.50598288652, 24.999695486914], [121.50617482729, 24.997082014107], [121.5059400793, 24.996864219222], [121.50493495437, 24.998664320557], [121.50418038804, 24.997914491068], [121.50369683272, 24.9983589124], [121.50339521433, 24.998293931144], [121.50337033128, 24.998416262935], [121.50208463679, 24.998012320822], [121.50163123726, 24.998419524401], [121.5007250988, 24.998269806111], [121.50052677054, 24.998448255168], [121.49998254297, 24.998219663945], [121.49935250875, 24.998857875469], [121.50056897111, 25.000171574574], [121.50064847751, 25.00051422991], [121.50008814154, 25.000830504964], [121.50022208433, 25.00127807519], [121.50072079112, 25.000896727183]]]]}, "id": "A6503-011-00"}, {"type": "Feature", "properties": {"county": "新北市", "town": "中和區", "village": "信和里"}, "geometry": {"type": "MultiPolygon", "coordinates": [[[[121.48355600357, 25.001229621666], [121.48378077599, 24.999679597524], [121.4836728603, 24.996576212943], [121.48380749546, 24.996215064233], [121.48303406198, 24.995744544946], [121.48271978398, 24.996199636376], [121.48277842747, 24.997155261235], [121.48219626173, 24.997141529599], [121.48202187503, 24.998331491334], [121.48224192254, 24.998340891566], [121.4822515573, 24.998559091248], [121.48290390676, 24.998485917064], [121.48287776324, 24.999678738667], [121.48256826105, 24.999664665018], [121.48247854366, 25.001171994066], [121.48355600357, 25.001229621666]]]]}, "id": "A6503-003-00"}, {"type": "Feature", "properties": {"county": "新北市", "town": "中和區", "village": "民安里"}, "geometry": {"type": "MultiPolygon", "coordinates": [[[[121.48091587471, 25.001011641811], [121.48127563395, 25.001109617609], [121.48127593595, 24.999152389247], [121.47995926094, 24.999037099123], [121.47862274281, 24.998460565377], [121.47725511335, 24.997484314294], [121.47706564453, 24.997045297296], [121.47715576976, 24.996917698241], [121.47608663955, 24.996233740807], [121.47514298859, 24.998896627709], [121.47551869936, 24.999034152507], [121.47604130668, 24.998538086107], [121.47650104395, 24.998952590487], [121.47687139234, 24.99883739411], [121.47759743989, 24.999301959169], [121.47766210588, 24.999805908603], [121.47900495208, 24.999778208711], [121.48091587471, 25.001011641811]]]]}, "id": "A6503-061-00"}, {"type": "Feature", "properties": {"county": "新北市", "town": "中和區", "village": "明穗里"}, "geometry": {"type": "MultiPolygon", "coordinates": [[[[121.4754431188, 25.000998806291], [121.47568701427, 25.001120911843], [121.47561511723, 25.000898877871], [121.47604863928, 25.000687214016], [121.47566525391, 24.999962713697], [121.47551869936, 24.999034152507], [121.47514298859, 24.998896627709], [121.47608663955, 24.996233740807], [121.47311502277, 24.994068565979], [121.47212432549, 24.993796602238], [121.47076362034, 24.992895299223], [121.47015191812, 24.992307002445], [121.47021181101, 24.991946373321], [121.46974855781, 24.992186564593], [121.46939475617, 24.991692628106], [121.46907067945, 24.993191291465], [121.46915337179, 24.993794623342], [121.46899132524, 24.994737588269], [121.47235522033, 24.998773139561], [121.47270476223, 24.999450472123], [121.47267493928, 25.00039067258], [121.47447172773, 25.000983849613], [121.47460287847, 25.000664705748], [121.4754431188, 25.000998806291]]]]}, "id": "A6503-064-00"}, {"type": "Feature", "properties": {"county": "新北市", "town": "中和區", "village": "連城里"}, "geometry": {"type": "MultiPolygon", "coordinates": [[[[121.49703826776, 25.000689851623], [121.49713871933, 25.000878855467], [121.49935250875, 24.998857875469], [121.49764560488, 24.997190514599], [121.49716888836, 24.996965400358], [121.49741580936, 24.996048026493], [121.4965257224, 24.995881524719], [121.49636417375, 24.996042419389], [121.49576481403, 24.995786923594], [121.49457005506, 24.997223981905], [121.49482280513, 24.997413918395], [121.49465777702, 24.997666106607], [121.49439739149, 24.997501846954], [121.49428516703, 24.997705808657], [121.49564656368, 24.998683367692], [121.49703826776, 25.000689851623]]]]}, "id": "A6503-008-00"}, {"type": "Feature", "properties": {"county": "新北市", "town": "板橋區", "village": "廣福里"}, "geometry": {"type": "MultiPolygon", "coordinates": [[[[121.46028096033, 24.994492743804], [121.46125544999, 24.99456367413], [121.46142755461, 24.993891557953], [121.462031311, 24.993062621719], [121.46321557817, 24.993235093325], [121.46331448924, 24.992942422455], [121.46299225298, 24.992726190739], [121.46313418977, 24.992445306015], [121.46277101826, 24.99221104819], [121.4628365468, 24.991702382374], [121.46412264373, 24.992430939945], [121.46533981683, 24.990511801146], [121.46565783664, 24.990580871449], [121.46577756303, 24.990272948353], [121.46514836678, 24.990053090864], [121.46494742075, 24.989719281743], [121.464117025, 24.989629055046], [121.46369876474, 24.989344589238], [121.46345315134, 24.989452438822], [121.46330555606, 24.989073044843], [121.46278215938, 24.989272681876], [121.46193666836, 24.989164883091], [121.46167815874, 24.98938608461], [121.46101436445, 24.989229501623], [121.45999873967, 24.990959546356], [121.45716094972, 24.99402725298], [121.46028096033, 24.994492743804]]]]}, "id": "A6501-083-00"}, {"type": "Feature", "properties": {"county": "新北市", "town": "中和區", "village": "景平里"}, "geometry": {"type": "MultiPolygon", "coordinates": [[[[121.51044765375, 24.994310582076], [121.5120167215, 24.993246988717], [121.5123363764, 24.993624204268], [121.51307004031, 24.993407958954], [121.51388482641, 24.993464016999], [121.5138835169, 24.992147047346], [121.5144157494, 24.990985971193], [121.5141631094, 24.990899279368], [121.51409963388, 24.991007739985], [121.51245547007, 24.990442505797], [121.51229999323, 24.990701452387], [121.51210799955, 24.990624466573], [121.51166281307, 24.991661082938], [121.51074074578, 24.992590809909], [121.51070664497, 24.992801213554], [121.50657704536, 24.993309246784], [121.50643262436, 24.993871496844], [121.50719987114, 24.993738233239], [121.50821270111, 24.993962579338], [121.5082998583, 24.993678138325], [121.50906106027, 24.993797698654], [121.51044765375, 24.994310582076]]]]}, "id": "A6503-047-00"}, {"type": "Feature", "properties": {"county": "新北市", "town": "中和區", "village": "秀水里"}, "geometry": {"type": "MultiPolygon", "coordinates": [[[[121.51931610893, 24.994229600977], [121.51992874483, 24.994244435222], [121.52003764287, 24.993715405946], [121.52077202389, 24.992955302504], [121.52118130779, 24.992104418943], [121.52050766336, 24.991999207457], [121.52083839382, 24.991370837398], [121.52071552174, 24.991099957929], [121.51861041044, 24.991840093376], [121.51745592407, 24.992025523532], [121.51774350981, 24.994117358115], [121.51931610893, 24.994229600977]]]]}, "id": "A6503-072-00"}, {"type": "Feature", "properties": {"county": "新北市", "town": "中和區", "village": "錦中里"}, "geometry": {"type": "MultiPolygon", "coordinates": [[[[121.49258838776, 24.993883483479], [121.49442300308, 24.991800717971], [121.49383650595, 24.991125937938], [121.49298380521, 24.990797219166], [121.49162806336, 24.990638730632], [121.49117674857, 24.989619305443], [121.48997933204, 24.989204125105], [121.4889168854, 24.98921899603], [121.48780217996, 24.988724430317], [121.48669230663, 24.989517294741], [121.48619148946, 24.990296604346], [121.48585788697, 24.99131680346], [121.48562219357, 24.992572791766], [121.48564343557, 24.99371589058], [121.49061471858, 24.993866348033], [121.49068476934, 24.993584771983], [121.49215024988, 24.993674826977], [121.49258838776, 24.993883483479]]]]}, "id": "A6503-085-00"}, {"type": "Feature", "properties": {"county": "新北市", "town": "中和區", "village": "德行里"}, "geometry": {"type": "MultiPolygon", "coordinates": [[[[121.4960845798, 24.993874062402], [121.49961555536, 24.993659017245], [121.49934398236, 24.993067763193], [121.49963360504, 24.992974825495], [121.49928964286, 24.992379300245], [121.49846770742, 24.991783159666], [121.49810907178, 24.990703674879], [121.49801368087, 24.989598748879], [121.49338101028, 24.990926823889], [121.49389127097, 24.991172075233], [121.49503786827, 24.992783561625], [121.495890535, 24.993221249291], [121.4960845798, 24.993874062402]]]]}, "id": "A6503-073-00"}, {"type": "Feature", "properties": {"county": "新北市", "town": "中和區", "village": "灰■里"}, "geometry": {"type": "MultiPolygon", "coordinates": [[[[121.48237179603, 24.993608523982], [121.48344838634, 24.99364864044], [121.48350260747, 24.992616533017], [121.48462452178, 24.992652430195], [121.48501912476, 24.991869951143], [121.48484667525, 24.991649752409], [121.48510224126, 24.991375339306], [121.48548814091, 24.991935778159], [121.48562219357, 24.992572791766], [121.48619148946, 24.990296604346], [121.48679249954, 24.989398234651], [121.48780217996, 24.988724430317], [121.48727806822, 24.988338440151], [121.48596929386, 24.988417483227], [121.48591789104, 24.988082309019], [121.48570274525, 24.98795344425], [121.4850211858, 24.98798067797], [121.48506020673, 24.986660231477], [121.48440532885, 24.986197006472], [121.48414413213, 24.985699091303], [121.48489879658, 24.985524088483], [121.48525336301, 24.98526732036], [121.48809635589, 24.976791378198], [121.48849808751, 24.976280189317], [121.48830633603, 24.976112697105], [121.48761412038, 24.976217987784], [121.48673751736, 24.975826105705], [121.48615562079, 24.976021409277], [121.48456791672, 24.975542176697], [121.48351202783, 24.975909120588], [121.48325675513, 24.976314361546], [121.48236815526, 24.976131966735], [121.4819502171, 24.976264422563], [121.48156483779, 24.97693282786], [121.48177669487, 24.976558880285], [121.48162529302, 24.975296112125], [121.48209713059, 24.974928636484], [121.4826112401, 24.974842910003], [121.48252336765, 24.974725727051], [121.48289188454, 24.974721551944], [121.48271976955, 24.974266142392], [121.48188854514, 24.973771693456], [121.4814597116, 24.973936507723], [121.48105202343, 24.974413116527], [121.48062885178, 24.975384115493], [121.47939601169, 24.975965771352], [121.47911564566, 24.977657910691], [121.47811279271, 24.978311861073], [121.47751785136, 24.979134603482], [121.4767395202, 24.979521104918], [121.47567321823, 24.979340955671], [121.47519901298, 24.980249712014], [121.47504925916, 24.981143616693], [121.47456215286, 24.981823164329], [121.47416770422, 24.983209481519], [121.47435918407, 24.983989524661], [121.47491537261, 24.98404210611], [121.47592069775, 24.985223689764], [121.47684472954, 24.98582902036], [121.47847084302, 24.987972448389], [121.478776121, 24.988759793878], [121.4795985645, 24.989789890199], [121.47970882667, 24.990326492697], [121.47910925166, 24.990302962177], [121.47738224453, 24.990966461056], [121.47863053554, 24.991401173215], [121.48085470706, 24.993293896462], [121.48080953626, 24.993570692201], [121.48160679144, 24.993345366786], [121.48161720755, 24.993586047932], [121.48237179603, 24.993608523982]]]]}, "id": "A6503-054-00"}, {"type": "Feature", "properties": {"county": "新北市", "town": "中和區", "village": "景福里"}, "geometry": {"type": "MultiPolygon", "coordinates": [[[[121.50395016898, 24.993554792643], [121.50987144715, 24.992900763169], [121.50976463969, 24.992545942352], [121.50882403079, 24.992271609126], [121.50899575981, 24.991691086972], [121.50880094199, 24.991644802306], [121.50893952748, 24.991349440589], [121.50858216408, 24.99071989358], [121.51046342892, 24.989821112729], [121.50948255991, 24.988418038786], [121.50935380961, 24.989115413264], [121.50878171307, 24.9889980063], [121.50855974224, 24.989579693194], [121.50794733587, 24.98987333324], [121.50747969196, 24.990536963266], [121.50716840539, 24.99068381769], [121.50732869371, 24.990957573109], [121.50460419132, 24.992262865699], [121.50467526542, 24.992520132297], [121.50434943937, 24.992866778352], [121.50433366488, 24.993145919477], [121.503920487, 24.993255168039], [121.50395016898, 24.993554792643]]]]}, "id": "A6503-049-00"}, {"type": "Feature", "properties": {"county": "新北市", "town": "中和區", "village": "景本里"}, "geometry": {"type": "MultiPolygon", "coordinates": [[[[121.5144157494, 24.990985971193], [121.51473874539, 24.990301266459], [121.51485030445, 24.989503978468], [121.51320058084, 24.988972696551], [121.51306531851, 24.989258955744], [121.51282791276, 24.989168129223], [121.51210799955, 24.990624466573], [121.51229999323, 24.990701452387], [121.51245547007, 24.990442505797], [121.51409963388, 24.991007739985], [121.5141631094, 24.990899279368], [121.5144157494, 24.990985971193]]]]}, "id": "A6503-079-00"}, {"type": "Feature", "properties": {"county": "新北市", "town": "中和區", "village": "錦盛里"}, "geometry": {"type": "MultiPolygon", "coordinates": [[[[121.49247755732, 24.990718933851], [121.49338101028, 24.990926823889], [121.49801368087, 24.989598748879], [121.49634482178, 24.986930642582], [121.4946511928, 24.988549321193], [121.49344004675, 24.988870803628], [121.49365101337, 24.989380274584], [121.49174498576, 24.990618118457], [121.49247755732, 24.990718933851]]]]}, "id": "A6503-086-00"}, {"type": "Feature", "properties": {"county": "新北市", "town": "中和區", "village": "壽南里"}, "geometry": {"type": "MultiPolygon", "coordinates": [[[[121.50716840539, 24.99068381769], [121.50747969196, 24.990536963266], [121.50794733587, 24.98987333324], [121.50855974224, 24.989579693194], [121.50878171307, 24.9889980063], [121.50935380961, 24.989115413264], [121.50939764907, 24.988293710989], [121.5099039591, 24.987100866653], [121.50898080116, 24.986768688223], [121.50805218501, 24.985882320305], [121.50787609921, 24.985958313767], [121.50803228285, 24.986400554626], [121.50787890446, 24.986521806432], [121.50706654343, 24.98612901451], [121.50700129834, 24.986396766768], [121.50652440408, 24.98624029207], [121.50527975644, 24.987766639367], [121.50640099124, 24.988863197567], [121.50729491924, 24.989498492065], [121.50736480608, 24.989643183853], [121.50699882233, 24.990396829569], [121.50716840539, 24.99068381769]]]]}, "id": "A6503-043-00"}, {"type": "Feature", "properties": {"county": "新北市", "town": "中和區", "village": "錦昌里"}, "geometry": {"type": "MultiPolygon", "coordinates": [[[[121.49162806336, 24.990638730632], [121.49365101337, 24.989380274584], [121.49344004675, 24.988870803628], [121.4946511928, 24.988549321193], [121.4976984398, 24.985636863548], [121.49714751369, 24.984446094006], [121.49474439115, 24.982887089932], [121.49433980456, 24.982315251882], [121.49312977994, 24.981447961734], [121.49295983239, 24.981589107131], [121.49189099852, 24.98146027735], [121.49192270723, 24.98185275615], [121.49223941362, 24.982066239616], [121.49242391959, 24.982441508896], [121.49089623379, 24.983092223432], [121.49112203565, 24.98329246584], [121.49160801981, 24.984386447245], [121.49223130725, 24.984360279152], [121.4922185884, 24.98475678767], [121.49246606921, 24.985290669539], [121.49242714573, 24.985425962894], [121.49213657119, 24.985211581082], [121.49199293052, 24.985292053848], [121.49253148814, 24.986432718729], [121.49219066876, 24.987286820899], [121.49220914577, 24.988089894209], [121.49117674857, 24.989619305443], [121.49162806336, 24.990638730632]]]]}, "id": "A6503-053-00"}, {"type": "Feature", "properties": {"county": "新北市", "town": "中和區", "village": "中興里"}, "geometry": {"type": "MultiPolygon", "coordinates": [[[[121.49963360504, 24.992974825495], [121.4998592211, 24.992902427394], [121.50006973914, 24.990346951891], [121.50283556322, 24.990279755347], [121.50290897119, 24.98908352031], [121.50267868372, 24.987968489522], [121.50374955921, 24.987699866237], [121.50355175945, 24.987601396415], [121.50358567239, 24.987442370483], [121.50432826373, 24.986835992924], [121.5039504175, 24.986383744468], [121.50308593226, 24.986088891294], [121.50270528942, 24.985208581679], [121.50204770938, 24.984858487661], [121.4976984398, 24.985636863548], [121.49634482178, 24.986930642582], [121.49801368087, 24.989598748879], [121.49810907178, 24.990703674879], [121.49846770742, 24.991783159666], [121.49928964286, 24.992379300245], [121.49963360504, 24.992974825495]]]]}, "id": "A6503-081-00"}, {"type": "Feature", "properties": {"county": "新北市", "town": "中和區", "village": "景新里"}, "geometry": {"type": "MultiPolygon", "coordinates": [[[[121.50987144715, 24.992900763169], [121.51070664497, 24.992801213554], [121.51074074578, 24.992590809909], [121.51166281307, 24.991661082938], [121.51167071578, 24.991438489955], [121.51046342892, 24.989821112729], [121.50858216408, 24.99071989358], [121.50893952748, 24.991349440589], [121.50880094199, 24.991644802306], [121.50899575981, 24.991691086972], [121.50882403079, 24.992271609126], [121.50976463969, 24.992545942352], [121.50987144715, 24.992900763169]]]]}, "id": "A6503-048-00"}, {"type": "Feature", "properties": {"county": "新北市", "town": "中和區", "village": "復興里"}, "geometry": {"type": "MultiPolygon", "coordinates": [[[[121.4998592211, 24.992902427394], [121.50402591628, 24.992376063502], [121.50450210198, 24.991873608609], [121.50376488961, 24.99027859827], [121.50013855817, 24.990311959432], [121.49996106484, 24.990588392721], [121.4998592211, 24.992902427394]]]]}, "id": "A6503-045-00"}, {"type": "Feature", "properties": {"county": "新北市", "town": "中和區", "village": "秀士里"}, "geometry": {"type": "MultiPolygon", "coordinates": [[[[121.51392869396, 24.992435728234], [121.5175702318, 24.992011971948], [121.51808167653, 24.990065203456], [121.5160593917, 24.989347921311], [121.51485030445, 24.989503978468], [121.51473874539, 24.990301266459], [121.5138835169, 24.992147047346], [121.51392869396, 24.992435728234]]]]}, "id": "A6503-077-00"}, {"type": "Feature", "properties": {"county": "新北市", "town": "中和區", "village": "吉興里"}, "geometry": {"type": "MultiPolygon", "coordinates": [[[[121.50402591628, 24.992376063502], [121.5047614532, 24.992216554986], [121.50732869371, 24.990957573109], [121.50674939823, 24.990042467811], [121.50620423189, 24.989778057444], [121.50376488961, 24.99027859827], [121.50450210198, 24.991873608609], [121.50402591628, 24.992376063502]]]]}, "id": "A6503-082-00"}, {"type": "Feature", "properties": {"county": "新北市", "town": "中和區", "village": "秀峰里"}, "geometry": {"type": "MultiPolygon", "coordinates": [[[[121.5175702318, 24.992011971948], [121.51861041044, 24.991840093376], [121.5213259248, 24.990881470884], [121.52154499076, 24.989742506914], [121.52061311286, 24.989485734], [121.52069428989, 24.988274025083], [121.52012258463, 24.988192230459], [121.51808167653, 24.990065203456], [121.5175702318, 24.992011971948]]]]}, "id": "A6503-032-00"}, {"type": "Feature", "properties": {"county": "新北市", "town": "新店區", "village": "忠孝里"}, "geometry": {"type": "MultiPolygon", "coordinates": [[[[121.53340749784, 24.991701062735], [121.53405170048, 24.990793456228], [121.53702256443, 24.990973383206], [121.5365534101, 24.989514439361], [121.5370393317, 24.988451463011], [121.53846419922, 24.987774403815], [121.5397961098, 24.987611083218], [121.54000998033, 24.986731651829], [121.53744996336, 24.986903802241], [121.53023995976, 24.989105693427], [121.53188995123, 24.990685426747], [121.53177278686, 24.990165321628], [121.53260076407, 24.990711307547], [121.53340749784, 24.991701062735]]]]}, "id": "A6506-009-00"}, {"type": "Feature", "properties": {"county": "新北市", "town": "板橋區", "village": "溪北里"}, "geometry": {"type": "MultiPolygon", "coordinates": [[[[121.42822924134, 24.991953844939], [121.43114460841, 24.990553138887], [121.43040509452, 24.989197573867], [121.42940452476, 24.987835715335], [121.425999712, 24.990338638817], [121.42822924134, 24.991953844939]]]]}, "id": "A6501-100-00"}, {"type": "Feature", "properties": {"county": "新北市", "town": "中和區", "village": "興南里"}, "geometry": {"type": "MultiPolygon", "coordinates": [[[[121.51167071578, 24.991438489955], [121.51313507568, 24.988486732455], [121.51280821003, 24.988298701141], [121.51227158007, 24.986861952993], [121.51177948811, 24.986707082353], [121.51039560449, 24.989700356256], [121.51167071578, 24.991438489955]]]]}, "id": "A6503-078-00"}, {"type": "Feature", "properties": {"county": "新北市", "town": "中和區", "village": "正行里"}, "geometry": {"type": "MultiPolygon", "coordinates": [[[[121.49923443161, 24.996329239333], [121.50054648977, 24.995328115123], [121.50004274015, 24.99484151887], [121.49985720245, 24.993635772434], [121.4960845798, 24.993874062402], [121.49626964443, 24.994315388645], [121.49693711828, 24.994394332188], [121.49735871786, 24.994673275204], [121.497603026, 24.995464034576], [121.49891883518, 24.99585636354], [121.49923443161, 24.996329239333]]]]}, "id": "A6503-093-00"}, {"type": "Feature", "properties": {"county": "新北市", "town": "中和區", "village": "秀仁里"}, "geometry": {"type": "MultiPolygon", "coordinates": [[[[121.51971564571, 24.996002782329], [121.51983231778, 24.996153898626], [121.52031603874, 24.996193455503], [121.52001282639, 24.994265183284], [121.51755818101, 24.994122862756], [121.51777001275, 24.994600883166], [121.51656933886, 24.994670298604], [121.51603010026, 24.995034160801], [121.51693610117, 24.995305567194], [121.51709454438, 24.995602165527], [121.51907410803, 24.995907675976], [121.51936292382, 24.995817414877], [121.5193968203, 24.996042770015], [121.51971564571, 24.996002782329]]]]}, "id": "A6503-033-00"}, {"type": "Feature", "properties": {"county": "新北市", "town": "中和區", "village": "中山里"}, "geometry": {"type": "MultiPolygon", "coordinates": [[[[121.48908609289, 24.996196180178], [121.48984902299, 24.996278272313], [121.49061471858, 24.993866348033], [121.48744041365, 24.993806856094], [121.48748460794, 24.994384706112], [121.48864954177, 24.994289810299], [121.48808490859, 24.996200370876], [121.48908609289, 24.996196180178]]]]}, "id": "A6503-083-00"}, {"type": "Feature", "properties": {"county": "新北市", "town": "中和區", "village": "仁和里"}, "geometry": {"type": "MultiPolygon", "coordinates": [[[[121.48517306932, 24.996221452006], [121.48531042722, 24.996222087392], [121.48566982883, 24.995088220429], [121.48656580367, 24.994503252681], [121.48665443862, 24.993761705967], [121.48564343557, 24.99371589058], [121.48548814091, 24.991935778159], [121.48510224126, 24.991375339306], [121.48484667525, 24.991649752409], [121.48501912476, 24.991869951143], [121.48462452178, 24.992652430195], [121.48350260747, 24.992616533017], [121.48344838634, 24.99364864044], [121.48237179603, 24.993608523982], [121.48231609185, 24.99401185176], [121.48263432363, 24.99400654769], [121.48261816589, 24.994575562467], [121.4822778894, 24.99456590786], [121.48229422078, 24.995023808547], [121.4825452259, 24.99506302383], [121.48256553135, 24.995534515219], [121.48380749546, 24.996215064233], [121.48517306932, 24.996221452006]]]]}, "id": "A6503-004-00"}, {"type": "Feature", "properties": {"county": "新北市", "town": "中和區", "village": "中正里"}, "geometry": {"type": "MultiPolygon", "coordinates": [[[[121.48531042722, 24.996222087392], [121.48808490859, 24.996200370876], [121.48864954177, 24.994289810299], [121.48748460794, 24.994384706112], [121.48744041365, 24.993806856094], [121.48665443862, 24.993761705967], [121.48656580367, 24.994503252681], [121.48566982883, 24.995088220429], [121.48531042722, 24.996222087392]]]]}, "id": "A6503-005-00"}, {"type": "Feature", "properties": {"county": "新北市", "town": "板橋區", "village": "五權里"}, "geometry": {"type": "MultiPolygon", "coordinates": [[[[121.46363688912, 24.99585085978], [121.46372560409, 24.995931845186], [121.46513002269, 24.994451110989], [121.46624567983, 24.992974895375], [121.46689229752, 24.993227667867], [121.46718758204, 24.992900610933], [121.46706672769, 24.991925760826], [121.46613998103, 24.991039494026], [121.46667753586, 24.990935810292], [121.46661599027, 24.990768925628], [121.46608362402, 24.990345685424], [121.46577756303, 24.990272948353], [121.46565783664, 24.990580871449], [121.46533981683, 24.990511801146], [121.46412264373, 24.992430939945], [121.4628365468, 24.991702382374], [121.46277101826, 24.99221104819], [121.46356030409, 24.992856039697], [121.46296201507, 24.995167564967], [121.46363688912, 24.99585085978]]]]}, "id": "A6501-123-00"}, {"type": "Feature", "properties": {"county": "新北市", "town": "板橋區", "village": "和平里"}, "geometry": {"type": "MultiPolygon", "coordinates": [[[[121.45994931964, 24.995749261619], [121.46014971945, 24.995786436706], [121.46015855856, 24.995414177604], [121.46207188236, 24.995587475482], [121.46221587923, 24.994829128104], [121.46296201507, 24.995167564967], [121.46351121827, 24.993236613872], [121.46356030409, 24.992856039697], [121.46340969951, 24.992666015605], [121.4631049909, 24.992503002234], [121.46299225298, 24.992726190739], [121.46331448924, 24.992942422455], [121.46321557817, 24.993235093325], [121.46195416335, 24.993102679237], [121.46142755461, 24.993891557953], [121.46125544999, 24.99456367413], [121.45962529313, 24.994441137786], [121.45964554949, 24.995691331124], [121.45994931964, 24.995749261619]]]]}, "id": "A6501-082-00"}, {"type": "Feature", "properties": {"county": "新北市", "town": "板橋區", "village": "華德里"}, "geometry": {"type": "MultiPolygon", "coordinates": [[[[121.45388879646, 24.995357592735], [121.45492677979, 24.995787602084], [121.45432665508, 24.9939499779], [121.45419981853, 24.993743328506], [121.45351560266, 24.993414138168], [121.45373222313, 24.99261566856], [121.4530569548, 24.991002784382], [121.45240539303, 24.991129549296], [121.45122120568, 24.991935287991], [121.45018459853, 24.992412996704], [121.44976785322, 24.992943000523], [121.45092303616, 24.994102991203], [121.45388879646, 24.995357592735]]]]}, "id": "A6501-086-00"}, {"type": "Feature", "properties": {"county": "新北市", "town": "中和區", "village": "和興里"}, "geometry": {"type": "MultiPolygon", "coordinates": [[[[121.50208809585, 24.995457947729], [121.50252886742, 24.99563266318], [121.50343688692, 24.993279787197], [121.50402591628, 24.992376063502], [121.4998592211, 24.992902427394], [121.50032705054, 24.993298042048], [121.50111321925, 24.994882159803], [121.50164781318, 24.995377496883], [121.50208809585, 24.995457947729]]]]}, "id": "A6503-046-00"}, {"type": "Feature", "properties": {"county": "新北市", "town": "中和區", "village": "秀景里"}, "geometry": {"type": "MultiPolygon", "coordinates": [[[[121.53135834311, 24.99543570321], [121.53151610756, 24.995166177942], [121.53152998902, 24.993986251862], [121.53111302931, 24.993089290194], [121.53188286905, 24.991972302562], [121.53188995123, 24.990685426747], [121.52855102048, 24.987559399459], [121.52795136444, 24.987094276174], [121.52740263586, 24.987017036856], [121.52534458577, 24.985151606334], [121.5235357572, 24.983877122305], [121.52334316028, 24.983929085025], [121.52270777283, 24.984472697767], [121.52251855351, 24.985188913246], [121.52268095629, 24.986149844374], [121.52344468451, 24.987915946177], [121.52203113278, 24.988366765168], [121.52069428989, 24.988274025083], [121.52061311286, 24.989485734], [121.52154499076, 24.989742506914], [121.5213259248, 24.990881470884], [121.52214434154, 24.990642988216], [121.52224848264, 24.991290231868], [121.52340078645, 24.991441753453], [121.52468514719, 24.992366857578], [121.5247818157, 24.992291936954], [121.52531850992, 24.992723707412], [121.5266645095, 24.994840151205], [121.52725241269, 24.994800561564], [121.5275300479, 24.995448333316], [121.53135834311, 24.99543570321]]]]}, "id": "A6503-030-00"}, {"type": "Feature", "properties": {"county": "新北市", "town": "中和區", "village": "秀義里"}, "geometry": {"type": "MultiPolygon", "coordinates": [[[[121.52665273917, 24.995222104032], [121.52656103625, 24.994562769355], [121.52531850992, 24.992723707412], [121.5247818157, 24.992291936954], [121.52463916867, 24.992430132769], [121.52456645172, 24.99348994503], [121.52427351337, 24.993505694296], [121.52393709345, 24.994058462021], [121.52401888169, 24.994899772243], [121.52570395962, 24.995220658302], [121.52567017071, 24.995032312502], [121.52665273917, 24.995222104032]]]]}, "id": "A6503-076-00"}, {"type": "Feature", "properties": {"county": "新北市", "town": "新店區", "village": "大鵬里"}, "geometry": {"type": "MultiPolygon", "coordinates": [[[[121.53533507129, 24.994957350876], [121.53686364912, 24.992785369065], [121.53708854288, 24.991178409692], [121.53702256443, 24.990973383206], [121.53405170048, 24.990793456228], [121.53340749784, 24.991701062735], [121.53371275566, 24.992075567601], [121.5347838776, 24.994450472235], [121.53513187412, 24.995019484908], [121.53533507129, 24.994957350876]]]]}, "id": "A6506-010-00"}, {"type": "Feature", "properties": {"county": "新北市", "town": "中和區", "village": "秀明里"}, "geometry": {"type": "MultiPolygon", "coordinates": [[[[121.51603010026, 24.995034160801], [121.51656933886, 24.994670298604], [121.51777001275, 24.994600883166], [121.51746376654, 24.9941510123], [121.51774350981, 24.994117358115], [121.51745592407, 24.992025523532], [121.51392869396, 24.992435728234], [121.5138896154, 24.99344862551], [121.51435293222, 24.99370257915], [121.51454603506, 24.994164391325], [121.5149265589, 24.99452835758], [121.51603010026, 24.995034160801]]]]}, "id": "A6503-031-00"}, {"type": "Feature", "properties": {"county": "新北市", "town": "中和區", "village": "秀成里"}, "geometry": {"type": "MultiPolygon", "coordinates": [[[[121.52296310258, 24.994693502251], [121.52394081042, 24.994530485505], [121.52408655323, 24.993734245021], [121.52427351337, 24.993505694296], [121.52456645172, 24.99348994503], [121.52468514719, 24.992366857578], [121.52370495015, 24.991569256718], [121.52192487004, 24.993986530738], [121.52199085228, 24.994422400303], [121.52272353341, 24.994508487099], [121.52296310258, 24.994693502251]]]]}, "id": "A6503-028-00"}, {"type": "Feature", "properties": {"county": "新北市", "town": "中和區", "village": "東南里"}, "geometry": {"type": "MultiPolygon", "coordinates": [[[[121.51039560449, 24.989700356256], [121.51177948811, 24.986707082353], [121.51193501358, 24.986737066239], [121.51203566761, 24.986163736589], [121.51250113877, 24.985909820599], [121.51251244483, 24.985758317026], [121.51349241555, 24.985663655226], [121.51348379324, 24.984985243604], [121.51212419867, 24.985129427021], [121.51151177111, 24.984324336404], [121.51163292704, 24.983769356553], [121.51071335066, 24.983294743226], [121.50977486896, 24.985670485155], [121.50994542343, 24.985719966554], [121.51031263784, 24.984743879584], [121.51085603349, 24.984920165493], [121.51062715546, 24.985486251526], [121.51101734432, 24.985598407148], [121.51092370881, 24.986013985517], [121.50973492499, 24.988773727494], [121.51039560449, 24.989700356256]]]]}, "id": "A6503-036-00"}, {"type": "Feature", "properties": {"county": "新北市", "town": "中和區", "village": "錦和里"}, "geometry": {"type": "MultiPolygon", "coordinates": [[[[121.49126238319, 24.98949740143], [121.49220914577, 24.988089894209], [121.49219066876, 24.987286820899], [121.49253148814, 24.986432718729], [121.49199293052, 24.985292053848], [121.49246376978, 24.985328869979], [121.4922185884, 24.98475678767], [121.49224708983, 24.984384244636], [121.49160801981, 24.984386447245], [121.49112203565, 24.98329246584], [121.49089623379, 24.983092223432], [121.49242391959, 24.982441508896], [121.49223941362, 24.982066239616], [121.49192270723, 24.98185275615], [121.49189099852, 24.98146027735], [121.49295983239, 24.981589107131], [121.49312977994, 24.981447961734], [121.49039727344, 24.980247908125], [121.48968980958, 24.97966434093], [121.48736267055, 24.978978997749], [121.48525336301, 24.98526732036], [121.48489879658, 24.985524088483], [121.48414413213, 24.985699091303], [121.48440532885, 24.986197006472], [121.48506020673, 24.986660231477], [121.4850211858, 24.98798067797], [121.48570274525, 24.98795344425], [121.48591789104, 24.988082309019], [121.48596929386, 24.988417483227], [121.48727806822, 24.988338440151], [121.4889168854, 24.98921899603], [121.48964001467, 24.98914411487], [121.49117674857, 24.989619305443], [121.49126238319, 24.98949740143]]]]}, "id": "A6503-052-00"}, {"type": "Feature", "properties": {"county": "新北市", "town": "中和區", "village": "橫路里"}, "geometry": {"type": "MultiPolygon", "coordinates": [[[[121.49753234516, 24.985277870745], [121.4976984398, 24.985636863548], [121.49893407341, 24.982060742802], [121.49895854281, 24.981483794185], [121.49826090632, 24.981079914387], [121.49927596024, 24.980251798299], [121.49977847126, 24.980083707101], [121.4984748299, 24.979709489714], [121.49867395164, 24.978640595094], [121.49867085782, 24.976840120214], [121.49802345353, 24.976527896168], [121.49739161737, 24.976835732964], [121.4974146354, 24.976505552904], [121.49722265639, 24.976366063195], [121.49709735276, 24.975720452267], [121.49673194092, 24.975155640437], [121.49652943349, 24.969911342015], [121.49582855055, 24.969206869799], [121.49532923003, 24.969101266758], [121.49499550227, 24.96881209191], [121.49390113404, 24.9689104409], [121.49250788126, 24.968154626473], [121.49167308799, 24.967337003956], [121.49012728087, 24.967203232735], [121.48820627282, 24.965931657099], [121.48571103638, 24.964788247407], [121.48474822123, 24.964867138636], [121.48426955264, 24.964729828525], [121.48321827548, 24.963829595683], [121.48306612675, 24.964023842997], [121.48240215415, 24.96358624974], [121.48194678212, 24.963525613606], [121.48112800673, 24.963973802906], [121.47979358796, 24.963925920558], [121.47986059439, 24.964816153547], [121.47865437216, 24.96663560521], [121.47884632865, 24.967095381152], [121.47945888988, 24.967716688357], [121.47946131949, 24.969039352121], [121.47985777749, 24.97009321321], [121.47956843035, 24.972625088363], [121.48054141588, 24.973044602174], [121.48178641074, 24.973180529229], [121.48152306503, 24.97388941212], [121.48188854514, 24.973771693456], [121.48217443064, 24.973863586812], [121.48271976955, 24.974266142392], [121.48289417637, 24.974659876449], [121.48209713059, 24.974928636484], [121.48162529302, 24.975296112125], [121.48177669487, 24.976558880285], [121.48153073235, 24.976902239584], [121.48214977639, 24.976173575565], [121.48285460373, 24.976158650689], [121.48325675513, 24.976314361546], [121.48351202783, 24.975909120588], [121.48456791672, 24.975542176697], [121.48615562079, 24.976021409277], [121.48673751736, 24.975826105705], [121.48761412038, 24.976217987784], [121.48838454259, 24.976138986167], [121.48849808751, 24.976280189317], [121.48809635589, 24.976791378198], [121.48736267055, 24.978978997749], [121.48968980958, 24.97966434093], [121.49039727344, 24.980247908125], [121.49335295965, 24.981543743412], [121.49433980456, 24.982315251882], [121.49474439115, 24.982887089932], [121.49714751369, 24.984446094006], [121.49753234516, 24.985277870745]]]]}, "id": "A6503-041-00"}, {"type": "Feature", "properties": {"county": "新北市", "town": "中和區", "village": "正南里"}, "geometry": {"type": "MultiPolygon", "coordinates": [[[[121.50708405515, 24.985384418736], [121.50729443452, 24.985556157895], [121.50869567809, 24.982942252341], [121.50695702188, 24.982014942185], [121.50611290756, 24.983716719782], [121.50547458345, 24.984339997689], [121.50708405515, 24.985384418736]]]]}, "id": "A6503-092-00"}, {"type": "Feature", "properties": {"county": "新北市", "town": "新店區", "village": "寶安里"}, "geometry": {"type": "MultiPolygon", "coordinates": [[[[121.54071353725, 24.985032635771], [121.54104910374, 24.985066724366], [121.54112622696, 24.984624018147], [121.54166191278, 24.984652767852], [121.54191657171, 24.983155375923], [121.5432313314, 24.983238070158], [121.54293644635, 24.98377221903], [121.54425804477, 24.983917905481], [121.54464697638, 24.984240600962], [121.54536549498, 24.983545670537], [121.54600025264, 24.983377550529], [121.5456233141, 24.982831863817], [121.54488898152, 24.982646208996], [121.54469934, 24.981771630397], [121.54433810424, 24.981429217214], [121.5447257729, 24.980946914095], [121.54449424828, 24.98059761558], [121.54241393137, 24.978885545368], [121.54151898271, 24.981865851001], [121.54110697474, 24.98403350057], [121.54071353725, 24.985032635771]]]]}, "id": "A6506-007-00"}, {"type": "Feature", "properties": {"county": "新北市", "town": "中和區", "village": "華南里"}, "geometry": {"type": "MultiPolygon", "coordinates": [[[[121.51217087078, 24.985134141621], [121.51367580379, 24.984949489423], [121.51359049541, 24.984610892663], [121.51473177088, 24.984659406209], [121.51467114729, 24.984387753426], [121.51400191007, 24.983697268194], [121.51381198422, 24.983115099797], [121.51390082643, 24.98263128771], [121.51448006327, 24.981800240722], [121.51375364023, 24.981382447962], [121.51261695873, 24.979908944627], [121.51125682371, 24.979257300448], [121.5099629277, 24.980717311925], [121.50950751324, 24.982517366812], [121.50901016644, 24.982331445029], [121.50862160282, 24.982889324144], [121.50917468013, 24.982978265507], [121.50992080396, 24.982746102117], [121.51036462115, 24.982848595381], [121.51062801844, 24.983242170657], [121.51163292704, 24.983769356553], [121.51151177111, 24.984324336404], [121.51217087078, 24.985134141621]]]]}, "id": "A6503-037-00"}, {"type": "Feature", "properties": {"county": "新北市", "town": "中和區", "village": "頂南里"}, "geometry": {"type": "MultiPolygon", "coordinates": [[[[121.50547458345, 24.984339997689], [121.50611290756, 24.983716719782], [121.50695702188, 24.982014942185], [121.50588008495, 24.981507291098], [121.5056880662, 24.981821522893], [121.50482129115, 24.981557207717], [121.50494528258, 24.980931342017], [121.50394503263, 24.980672889455], [121.50338141343, 24.982205672529], [121.50462538258, 24.983843573502], [121.50547458345, 24.984339997689]]]]}, "id": "A6503-034-00"}, {"type": "Feature", "properties": {"county": "新北市", "town": "新店區", "village": "復興里"}, "geometry": {"type": "MultiPolygon", "coordinates": [[[[121.53101044546, 24.988898946943], [121.53744996336, 24.986903802241], [121.54000998033, 24.986731651829], [121.54097263547, 24.984458081349], [121.54134689394, 24.982904542825], [121.53734183989, 24.982930613168], [121.533738938, 24.982734375101], [121.53391086848, 24.979733052756], [121.53336696075, 24.980634203182], [121.53251419765, 24.982649916058], [121.53196524686, 24.983447606816], [121.52923717423, 24.985459699114], [121.52855296941, 24.986273471635], [121.5286804676, 24.986441517445], [121.52795136444, 24.987094276174], [121.53023995976, 24.989105693427], [121.53101044546, 24.988898946943]]]]}, "id": "A6506-062-00"}, {"type": "Feature", "properties": {"county": "新北市", "town": "中和區", "village": "忠孝里"}, "geometry": {"type": "MultiPolygon", "coordinates": [[[[121.50973492499, 24.988773727494], [121.51101734432, 24.985598407148], [121.51062715546, 24.985486251526], [121.51085603349, 24.984920165493], [121.51031263784, 24.984743879584], [121.50994542343, 24.985719966554], [121.50977486896, 24.985670485155], [121.51071335066, 24.983294743226], [121.51036462115, 24.982848595381], [121.50992080396, 24.982746102117], [121.50917468013, 24.982978265507], [121.50869567809, 24.982942252341], [121.50729443452, 24.985556157895], [121.50787609921, 24.985958313767], [121.50805218501, 24.985882320305], [121.50898080116, 24.986768688223], [121.5099039591, 24.987100866653], [121.50939764907, 24.988293710989], [121.50973492499, 24.988773727494]]]]}, "id": "A6503-038-00"}, {"type": "Feature", "properties": {"county": "新北市", "town": "中和區", "village": "崇南里"}, "geometry": {"type": "MultiPolygon", "coordinates": [[[[121.51333152055, 24.988079568252], [121.51405078019, 24.986922722891], [121.51536019727, 24.986487644658], [121.51484663789, 24.985779062845], [121.51473177088, 24.984659406209], [121.51359049541, 24.984610892663], [121.51367580379, 24.984949489423], [121.51340493233, 24.985079237063], [121.51349241555, 24.985663655226], [121.51251244483, 24.985758317026], [121.51250113877, 24.985909820599], [121.51203566761, 24.986163736589], [121.51193501358, 24.986737066239], [121.51227158007, 24.986861952993], [121.51280821003, 24.988298701141], [121.51313507568, 24.988486732455], [121.51333152055, 24.988079568252]]]]}, "id": "A6503-039-00"}, {"type": "Feature", "properties": {"county": "新北市", "town": "新店區", "village": "新和里"}, "geometry": {"type": "MultiPolygon", "coordinates": [[[[121.52069428989, 24.988274025083], [121.52203113278, 24.988366765168], [121.52344468451, 24.987915946177], [121.52262267276, 24.98594960413], [121.52251578305, 24.985074796228], [121.52267887082, 24.984521636191], [121.5212903422, 24.985235114636], [121.51936833456, 24.986902093093], [121.51782241545, 24.986630740069], [121.51692415342, 24.986218618042], [121.51652058583, 24.985760983273], [121.51536019727, 24.986487644658], [121.51589274032, 24.987123023421], [121.516656799, 24.987347814688], [121.51723092293, 24.987930269083], [121.51788894444, 24.987650157017], [121.51881186355, 24.988307777265], [121.5197854246, 24.98808506521], [121.52069428989, 24.988274025083]]]]}, "id": "A6506-066-00"}, {"type": "Feature", "properties": {"county": "新北市", "town": "新店區", "village": "信義里"}, "geometry": {"type": "MultiPolygon", "coordinates": [[[[121.54221013535, 24.98800424163], [121.54409887729, 24.988142551861], [121.54460380868, 24.98725454207], [121.54464697638, 24.984240600962], [121.54425804477, 24.983917905481], [121.54293644635, 24.98377221903], [121.5432313314, 24.983238070158], [121.54191657171, 24.983155375923], [121.54166191278, 24.984652767852], [121.54112622696, 24.984624018147], [121.54104910374, 24.985066724366], [121.54071353725, 24.985032635771], [121.54012012789, 24.986378668958], [121.5397961098, 24.987611083218], [121.54221013535, 24.98800424163]]]]}, "id": "A6506-008-00"}, {"type": "Feature", "properties": {"county": "新北市", "town": "板橋區", "village": "溪福里"}, "geometry": {"type": "MultiPolygon", "coordinates": [[[[121.43114330944, 24.987931994625], [121.4331519761, 24.986957338533], [121.4326982548, 24.986346305053], [121.43176200416, 24.985574778278], [121.43262376685, 24.985559996389], [121.43734965238, 24.984016552063], [121.43688845302, 24.983127467371], [121.43562260704, 24.982260591374], [121.43512323882, 24.981655115382], [121.43468527816, 24.980341666116], [121.43494980598, 24.978664007211], [121.4343907134, 24.976540818738], [121.43387942262, 24.975625312887], [121.43190701072, 24.974060704059], [121.43068407609, 24.973444578604], [121.43048289411, 24.973125981128], [121.42915724358, 24.972239265195], [121.42880533273, 24.972083534256], [121.4278493238, 24.972221630779], [121.42669246122, 24.972939063992], [121.42711477808, 24.978176730618], [121.42591335986, 24.979614628674], [121.42586674803, 24.980242917567], [121.42630687482, 24.980386846298], [121.42658611592, 24.98083325764], [121.42670518357, 24.981694294718], [121.42650077471, 24.982194099965], [121.42665436058, 24.98280574298], [121.42652919101, 24.984175386112], [121.42588495914, 24.984771056259], [121.42556043585, 24.985397247018], [121.42678855562, 24.986485804773], [121.42741244428, 24.986601663936], [121.42916400807, 24.988007239574], [121.43049337151, 24.987095884653], [121.43114330944, 24.987931994625]]]]}, "id": "A6501-124-00"}, {"type": "Feature", "properties": {"county": "新北市", "town": "中和區", "village": "福南里"}, "geometry": {"type": "MultiPolygon", "coordinates": [[[[121.50432826373, 24.986835992924], [121.50527975644, 24.987766639367], [121.50652440408, 24.98624029207], [121.50700129834, 24.986396766768], [121.50706654343, 24.98612901451], [121.50787890446, 24.986521806432], [121.50803228285, 24.986400554626], [121.50784191808, 24.985911479413], [121.50531045171, 24.984222274225], [121.50446610017, 24.985334447547], [121.5039504175, 24.986383744468], [121.50432826373, 24.986835992924]]]]}, "id": "A6503-080-00"}, {"type": "Feature", "properties": {"county": "新北市", "town": "新店區", "village": "寶福里"}, "geometry": {"type": "MultiPolygon", "coordinates": [[[[121.55271938406, 24.986332139412], [121.55382323339, 24.984900707687], [121.55388827822, 24.984428718848], [121.55315606839, 24.981124879158], [121.55311798478, 24.97982997461], [121.55392986576, 24.977248058653], [121.55450574683, 24.976737068948], [121.55564577516, 24.976452032141], [121.55539671559, 24.975732036857], [121.55621053245, 24.973324170591], [121.55763138144, 24.971992118986], [121.55781324129, 24.970309253215], [121.55835225321, 24.969549292384], [121.558467134, 24.968359360438], [121.55953000239, 24.966751611755], [121.55529116314, 24.96579267408], [121.55436026884, 24.965419903385], [121.55384025278, 24.966701973232], [121.55326634659, 24.966878186608], [121.5506540526, 24.969725238039], [121.54914233869, 24.969893436246], [121.54846813851, 24.971277722144], [121.54752568757, 24.971823925449], [121.54817040186, 24.972981962664], [121.54828275181, 24.973613038956], [121.54770315296, 24.973619686467], [121.54727979203, 24.974132918158], [121.54726204388, 24.97449775575], [121.54695418266, 24.975026272664], [121.54616263883, 24.975491193255], [121.54711824165, 24.976100484091], [121.54542899851, 24.97843535668], [121.54776667177, 24.97980848176], [121.54773111678, 24.980616619344], [121.54842728234, 24.98063527384], [121.54883269425, 24.980344489994], [121.54922129235, 24.980628373765], [121.55082685847, 24.980903603968], [121.55068639973, 24.981442689894], [121.549046346, 24.983917347891], [121.5497963476, 24.984180334017], [121.5506964058, 24.985054320425], [121.55099838868, 24.985608284636], [121.5509754498, 24.986474216815], [121.55076438818, 24.98691704686], [121.5516534764, 24.987240133184], [121.55231843925, 24.986854129319], [121.55271938406, 24.986332139412]]]]}, "id": "A6506-058-00"}, {"type": "Feature", "properties": {"county": "新北市", "town": "新店區", "village": "中山里"}, "geometry": {"type": "MultiPolygon", "coordinates": [[[[121.52795136444, 24.987094276174], [121.5286804676, 24.986441517445], [121.52855296941, 24.986273471635], [121.52923717423, 24.985459699114], [121.53196524686, 24.983447606816], [121.53251419765, 24.982649916058], [121.53336696075, 24.980634203182], [121.53391086848, 24.979733052756], [121.53398815863, 24.978806487822], [121.53350982003, 24.978789422655], [121.5320623253, 24.976273969082], [121.53128779761, 24.975218803747], [121.52982283018, 24.976308863159], [121.52952864802, 24.976100978371], [121.52549597257, 24.978863255564], [121.52460023776, 24.977864371967], [121.52594194035, 24.977051267479], [121.52587168864, 24.97676493465], [121.52508285319, 24.97723506217], [121.52472942391, 24.976745533746], [121.52508923023, 24.976547626158], [121.5249310304, 24.976189041854], [121.52543065628, 24.975883667418], [121.52507711331, 24.975604489165], [121.52398781768, 24.976627835767], [121.52363724718, 24.977205122334], [121.52319315963, 24.97909483612], [121.51977947927, 24.978158294451], [121.51918900012, 24.977700145104], [121.51884228944, 24.978054479987], [121.51917287085, 24.978314718143], [121.51934959939, 24.978999134685], [121.51983937624, 24.979113628383], [121.5193494377, 24.979933279723], [121.52329933759, 24.983964524769], [121.5235357572, 24.983877122305], [121.52534458577, 24.985151606334], [121.52740263586, 24.987017036856], [121.52795136444, 24.987094276174]], [[121.52607611354, 24.98276102546], [121.52575236519, 24.98230791858], [121.52659686971, 24.981761385626], [121.52730022166, 24.981682329508], [121.52939115782, 24.980167782034], [121.52973240971, 24.980642578397], [121.52628136037, 24.98305184702], [121.52607611354, 24.98276102546]]]]}, "id": "A6506-052-00"}, {"type": "Feature", "properties": {"county": "新北市", "town": "新店區", "village": "永安里"}, "geometry": {"type": "MultiPolygon", "coordinates": [[[[121.51899934052, 24.986936788208], [121.51954910567, 24.986834105719], [121.5212903422, 24.985235114636], [121.52267887082, 24.984521636191], [121.52329933759, 24.983964524769], [121.5193494377, 24.979933279723], [121.51983937624, 24.979113628383], [121.51934959939, 24.978999134685], [121.51917287085, 24.978314718143], [121.51884228944, 24.978054479987], [121.51845234769, 24.978387023488], [121.51780323976, 24.978247346497], [121.51674759731, 24.979299557432], [121.51818720684, 24.980290817418], [121.51791827525, 24.981018500116], [121.51803904694, 24.982582902904], [121.51766215299, 24.984767163762], [121.51748501045, 24.985057431248], [121.51652058583, 24.985760983273], [121.51719654217, 24.986372068563], [121.51899934052, 24.986936788208]]]]}, "id": "A6506-015-00"}, {"type": "Feature", "properties": {"county": "新北市", "town": "新店區", "village": "永平里"}, "geometry": {"type": "MultiPolygon", "coordinates": [[[[121.51557868035, 24.986440072359], [121.51748501045, 24.985057431248], [121.51773743684, 24.984444024094], [121.51803904694, 24.982582902904], [121.51791827525, 24.981018500116], [121.51818720684, 24.980290817418], [121.51684113076, 24.979296704807], [121.51699409177, 24.980395729673], [121.51443173821, 24.981712919379], [121.51382368175, 24.982882561513], [121.51398149942, 24.983661583529], [121.51470403918, 24.984457976311], [121.51497673719, 24.986079821142], [121.51536019727, 24.986487644658], [121.51557868035, 24.986440072359]]]]}, "id": "A6506-067-00"}, {"type": "Feature", "properties": {"county": "新北市", "town": "中和區", "village": "內南里"}, "geometry": {"type": "MultiPolygon", "coordinates": [[[[121.5039504175, 24.986383744468], [121.50446610017, 24.985334447547], [121.50531045171, 24.984222274225], [121.50462538258, 24.983843573502], [121.50338141343, 24.982205672529], [121.50412417636, 24.98018561697], [121.50576106591, 24.978225501905], [121.50832592398, 24.978079566776], [121.51099514194, 24.978268796706], [121.50981993937, 24.977464003601], [121.50899700326, 24.976513261602], [121.50761879171, 24.975981732451], [121.50718403182, 24.975996215795], [121.50654303822, 24.97525205639], [121.50592837107, 24.97501695361], [121.50573096001, 24.973929984388], [121.50487952904, 24.973390227853], [121.50410223629, 24.973259501933], [121.50425093, 24.972680416961], [121.50352658444, 24.971767863232], [121.50283658389, 24.971343391058], [121.50269513579, 24.970630843716], [121.50197823845, 24.969857033664], [121.50001500637, 24.97020484763], [121.49949037964, 24.970692553007], [121.49861684787, 24.970575665954], [121.49780689329, 24.970767715572], [121.49745837967, 24.970257744475], [121.49652943349, 24.969911342015], [121.49673194092, 24.975155640437], [121.49709735276, 24.975720452267], [121.49722265639, 24.976366063195], [121.4974146354, 24.976505552904], [121.49739161737, 24.976835732964], [121.49802345353, 24.976527896168], [121.49867085782, 24.976840120214], [121.49867395164, 24.978640595094], [121.4984748299, 24.979709489714], [121.49977847126, 24.980083707101], [121.49927596024, 24.980251798299], [121.49826090632, 24.981079914387], [121.49895854281, 24.981483794185], [121.49893407341, 24.982060742802], [121.4976984398, 24.985636863548], [121.50204770938, 24.984858487661], [121.50270528942, 24.985208581679], [121.50308593226, 24.986088891294], [121.5039504175, 24.986383744468]]]]}, "id": "A6503-042-00"}, {"type": "Feature", "properties": {"county": "新北市", "town": "中和區", "village": "外南里"}, "geometry": {"type": "MultiPolygon", "coordinates": [[[[121.50326934485, 24.990300319421], [121.50601846803, 24.989766860552], [121.50670002795, 24.989997851714], [121.50699882233, 24.990396829569], [121.50736480608, 24.989643183853], [121.50432826373, 24.986835992924], [121.50358567239, 24.987442370483], [121.50355175945, 24.987601396415], [121.50374955921, 24.987699866237], [121.50267868372, 24.987968489522], [121.50290897119, 24.98908352031], [121.50283556322, 24.990279755347], [121.50326934485, 24.990300319421]]]]}, "id": "A6503-044-00"}, {"type": "Feature", "properties": {"county": "新北市", "town": "板橋區", "village": "堂春里"}, "geometry": {"type": "MultiPolygon", "coordinates": [[[[121.43114460841, 24.990553138887], [121.43437735167, 24.989225940159], [121.44002239626, 24.988186849108], [121.43989242702, 24.987571939049], [121.43962494049, 24.987708088767], [121.4389393442, 24.986601970849], [121.43831276716, 24.986375833167], [121.43734965238, 24.984016552063], [121.43262376685, 24.985559996389], [121.43183436552, 24.985543418213], [121.4331519761, 24.986957338533], [121.43114330944, 24.987931994625], [121.43049337151, 24.987095884653], [121.42940452476, 24.987835715335], [121.43040509452, 24.989197573867], [121.43114460841, 24.990553138887]]]]}, "id": "A6501-112-00"}, {"type": "Feature", "properties": {"county": "新北市", "town": "中和區", "village": "景南里"}, "geometry": {"type": "MultiPolygon", "coordinates": [[[[121.51808167653, 24.990065203456], [121.52012258463, 24.988192230459], [121.51972628529, 24.988088702464], [121.51881186355, 24.988307777265], [121.51788894444, 24.987650157017], [121.51723092293, 24.987930269083], [121.516656799, 24.987347814688], [121.51589274032, 24.987123023421], [121.51536019727, 24.986487644658], [121.51439957263, 24.986725497295], [121.51386223549, 24.987106663818], [121.51282791276, 24.989168129223], [121.51306531851, 24.989258955744], [121.51320058084, 24.988972696551], [121.51485030445, 24.989503978468], [121.5160593917, 24.989347921311], [121.51808167653, 24.990065203456]]]]}, "id": "A6503-040-00"}, {"type": "Feature", "properties": {"county": "新北市", "town": "板橋區", "village": "溪洲里"}, "geometry": {"type": "MultiPolygon", "coordinates": [[[[121.42611449243, 24.990254589569], [121.42916400807, 24.988007239574], [121.42741244428, 24.986601663936], [121.42678855562, 24.986485804773], [121.42556043585, 24.985397247018], [121.42441151931, 24.987294387839], [121.42456622351, 24.988423035924], [121.42492299275, 24.989171975995], [121.4256220718, 24.99002575632], [121.425999712, 24.990338638817], [121.42611449243, 24.990254589569]]]]}, "id": "A6501-099-00"}, {"type": "Feature", "properties": {"county": "新北市", "town": "新店區", "village": "中央里"}, "geometry": {"type": "MultiPolygon", "coordinates": [[[[121.52558272517, 24.978791107674], [121.52952864802, 24.976100978371], [121.52982283018, 24.976308863159], [121.53128779761, 24.975218803747], [121.52897970052, 24.972045371217], [121.52767741945, 24.973043096413], [121.52507711331, 24.975604489165], [121.52543065628, 24.975883667418], [121.5249310304, 24.976189041854], [121.52508923023, 24.976547626158], [121.52472942391, 24.976745533746], [121.52508285319, 24.97723506217], [121.52587168864, 24.97676493465], [121.52594194035, 24.977051267479], [121.52460023776, 24.977864371967], [121.52505841339, 24.978463910381], [121.52549597257, 24.978863255564], [121.52558272517, 24.978791107674]]]]}, "id": "A6506-054-00"}, {"type": "Feature", "properties": {"county": "新北市", "town": "新店區", "village": "福德里"}, "geometry": {"type": "MultiPolygon", "coordinates": [[[[121.53398815863, 24.978806487822], [121.53483570388, 24.97667232373], [121.53559429692, 24.975680104989], [121.53462224403, 24.97463451627], [121.5320623253, 24.976273969082], [121.53350982003, 24.978789422655], [121.53398815863, 24.978806487822]]]]}, "id": "A6506-049-00"}, {"type": "Feature", "properties": {"county": "新北市", "town": "新店區", "village": "百和里"}, "geometry": {"type": "MultiPolygon", "coordinates": [[[[121.53398815863, 24.978806487822], [121.53483069187, 24.978706129545], [121.53579781076, 24.978246505913], [121.53719919301, 24.976894595546], [121.53752370704, 24.976652800348], [121.5376461765, 24.976766845894], [121.53804582819, 24.976426181714], [121.53856256572, 24.975826411052], [121.53748705331, 24.974478562067], [121.53613105585, 24.975286944929], [121.53526854904, 24.976004432261], [121.53434216992, 24.977674331816], [121.53398815863, 24.978806487822]]]]}, "id": "A6506-048-00"}, {"type": "Feature", "properties": {"county": "新北市", "town": "新店區", "village": "國豐里"}, "geometry": {"type": "MultiPolygon", "coordinates": [[[[121.54138362546, 24.978558483219], [121.54170110624, 24.978595331281], [121.54134182244, 24.978163063341], [121.5415147504, 24.97742909682], [121.54173519861, 24.977322928998], [121.54158918617, 24.975024307317], [121.54127459666, 24.975029515039], [121.5412121247, 24.974848709661], [121.54049645761, 24.974865214887], [121.54054858915, 24.975222574756], [121.53856256572, 24.975826411052], [121.53927063216, 24.976501204749], [121.53877641212, 24.977056021881], [121.5397923319, 24.977900708628], [121.53956831872, 24.97814593267], [121.54048053898, 24.978513629638], [121.54058286761, 24.978354888981], [121.54138362546, 24.978558483219]]]]}, "id": "A6506-001-00"}, {"type": "Feature", "properties": {"county": "新北市", "town": "新店區", "village": "新安里"}, "geometry": {"type": "MultiPolygon", "coordinates": [[[[121.54273328921, 24.977786452141], [121.54374065633, 24.977644902536], [121.54616263883, 24.975491193255], [121.54291812452, 24.973383407665], [121.54288182926, 24.976672813], [121.54273328921, 24.977786452141]]]]}, "id": "A6506-042-00"}, {"type": "Feature", "properties": {"county": "新北市", "town": "新店區", "village": "忠誠里"}, "geometry": {"type": "MultiPolygon", "coordinates": [[[[121.54173519861, 24.977322928998], [121.54288486208, 24.976433171404], [121.54292699714, 24.972538349231], [121.54248411026, 24.972477753367], [121.54110807123, 24.974537406291], [121.54127459666, 24.975029515039], [121.54158918617, 24.975024307317], [121.54173519861, 24.977322928998]]]]}, "id": "A6506-043-00"}, {"type": "Feature", "properties": {"county": "新北市", "town": "新店區", "village": "新生里"}, "geometry": {"type": "MultiPolygon", "coordinates": [[[[121.53893197402, 24.967569741645], [121.53908486065, 24.967992017701], [121.53984563767, 24.967145588664], [121.54009941995, 24.967288139411], [121.5405637113, 24.966717806786], [121.54074324517, 24.966843470653], [121.54109967688, 24.966641460855], [121.53908558224, 24.96184376529], [121.53447958789, 24.960712340518], [121.53417313967, 24.962974132808], [121.53183165991, 24.965433989192], [121.53226446153, 24.965834686703], [121.53492375646, 24.967335354293], [121.5363246067, 24.96716806375], [121.53801098171, 24.966742220165], [121.53850330123, 24.966472369059], [121.53875482746, 24.966097205684], [121.53880189654, 24.965256522193], [121.53920455421, 24.964640006471], [121.53945560503, 24.964588082674], [121.53880538184, 24.966788646988], [121.53893197402, 24.967569741645]]]]}, "id": "A6506-038-00"}, {"type": "Feature", "properties": {"county": "新北市", "town": "新店區", "village": "中興里"}, "geometry": {"type": "MultiPolygon", "coordinates": [[[[121.54130871983, 24.967200862398], [121.54141656645, 24.967521452123], [121.54231619822, 24.96712243611], [121.54310872549, 24.966294564223], [121.54310732864, 24.965902077245], [121.54371667754, 24.965590880101], [121.54386999723, 24.965792661147], [121.54423562311, 24.965602528415], [121.54379133883, 24.964976814388], [121.545794939, 24.963364570743], [121.54765194104, 24.962197796196], [121.54805378167, 24.960099054229], [121.5494708452, 24.958620203827], [121.54939268244, 24.958199107122], [121.54875533659, 24.957305866288], [121.54848678503, 24.956500652808], [121.54103343827, 24.962066507389], [121.54162086238, 24.96292709746], [121.54247320012, 24.963524155023], [121.5415740543, 24.963766786888], [121.54095317739, 24.964953292337], [121.54056243096, 24.965227929721], [121.54130871983, 24.967200862398]]]]}, "id": "A6506-037-00"}, {"type": "Feature", "properties": {"county": "新北市", "town": "新店區", "village": "員潭里"}, "geometry": {"type": "MultiPolygon", "coordinates": [[[[121.58143549309, 24.96494037943], [121.58209840741, 24.964682007494], [121.58424627812, 24.964645877911], [121.58525518498, 24.964108780362], [121.58571915938, 24.963192814687], [121.58651813619, 24.963590808429], [121.58798410491, 24.963682717123], [121.58844001658, 24.963274721408], [121.59120198787, 24.964558476132], [121.5914929594, 24.964046485592], [121.59210589401, 24.963901488623], [121.59348885203, 24.964329322901], [121.59475455023, 24.96152443436], [121.59625946452, 24.961140304035], [121.5967703091, 24.960686731307], [121.59657332005, 24.959873511492], [121.59619300327, 24.959384218242], [121.59490589048, 24.95873909773], [121.59447123691, 24.958227083659], [121.59420520664, 24.958128464869], [121.5929437999, 24.958394249299], [121.58910896496, 24.957986548721], [121.5853022219, 24.956829411334], [121.58489910397, 24.956637413707], [121.58424712697, 24.955949885611], [121.58333197941, 24.955817675709], [121.58280083001, 24.955009943898], [121.58150311574, 24.953735605026], [121.57628854985, 24.953665579491], [121.57510607522, 24.953162628699], [121.57350943692, 24.95338954413], [121.57168033983, 24.952823502412], [121.57023591021, 24.951622309856], [121.56804377907, 24.951375254002], [121.56638806086, 24.952077063806], [121.56666509492, 24.95112507378], [121.56943054432, 24.949953576043], [121.57282221724, 24.949410119204], [121.57054825802, 24.948307642718], [121.56978702593, 24.948380711048], [121.56873799843, 24.949031830483], [121.56795665845, 24.94890686957], [121.56455559269, 24.950330492368], [121.55866666272, 24.94926541515], [121.55699805474, 24.94966794802], [121.55527681206, 24.951121999467], [121.55432366046, 24.951061894253], [121.55422645322, 24.951607519339], [121.55519421574, 24.951664591367], [121.55655084315, 24.952807931595], [121.55690368517, 24.953838401015], [121.5567832864, 24.959068696619], [121.55896373054, 24.959813099119], [121.56303226383, 24.963512131441], [121.56262345261, 24.963754208854], [121.5629376489, 24.963938748445], [121.56454786892, 24.964383371935], [121.56514476377, 24.964026027457], [121.56585579859, 24.964386001309], [121.56646172692, 24.963983917149], [121.56828070795, 24.964003891616], [121.56947970723, 24.964262762266], [121.57129868996, 24.964317639578], [121.57276463903, 24.963866538609], [121.57436171435, 24.96504935442], [121.57463778247, 24.96673030486], [121.57535981194, 24.966990246083], [121.57635172089, 24.966561167236], [121.57751767705, 24.966407136747], [121.57866559871, 24.966642026647], [121.5807564534, 24.965205032616], [121.58143549309, 24.96494037943]]]]}, "id": "A6506-023-00"}, {"type": "Feature", "properties": {"county": "新北市", "town": "新店區", "village": "美潭里"}, "geometry": {"type": "MultiPolygon", "coordinates": [[[[121.55326634659, 24.966878186608], [121.55389664044, 24.966633775206], [121.55436026884, 24.965419903385], [121.55529116314, 24.96579267408], [121.55953000239, 24.966751611755], [121.56019000575, 24.966463319082], [121.56048189893, 24.96498741915], [121.56193687382, 24.964574390902], [121.56248581328, 24.964787376038], [121.56454786892, 24.964383371935], [121.56262345261, 24.963754208854], [121.56303226383, 24.963512131441], [121.55896373054, 24.959813099119], [121.5567832864, 24.959068696619], [121.55690368517, 24.953838401015], [121.55655084315, 24.952807931595], [121.55519421574, 24.951664591367], [121.55371995532, 24.951571751761], [121.55345464735, 24.951332294066], [121.55162362167, 24.952470063118], [121.55096832781, 24.95234951281], [121.55055681766, 24.951890101902], [121.55008528136, 24.952038746628], [121.55072732868, 24.952946501507], [121.55167997858, 24.953147755215], [121.55150943105, 24.953643719873], [121.55169541644, 24.954027668115], [121.55144404366, 24.954661173659], [121.5511262405, 24.955107029467], [121.55077530328, 24.954843867212], [121.55067081595, 24.954913957291], [121.55090895677, 24.955435858123], [121.55037005494, 24.955004637302], [121.54945846406, 24.953530129361], [121.54891482717, 24.953391280606], [121.54858875706, 24.953687189261], [121.5469548935, 24.954468972831], [121.54479853742, 24.957156244083], [121.54664028006, 24.957897371581], [121.54848678503, 24.956500652808], [121.54875533659, 24.957305866288], [121.54945792086, 24.958340080497], [121.54945143231, 24.958700182817], [121.54919480292, 24.95894527434], [121.54973054052, 24.959047221998], [121.55021742744, 24.960305967644], [121.5510955463, 24.961826460241], [121.55113865502, 24.962133287879], [121.55078721587, 24.962257473029], [121.55078605981, 24.962456567146], [121.55038012468, 24.9627806747], [121.55188559464, 24.965207794652], [121.55197901944, 24.965842640329], [121.55326634659, 24.966878186608]]]]}, "id": "A6506-022-00"}, {"type": "Feature", "properties": {"county": "新北市", "town": "新店區", "village": "公崙里"}, "geometry": {"type": "MultiPolygon", "coordinates": [[[[121.51521381205, 24.966027281626], [121.51538221314, 24.966273204493], [121.51732697712, 24.965558943575], [121.51703006551, 24.964608672926], [121.51720090142, 24.963910495107], [121.51723032685, 24.960728821769], [121.51644681978, 24.959699428704], [121.51674877838, 24.959358166496], [121.51670460842, 24.95811122451], [121.51698160521, 24.957896545165], [121.51757619256, 24.957994522512], [121.51735234429, 24.957518204328], [121.51731084396, 24.956715573914], [121.51682902108, 24.955940836901], [121.51648309375, 24.955785201627], [121.51611588482, 24.955873334738], [121.51569462404, 24.955339730333], [121.51523771705, 24.955504015892], [121.514858511, 24.955241046385], [121.51441420444, 24.95525341619], [121.51376971098, 24.952121686583], [121.51348194493, 24.952223872304], [121.51267610695, 24.951146112247], [121.51276448823, 24.950775601897], [121.51318919206, 24.950840788423], [121.51344629914, 24.95055009616], [121.51314548479, 24.949179778416], [121.51151223191, 24.946254914734], [121.51018956956, 24.946101802575], [121.50719258685, 24.946282684237], [121.50783198239, 24.946906131979], [121.50749790288, 24.947340575962], [121.50773582129, 24.948334048209], [121.50762935175, 24.949618979711], [121.50887142704, 24.951341553969], [121.50873571914, 24.952525459631], [121.50913583855, 24.953350253193], [121.50909090776, 24.953984519175], [121.50973279116, 24.955120710461], [121.50956962315, 24.95520857961], [121.50962711799, 24.955900642199], [121.51005505516, 24.958199334204], [121.51036084428, 24.958328034605], [121.51075946711, 24.957951420025], [121.51102781564, 24.958528360369], [121.51067373032, 24.959721411862], [121.51196958649, 24.960586462356], [121.51166977399, 24.961134564395], [121.5113257094, 24.962499495698], [121.51186486521, 24.962779170643], [121.51133561536, 24.964145551553], [121.51425873647, 24.965215270809], [121.51521381205, 24.966027281626]]]]}, "id": "A6506-016-00"}, {"type": "Feature", "properties": {"county": "新北市", "town": "新店區", "village": "長春里"}, "geometry": {"type": "MultiPolygon", "coordinates": [[[[121.54423562311, 24.965602528415], [121.54442780375, 24.9657242595], [121.54476272197, 24.965610442644], [121.54550669325, 24.964799981386], [121.54604340844, 24.965044056024], [121.54633011138, 24.964593900466], [121.54682590417, 24.964321209743], [121.54783606844, 24.965003341736], [121.54909840469, 24.965092774788], [121.55059153807, 24.964189351897], [121.55090788562, 24.963710880475], [121.55034895978, 24.962697994444], [121.55078605981, 24.962456567146], [121.55078721587, 24.962257473029], [121.55113865502, 24.962133287879], [121.55111151611, 24.961890597669], [121.55021742744, 24.960305967644], [121.54969572102, 24.959005635885], [121.54919480292, 24.95894527434], [121.54892871238, 24.959101824985], [121.54805378167, 24.960099054229], [121.54765194104, 24.962197796196], [121.545794939, 24.963364570743], [121.54379133883, 24.964976814388], [121.54423562311, 24.965602528415]]]]}, "id": "A6506-065-00"}, {"type": "Feature", "properties": {"county": "新北市", "town": "新店區", "village": "香坡里"}, "geometry": {"type": "MultiPolygon", "coordinates": [[[[121.48548908776, 24.964757459986], [121.48808825778, 24.965898011222], [121.48815770367, 24.962648389563], [121.48706929128, 24.961362689555], [121.48686933896, 24.960080038903], [121.48670327873, 24.959874718382], [121.4862765844, 24.959842433277], [121.48484158583, 24.959026638523], [121.47911059512, 24.957450644699], [121.47833424034, 24.957699272968], [121.47801488748, 24.957306810013], [121.47817101773, 24.956532244584], [121.47763856125, 24.956459191972], [121.47712698753, 24.956039353014], [121.47639482129, 24.954821592912], [121.47555655211, 24.95464242566], [121.47507084818, 24.954915390457], [121.47486249803, 24.954857816357], [121.47514666739, 24.954302432918], [121.47504500253, 24.954118743642], [121.47477180567, 24.954191215773], [121.47418635856, 24.95493112001], [121.47322713226, 24.954606143003], [121.47147996395, 24.95525834629], [121.47180216647, 24.95582769678], [121.47219303418, 24.956151325794], [121.47180879504, 24.958852788472], [121.47346080366, 24.960109814856], [121.47376652917, 24.960742594644], [121.47470110742, 24.960932570962], [121.47681698438, 24.962228349304], [121.47743747033, 24.962350782983], [121.47774956675, 24.962870850607], [121.47924856984, 24.963275503848], [121.47969261173, 24.963586752222], [121.47979358796, 24.963925920558], [121.48112800673, 24.963973802906], [121.48194678212, 24.963525613606], [121.48240215415, 24.96358624974], [121.48306612675, 24.964023842997], [121.48321827548, 24.963829595683], [121.48404033813, 24.964585386484], [121.48454714339, 24.964836191587], [121.48548908776, 24.964757459986]]]]}, "id": "A6506-060-00"}, {"type": "Feature", "properties": {"county": "新北市", "town": "新店區", "village": "文明里"}, "geometry": {"type": "MultiPolygon", "coordinates": [[[[121.54051599041, 24.965125077009], [121.54056243096, 24.965227929721], [121.54086387251, 24.965079843104], [121.5415740543, 24.963766786888], [121.54247320012, 24.963524155023], [121.54162086238, 24.96292709746], [121.54043731244, 24.961063288654], [121.53925362617, 24.961335019901], [121.53939031904, 24.96167744458], [121.53906021354, 24.961771731971], [121.54051599041, 24.965125077009]]]]}, "id": "A6506-036-00"}, {"type": "Feature", "properties": {"county": "新北市", "town": "新店區", "village": "雙坑里"}, "geometry": {"type": "MultiPolygon", "coordinates": [[[[121.60925816348, 24.963947794771], [121.60964532207, 24.962148335357], [121.61054161193, 24.959618808527], [121.61036585535, 24.958224804777], [121.61053743503, 24.958043180198], [121.61033556296, 24.957980253823], [121.61022755641, 24.956790416012], [121.61007675864, 24.95660593957], [121.60893209838, 24.95640061], [121.60813692589, 24.956636173516], [121.60769743632, 24.956346782837], [121.60816201482, 24.953678990382], [121.60821750118, 24.951605438467], [121.60790812092, 24.951061441234], [121.60647240645, 24.94980476983], [121.60678713281, 24.947824515249], [121.60703850633, 24.947118597491], [121.60663373796, 24.946356302935], [121.60624295405, 24.946214152309], [121.60585735525, 24.946246780221], [121.60508944729, 24.946801662546], [121.60445455921, 24.947033395912], [121.60116624783, 24.947069272448], [121.60066628832, 24.94566863414], [121.60017123452, 24.94514333588], [121.59963035331, 24.944936131423], [121.5979942612, 24.944757882806], [121.59791622615, 24.943718596712], [121.59803146876, 24.943041770936], [121.5986200501, 24.941916380062], [121.59942006024, 24.941295128796], [121.59987066086, 24.939137821456], [121.59940874997, 24.938636854418], [121.59850517959, 24.938324741305], [121.59774554507, 24.937578201766], [121.59686800243, 24.935902231786], [121.59639681835, 24.934792916956], [121.59647489659, 24.932808387875], [121.59605131092, 24.932406214519], [121.595550332, 24.931159233136], [121.59502673414, 24.928770980229], [121.59465671614, 24.928278930001], [121.5945099677, 24.927768653586], [121.59413716098, 24.927409249296], [121.59466865108, 24.92666413098], [121.59488893451, 24.924884804559], [121.5952910896, 24.924520684501], [121.59559905383, 24.923861147435], [121.5955735204, 24.922608651957], [121.59582402449, 24.92199015566], [121.59586374307, 24.921045108724], [121.59572051559, 24.919873171041], [121.5963932184, 24.91888712994], [121.5964861762, 24.918163351223], [121.5967906306, 24.917457597689], [121.59660632084, 24.916539179486], [121.59691751574, 24.915419416573], [121.59663357737, 24.914329031975], [121.59685499811, 24.913644106011], [121.59698014718, 24.912128170807], [121.59736724931, 24.911411791938], [121.59851767724, 24.910584363125], [121.59830985417, 24.910327056246], [121.59656953546, 24.910249334883], [121.59519189142, 24.911101221095], [121.59434241097, 24.912899673203], [121.59345266257, 24.91367673485], [121.59209749194, 24.914322732496], [121.59003929776, 24.914567179761], [121.58932791666, 24.914464985008], [121.58813715796, 24.91393724267], [121.5867666319, 24.913104293483], [121.58480339798, 24.911579412717], [121.58061737411, 24.909548879093], [121.57807941197, 24.908735557161], [121.57642706912, 24.908729221186], [121.57506961416, 24.908973442747], [121.57552122125, 24.909662351637], [121.5768309689, 24.909705507216], [121.57814638559, 24.911034819941], [121.57819337327, 24.911568345657], [121.56812985329, 24.93222749811], [121.56836101192, 24.932948309397], [121.56517460682, 24.936449611001], [121.56477230084, 24.936629459681], [121.56418686401, 24.936391504095], [121.56280508372, 24.936230413195], [121.56272026463, 24.936382331012], [121.56291888852, 24.936724143369], [121.56278031496, 24.936908769285], [121.56175581758, 24.937012856225], [121.56139661471, 24.937243999425], [121.56229572798, 24.937585158452], [121.56278985592, 24.938254151727], [121.56272400072, 24.938391821867], [121.56187322986, 24.938356748825], [121.56172005921, 24.938691040109], [121.56003987625, 24.938667387393], [121.55983266387, 24.938827709185], [121.56003515514, 24.938960036339], [121.55612584089, 24.940872582736], [121.55625913728, 24.941310265135], [121.55576346381, 24.941092979043], [121.55581567161, 24.941333589313], [121.5503662171, 24.944143792862], [121.5502775686, 24.944357567214], [121.54951979548, 24.944434763226], [121.54911075928, 24.94386274603], [121.54618341375, 24.944267803806], [121.54602019358, 24.947688066187], [121.54613137958, 24.949229548881], [121.54921736442, 24.949208363722], [121.55015624629, 24.949847586411], [121.55211320384, 24.949810551138], [121.55642718109, 24.947973614373], [121.55661734577, 24.947705012966], [121.56383196599, 24.945929411867], [121.56553399981, 24.945207500101], [121.56634486264, 24.944399391519], [121.56708245841, 24.944484710058], [121.56741992531, 24.944053011259], [121.56798919469, 24.943944118626], [121.56821058573, 24.943456609615], [121.56868205797, 24.943821931288], [121.5689339219, 24.944368219976], [121.56917848553, 24.944125036921], [121.56949392717, 24.944535916618], [121.56972748506, 24.944102262493], [121.56960842857, 24.943663906597], [121.56975712837, 24.943373235265], [121.5704859638, 24.944341338619], [121.57028148027, 24.944685404522], [121.57064334781, 24.945900409968], [121.57100731518, 24.946134132243], [121.57125875726, 24.946054344469], [121.5711501077, 24.945713734997], [121.57151854475, 24.945853987535], [121.57207359838, 24.946627360674], [121.5717245743, 24.946765218737], [121.5716720468, 24.947134888526], [121.57285772913, 24.947922902439], [121.57381668012, 24.948339242419], [121.5737789302, 24.947877823539], [121.57403590112, 24.947792412325], [121.57473783936, 24.948337497352], [121.5747616491, 24.948680869748], [121.57433943211, 24.94927516268], [121.56943054432, 24.949953576043], [121.56666509492, 24.95112507378], [121.56640135642, 24.952090737856], [121.56804377907, 24.951375254002], [121.57023591021, 24.951622309856], [121.57168033983, 24.952823502412], [121.57350943692, 24.95338954413], [121.57510607522, 24.953162628699], [121.57628854985, 24.953665579491], [121.58150311574, 24.953735605026], [121.58280083001, 24.955009943898], [121.58333197941, 24.955817675709], [121.58424712697, 24.955949885611], [121.58489910397, 24.956637413707], [121.5853022219, 24.956829411334], [121.58910896496, 24.957986548721], [121.5929437999, 24.958394249299], [121.59420520664, 24.958128464869], [121.59447123691, 24.958227083659], [121.59490589048, 24.95873909773], [121.59642888002, 24.959598073453], [121.5967703091, 24.960686731307], [121.59715140055, 24.960348363085], [121.59868331196, 24.960450283935], [121.59968133933, 24.961227141468], [121.60140622981, 24.961015059236], [121.60246828593, 24.961398920146], [121.60358026526, 24.962402809001], [121.60447728447, 24.962574774528], [121.60465123268, 24.962381761665], [121.60572929038, 24.963137673163], [121.60645923457, 24.962937608089], [121.60672127962, 24.963153587961], [121.60821833125, 24.963078480381], [121.60925816348, 24.963947794771]]]]}, "id": "A6506-024-00"}, {"type": "Feature", "properties": {"county": "新北市", "town": "新店區", "village": "安昌里"}, "geometry": {"type": "MultiPolygon", "coordinates": [[[[121.5110143695, 24.963857994929], [121.51133561536, 24.964145551553], [121.51186486521, 24.962779170643], [121.5113257094, 24.962499495698], [121.51166977399, 24.961134564395], [121.51196958649, 24.960586462356], [121.51107363377, 24.959931140182], [121.50998257218, 24.959401438159], [121.50944954074, 24.960803855744], [121.50793637762, 24.961124319562], [121.50766028197, 24.961444800541], [121.50943680388, 24.962333604671], [121.5110143695, 24.963857994929]]]]}, "id": "A6506-064-00"}, {"type": "Feature", "properties": {"county": "新北市", "town": "新店區", "village": "雙城里"}, "geometry": {"type": "MultiPolygon", "coordinates": [[[[121.48712564342, 24.961380292641], [121.48815770367, 24.962648389563], [121.49455914924, 24.959053376894], [121.49491828687, 24.959310054998], [121.49568687437, 24.959106601417], [121.49578106063, 24.958576822026], [121.4952284825, 24.95766446604], [121.49311394088, 24.955747292056], [121.49358091776, 24.954372059294], [121.49411746175, 24.95403692608], [121.49435217363, 24.954209777169], [121.49452933509, 24.953798545935], [121.49402553657, 24.953353187031], [121.4942609469, 24.953149161002], [121.49363402605, 24.951425599635], [121.49375590393, 24.950178368078], [121.49326211814, 24.949309959924], [121.49332844659, 24.948326831739], [121.49318719745, 24.947376987096], [121.49499837886, 24.9452017392], [121.4969720599, 24.944377132268], [121.49873640444, 24.942625822272], [121.50182547983, 24.938844808296], [121.50074159535, 24.938135786161], [121.50058622693, 24.936572376754], [121.49967320293, 24.935858167932], [121.49906156939, 24.935837464269], [121.49874498754, 24.935283143766], [121.49832662889, 24.93519118211], [121.49868823411, 24.934757296974], [121.49214924445, 24.931138310907], [121.49231980968, 24.930388420946], [121.49267606108, 24.929838724421], [121.49257850452, 24.927587002496], [121.49214723542, 24.927691178329], [121.49180316738, 24.92822331689], [121.49195217168, 24.927782204019], [121.49173850608, 24.927260303024], [121.49145704639, 24.927682530163], [121.4914195274, 24.927117430907], [121.49110521476, 24.926832874943], [121.48560187589, 24.923947585818], [121.48521590418, 24.924483275968], [121.48568984865, 24.925080364397], [121.48582544805, 24.925548534554], [121.48575949497, 24.926264940707], [121.48508796742, 24.927037221701], [121.48457107272, 24.928030482035], [121.48392152046, 24.928076473859], [121.4834740644, 24.928346270899], [121.48269501865, 24.928505090005], [121.48166161928, 24.928484686406], [121.48021566059, 24.928826950608], [121.47819295897, 24.928638602936], [121.47908964755, 24.935925393713], [121.4787630842, 24.936675409097], [121.47874235196, 24.937312661914], [121.47914189724, 24.938307019108], [121.48037218588, 24.938742686567], [121.48143361618, 24.939817428515], [121.48160443397, 24.939638190379], [121.48351861214, 24.943446793873], [121.48329957277, 24.945376393737], [121.48249488796, 24.947137060045], [121.48201807966, 24.947417422494], [121.48228937444, 24.948350786658], [121.48566248816, 24.949062247812], [121.48515304928, 24.949832826979], [121.48492042724, 24.950959784187], [121.48579887873, 24.951036559327], [121.48579914651, 24.951604578651], [121.48551362938, 24.951531470731], [121.483292374, 24.953117432399], [121.48313333642, 24.953472701793], [121.48515742538, 24.957953404714], [121.48489231791, 24.959055488269], [121.4862765844, 24.959842433277], [121.48680183202, 24.959946809838], [121.48712564342, 24.961380292641]]]]}, "id": "A6506-018-00"}, {"type": "Feature", "properties": {"county": "新北市", "town": "新店區", "village": "福民里"}, "geometry": {"type": "MultiPolygon", "coordinates": [[[[121.5320623253, 24.976273969082], [121.53462224403, 24.97463451627], [121.53396047584, 24.973775792653], [121.5339820186, 24.973164449312], [121.53340720377, 24.97301094023], [121.53353301859, 24.972595243603], [121.53329784601, 24.972525750487], [121.53267130092, 24.971755228725], [121.53332881498, 24.971395446227], [121.53148895697, 24.968397822428], [121.52964817512, 24.967401164928], [121.52975911379, 24.967783330032], [121.52864141997, 24.96877977564], [121.5266860604, 24.96920772943], [121.52609731322, 24.969767263512], [121.52744381367, 24.970389656942], [121.52818319572, 24.970996405687], [121.5320623253, 24.976273969082]]]]}, "id": "A6506-051-00"}, {"type": "Feature", "properties": {"county": "新北市", "town": "新店區", "village": "柴埕里"}, "geometry": {"type": "MultiPolygon", "coordinates": [[[[121.50718403182, 24.975996215795], [121.50732516455, 24.973968170042], [121.50877206126, 24.972513978532], [121.50911739912, 24.972378355687], [121.51220424433, 24.973860631837], [121.51616618637, 24.973472595577], [121.51591022091, 24.972865655303], [121.51730884996, 24.972301542586], [121.51727141186, 24.972155760155], [121.5193046148, 24.9717291049], [121.51732697712, 24.965558943575], [121.51538221314, 24.966273204493], [121.51425873647, 24.965215270809], [121.51147238265, 24.964249186869], [121.509185209, 24.962155779924], [121.50705912186, 24.961182850404], [121.50321625496, 24.965809186137], [121.50103507917, 24.970094082249], [121.50183948457, 24.96980702837], [121.50233993944, 24.970190250594], [121.50269513579, 24.970630843716], [121.50283658389, 24.971343391058], [121.50352658444, 24.971767863232], [121.50425093, 24.972680416961], [121.50406604587, 24.973219535701], [121.50468298068, 24.973312882599], [121.50562708256, 24.973819821388], [121.50583575685, 24.97418524068], [121.50592837107, 24.97501695361], [121.50654303822, 24.97525205639], [121.50718403182, 24.975996215795]]]]}, "id": "A6506-014-00"}, {"type": "Feature", "properties": {"county": "新北市", "town": "新店區", "village": "建國里"}, "geometry": {"type": "MultiPolygon", "coordinates": [[[[121.53853568383, 24.975788044756], [121.54054858915, 24.975222574756], [121.54027287771, 24.974196975284], [121.53959730863, 24.973067095262], [121.53748705331, 24.974478562067], [121.53853568383, 24.975788044756]]]]}, "id": "A6506-061-00"}, {"type": "Feature", "properties": {"county": "新北市", "town": "新店區", "village": "百忍里"}, "geometry": {"type": "MultiPolygon", "coordinates": [[[[121.53559429692, 24.975680104989], [121.53748705331, 24.974478562067], [121.53565794482, 24.971814006615], [121.53420149944, 24.972816134606], [121.53390041772, 24.973413401902], [121.53403152729, 24.973883975936], [121.53559429692, 24.975680104989]]]]}, "id": "A6506-047-00"}, {"type": "Feature", "properties": {"county": "新北市", "town": "新店區", "village": "張北里"}, "geometry": {"type": "MultiPolygon", "coordinates": [[[[121.54567023346, 24.975175506117], [121.54616263883, 24.975491193255], [121.54685243496, 24.975110526063], [121.54726204388, 24.97449775575], [121.54727979203, 24.974132918158], [121.54770315296, 24.973619686467], [121.54828275181, 24.973613038956], [121.54800740904, 24.972610658086], [121.54593754471, 24.96924826911], [121.54258968072, 24.970880947145], [121.5428807659, 24.971907207915], [121.54291812452, 24.973383407665], [121.54567023346, 24.975175506117]]]]}, "id": "A6506-040-00"}, {"type": "Feature", "properties": {"county": "新北市", "town": "新店區", "village": "仁愛里"}, "geometry": {"type": "MultiPolygon", "coordinates": [[[[121.54093000936, 24.974844318124], [121.5412121247, 24.974848709661], [121.54113394823, 24.974476818192], [121.54248411026, 24.972477753367], [121.54292699714, 24.972538349231], [121.54258968072, 24.970880947145], [121.53959730863, 24.973067095262], [121.54049645761, 24.974865214887], [121.54093000936, 24.974844318124]]]]}, "id": "A6506-046-00"}, {"type": "Feature", "properties": {"county": "新北市", "town": "新店區", "village": "中正里"}, "geometry": {"type": "MultiPolygon", "coordinates": [[[[121.53748705331, 24.974478562067], [121.54258968072, 24.970880947145], [121.54233945312, 24.970172538263], [121.54198721431, 24.970177522436], [121.54127795869, 24.96980467564], [121.53952330615, 24.968593027882], [121.5385602951, 24.969769294959], [121.53822107081, 24.970512256314], [121.53769463982, 24.970550003797], [121.53565794482, 24.971814006615], [121.53748705331, 24.974478562067]]]]}, "id": "A6506-044-00"}, {"type": "Feature", "properties": {"county": "新北市", "town": "新店區", "village": "百福里"}, "geometry": {"type": "MultiPolygon", "coordinates": [[[[121.53340720377, 24.97301094023], [121.5339820186, 24.973164449312], [121.53463103047, 24.972452258345], [121.53605941786, 24.971556587996], [121.53517105667, 24.970210936653], [121.53267130092, 24.971755228725], [121.53329784601, 24.972525750487], [121.53353301859, 24.972595243603], [121.53340720377, 24.97301094023]]]]}, "id": "A6506-050-00"}, {"type": "Feature", "properties": {"county": "新北市", "town": "新店區", "village": "五里"}, "geometry": {"type": "MultiPolygon", "coordinates": [[[[121.54752568757, 24.971823925449], [121.54846813851, 24.971277722144], [121.54914233869, 24.969893436246], [121.5506540526, 24.969725238039], [121.55326634659, 24.966878186608], [121.55197901944, 24.965842640329], [121.55188559464, 24.965207794652], [121.55090788562, 24.963710880475], [121.55059153807, 24.964189351897], [121.54909840469, 24.965092774788], [121.54783606844, 24.965003341736], [121.54689573431, 24.964318063393], [121.54633011138, 24.964593900466], [121.54604340844, 24.965044056024], [121.54550669325, 24.964799981386], [121.54465014452, 24.965664306571], [121.5442031306, 24.965588561429], [121.54386999723, 24.965792661147], [121.54371667754, 24.965590880101], [121.54310732864, 24.965902077245], [121.54310872549, 24.966294564223], [121.54271714957, 24.966752499948], [121.54218031171, 24.967207803789], [121.54141656645, 24.967521452123], [121.54258968072, 24.970880947145], [121.54593754471, 24.96924826911], [121.54752568757, 24.971823925449]]]]}, "id": "A6506-041-00"}, {"type": "Feature", "properties": {"county": "新北市", "town": "新店區", "village": "下城里"}, "geometry": {"type": "MultiPolygon", "coordinates": [[[[121.52034798835, 24.971645555398], [121.52215240456, 24.971364032224], [121.5221250874, 24.970001735743], [121.52267289456, 24.969434775389], [121.52347868436, 24.969274026447], [121.5246242587, 24.969370126856], [121.52804235632, 24.965368922002], [121.52757650491, 24.965317572375], [121.52632824794, 24.963657664661], [121.52621558411, 24.962962555268], [121.52611297124, 24.962998130428], [121.52549140609, 24.961767136713], [121.52691104413, 24.960594213415], [121.52747821159, 24.959907983236], [121.52824785144, 24.960441852679], [121.52887953829, 24.959697241492], [121.52933367521, 24.959573555383], [121.52956587705, 24.959699859374], [121.52883196447, 24.956419953849], [121.52842433071, 24.955781510645], [121.5284547704, 24.954416118517], [121.5274399958, 24.954504859979], [121.52690026903, 24.953744987604], [121.52611054845, 24.953548778549], [121.5244653853, 24.952429739084], [121.52441240173, 24.95199282824], [121.52496358407, 24.950065708923], [121.52470813387, 24.949729282874], [121.52365327361, 24.949176712831], [121.52365194954, 24.948863589718], [121.52398332533, 24.948227500191], [121.52395306344, 24.947754482849], [121.52283327453, 24.947198343972], [121.52024802644, 24.945512454398], [121.51965964552, 24.945517126732], [121.51831601088, 24.946051813265], [121.51667546682, 24.94554899368], [121.51596210718, 24.946217360311], [121.51580655233, 24.947246762742], [121.51544107381, 24.947725214491], [121.51543640707, 24.945465612204], [121.51527304662, 24.945365864769], [121.51151223191, 24.946254914734], [121.51314548479, 24.949179778416], [121.51344629914, 24.95055009616], [121.51318919206, 24.950840788423], [121.51276448823, 24.950775601897], [121.51267610695, 24.951146112247], [121.51348194493, 24.952223872304], [121.51376971098, 24.952121686583], [121.51441420444, 24.95525341619], [121.514858511, 24.955241046385], [121.51523771705, 24.955504015892], [121.51569462404, 24.955339730333], [121.51611588482, 24.955873334738], [121.51648309375, 24.955785201627], [121.51682902108, 24.955940836901], [121.51731084396, 24.956715573914], [121.51735234429, 24.957518204328], [121.51757619256, 24.957994522512], [121.51698160521, 24.957896545165], [121.51670460842, 24.95811122451], [121.51674877838, 24.959358166496], [121.51644681978, 24.959699428704], [121.51723032685, 24.960728821769], [121.51720090142, 24.963910495107], [121.51703006551, 24.964608672926], [121.5193046148, 24.9717291049], [121.52034798835, 24.971645555398]]]]}, "id": "A6506-013-00"}, {"type": "Feature", "properties": {"county": "新北市", "town": "新店區", "village": "中華里"}, "geometry": {"type": "MultiPolygon", "coordinates": [[[[121.53630066002, 24.971405747008], [121.53769463982, 24.970550003797], [121.53822107081, 24.970512256314], [121.5385602951, 24.969769294959], [121.53952330615, 24.968593027882], [121.53916097438, 24.968192999715], [121.53880085147, 24.966836336602], [121.53945560503, 24.964588082674], [121.53920455421, 24.964640006471], [121.53880189654, 24.965256522193], [121.53865648126, 24.966324551209], [121.53801098171, 24.966742220165], [121.5363246067, 24.96716806375], [121.53492375646, 24.967335354293], [121.53226446153, 24.965834686703], [121.53183165991, 24.965433989192], [121.53154538326, 24.965768183414], [121.53159867757, 24.966213034199], [121.5309299961, 24.966488096865], [121.52964817512, 24.967401164928], [121.53148895697, 24.968397822428], [121.53332881498, 24.971395446227], [121.53517105667, 24.970210936653], [121.53605941786, 24.971556587996], [121.53630066002, 24.971405747008]]]]}, "id": "A6506-045-00"}, {"type": "Feature", "properties": {"county": "新北市", "town": "新店區", "village": "德安里"}, "geometry": {"type": "MultiPolygon", "coordinates": [[[[121.49652943349, 24.969911342015], [121.49745837967, 24.970257744475], [121.49780689329, 24.970767715572], [121.49861684787, 24.970575665954], [121.49949037964, 24.970692553007], [121.50001500637, 24.97020484763], [121.50103507917, 24.970094082249], [121.50321625496, 24.965809186137], [121.50705912186, 24.961182850404], [121.50766028197, 24.961444800541], [121.50793637762, 24.961124319562], [121.50944954074, 24.960803855744], [121.50998257218, 24.959401438159], [121.51067373032, 24.959721411862], [121.51102773923, 24.958509851015], [121.51073549751, 24.957942834244], [121.51036084428, 24.958328034605], [121.51005505516, 24.958199334204], [121.50962711799, 24.955900642199], [121.50956962315, 24.95520857961], [121.50973279116, 24.955120710461], [121.50909090776, 24.953984519175], [121.50913583855, 24.953350253193], [121.50873571914, 24.952525459631], [121.50887142704, 24.951341553969], [121.50762935175, 24.949618979711], [121.50773582129, 24.948334048209], [121.50749790288, 24.947340575962], [121.50783198239, 24.946906131979], [121.50726734234, 24.946447300356], [121.50681501811, 24.945450945181], [121.50650041595, 24.945295359993], [121.50419053887, 24.945121438884], [121.50392565724, 24.94524097664], [121.50408813505, 24.950102682986], [121.50299833073, 24.951744333253], [121.50322631905, 24.952130279654], [121.50242552796, 24.952073028939], [121.50207096669, 24.952721971718], [121.49980798797, 24.953587792099], [121.49872421891, 24.953391614666], [121.49805226947, 24.952896540687], [121.49809569159, 24.952665160252], [121.49783645518, 24.952365719361], [121.49512227864, 24.952452956725], [121.49402553657, 24.953353187031], [121.49451509242, 24.953750378005], [121.49449422506, 24.953924708186], [121.49435217363, 24.954209777169], [121.49411746175, 24.95403692608], [121.49358091776, 24.954372059294], [121.49311394088, 24.955747292056], [121.4952284825, 24.95766446604], [121.49578106063, 24.958576822026], [121.49568687437, 24.959106601417], [121.49491828687, 24.959310054998], [121.49455914924, 24.959053376894], [121.48815770367, 24.962648389563], [121.48808825778, 24.965898011222], [121.49012728087, 24.967203232735], [121.49167308799, 24.967337003956], [121.49250788126, 24.968154626473], [121.49390113404, 24.9689104409], [121.49499550227, 24.96881209191], [121.49532923003, 24.969101266758], [121.49582855055, 24.969206869799], [121.49652943349, 24.969911342015]]]]}, "id": "A6506-017-00"}, {"type": "Feature", "properties": {"county": "新北市", "town": "新店區", "village": "新德里"}, "geometry": {"type": "MultiPolygon", "coordinates": [[[[121.54109317581, 24.96967541944], [121.54198721431, 24.970177522436], [121.54233945312, 24.970172538263], [121.54109967688, 24.966641460855], [121.54074324517, 24.966843470653], [121.5405637113, 24.966717806786], [121.54009941995, 24.967288139411], [121.53984563767, 24.967145588664], [121.53908486065, 24.967992017701], [121.53935336774, 24.968476175431], [121.54109317581, 24.96967541944]]]]}, "id": "A6506-039-00"}, {"type": "Feature", "properties": {"county": "新北市", "town": "新店區", "village": "頂城里"}, "geometry": {"type": "MultiPolygon", "coordinates": [[[[121.52609731322, 24.969767263512], [121.5266860604, 24.96920772943], [121.52864141997, 24.96877977564], [121.52975911379, 24.967783330032], [121.52970669222, 24.967350122745], [121.5309299961, 24.966488096865], [121.53159867757, 24.966213034199], [121.53154538326, 24.965768183414], [121.53170249385, 24.965544785551], [121.53417313967, 24.962974132808], [121.53447958789, 24.960712340518], [121.53399669717, 24.960589652707], [121.53421897913, 24.959375212188], [121.53305858822, 24.960035108085], [121.53123796988, 24.960722132977], [121.53131802029, 24.960930869612], [121.53063405297, 24.961025585145], [121.53055599546, 24.960709936555], [121.52973094592, 24.960344398182], [121.52956587705, 24.959699859374], [121.52933367521, 24.959573555383], [121.52887953829, 24.959697241492], [121.52824785144, 24.960441852679], [121.52747821159, 24.959907983236], [121.52691104413, 24.960594213415], [121.52549140609, 24.961767136713], [121.52611297124, 24.962998130428], [121.52621558411, 24.962962555268], [121.52632824794, 24.963657664661], [121.52757650491, 24.965317572375], [121.52804235632, 24.965368922002], [121.5246242587, 24.969370126856], [121.52609731322, 24.969767263512]]]]}, "id": "A6506-012-00"}, {"type": "Feature", "properties": {"county": "新北市", "town": "新店區", "village": "寶興里"}, "geometry": {"type": "MultiPolygon", "coordinates": [[[[121.54910702708, 24.983818382421], [121.55068639973, 24.981442689894], [121.55082685847, 24.980903603968], [121.54922129235, 24.980628373765], [121.54883269425, 24.980344489994], [121.54842728234, 24.98063527384], [121.54773111678, 24.980616619344], [121.54776667177, 24.97980848176], [121.54542899851, 24.97843535668], [121.54711824165, 24.976100484091], [121.54616263883, 24.975491193255], [121.54374065633, 24.977644902536], [121.54273328921, 24.977786452141], [121.54241393137, 24.978885545368], [121.54465664314, 24.980833040531], [121.5447257729, 24.980946914095], [121.54433810424, 24.981429217214], [121.54469934, 24.981771630397], [121.54488898152, 24.982646208996], [121.5456233141, 24.982831863817], [121.54600025264, 24.983377550529], [121.54759045498, 24.983406494611], [121.549046346, 24.983917347891], [121.54910702708, 24.983818382421]]]]}, "id": "A6506-006-00"}, {"type": "Feature", "properties": {"county": "新北市", "town": "新店區", "village": "和平里"}, "geometry": {"type": "MultiPolygon", "coordinates": [[[[121.52607611354, 24.98276102546], [121.52628136037, 24.98305184702], [121.52973240971, 24.980642578397], [121.52939115782, 24.980167782034], [121.52730022166, 24.981682329508], [121.52659686971, 24.981761385626], [121.52575236519, 24.98230791858], [121.52607611354, 24.98276102546]]]]}, "id": "A6506-053-00"}, {"type": "Feature", "properties": {"county": "新北市", "town": "新店區", "village": "江陵里"}, "geometry": {"type": "MultiPolygon", "coordinates": [[[[121.53758409675, 24.98293353107], [121.54050949116, 24.982913003181], [121.53884517595, 24.982262448093], [121.53702378999, 24.980389241396], [121.53519842736, 24.978859385147], [121.53398815863, 24.978806487822], [121.533738938, 24.982734375101], [121.53758409675, 24.98293353107]]]]}, "id": "A6506-005-00"}, {"type": "Feature", "properties": {"county": "新北市", "town": "新店區", "village": "大同里"}, "geometry": {"type": "MultiPolygon", "coordinates": [[[[121.54050949116, 24.982913003181], [121.54134689394, 24.982904542825], [121.54189394398, 24.980587783084], [121.53999585718, 24.979793898174], [121.53981065397, 24.980020566142], [121.53956596395, 24.979870939667], [121.53834072842, 24.981055739604], [121.53890253331, 24.981082328523], [121.53829627937, 24.981673936624], [121.5390369367, 24.982376874318], [121.54050949116, 24.982913003181]]]]}, "id": "A6506-004-00"}, {"type": "Feature", "properties": {"county": "新北市", "town": "中和區", "village": "華新里"}, "geometry": {"type": "MultiPolygon", "coordinates": [[[[121.50820630941, 24.982670291919], [121.50862160282, 24.982889324144], [121.50901016644, 24.982331445029], [121.50950751324, 24.982517366812], [121.5099629277, 24.980717311925], [121.51125682371, 24.979257300448], [121.51101256975, 24.978341709823], [121.50832592398, 24.978079566776], [121.50576106591, 24.978225501905], [121.50412417636, 24.98018561697], [121.50394503263, 24.980672889455], [121.50498372531, 24.98098204566], [121.50482129115, 24.981557207717], [121.5056880662, 24.981821522893], [121.50588008495, 24.981507291098], [121.50820630941, 24.982670291919]]]]}, "id": "A6503-035-00"}, {"type": "Feature", "properties": {"county": "新北市", "town": "新店區", "village": "大豐里"}, "geometry": {"type": "MultiPolygon", "coordinates": [[[[121.53829627937, 24.981673936624], [121.53890253331, 24.981082328523], [121.53834072842, 24.981055739604], [121.53954394333, 24.979879597132], [121.53981065397, 24.980020566142], [121.53999585718, 24.979793898174], [121.53810846804, 24.978974757829], [121.53902199429, 24.977936817561], [121.53752370704, 24.976652800348], [121.53579781076, 24.978246505913], [121.53460058133, 24.978733593723], [121.53470767842, 24.978900695745], [121.53519842736, 24.978859385147], [121.53581010729, 24.97931197687], [121.53829627937, 24.981673936624]]]]}, "id": "A6506-003-00"}, {"type": "Feature", "properties": {"county": "新北市", "town": "新店區", "village": "安和里"}, "geometry": {"type": "MultiPolygon", "coordinates": [[[[121.51443173821, 24.981712919379], [121.51699409177, 24.980395729673], [121.51674759731, 24.979299557432], [121.51780323976, 24.978247346497], [121.51845234769, 24.978387023488], [121.51918900012, 24.977700145104], [121.51977947927, 24.978158294451], [121.52319315963, 24.97909483612], [121.52363724718, 24.977205122334], [121.52398781768, 24.976627835767], [121.52893625012, 24.971971487395], [121.52795447872, 24.970772574367], [121.52688905345, 24.970106303855], [121.52493292445, 24.969416080263], [121.52347868436, 24.969274026447], [121.52267289456, 24.969434775389], [121.52225143311, 24.969780893179], [121.52209106909, 24.970206543646], [121.52215240456, 24.971364032224], [121.51808419597, 24.971887753883], [121.51727141186, 24.972155760155], [121.51730884996, 24.972301542586], [121.51591022091, 24.972865655303], [121.51616618637, 24.973472595577], [121.51220424433, 24.973860631837], [121.50911739912, 24.972378355687], [121.50877206126, 24.972513978532], [121.50726459957, 24.974100833434], [121.50718403182, 24.975996215795], [121.50761879171, 24.975981732451], [121.50899700326, 24.976513261602], [121.51027096381, 24.977852603711], [121.51089859671, 24.978096311644], [121.51125682371, 24.979257300448], [121.51261695873, 24.979908944627], [121.51375364023, 24.981382447962], [121.51443173821, 24.981712919379]]]]}, "id": "A6506-056-00"}, {"type": "Feature", "properties": {"county": "新北市", "town": "新店區", "village": "明德里"}, "geometry": {"type": "MultiPolygon", "coordinates": [[[[121.54189394398, 24.980587783084], [121.54273328921, 24.977786452141], [121.54288486208, 24.976433171404], [121.5415147504, 24.97742909682], [121.54134182244, 24.978163063341], [121.54170110624, 24.978595331281], [121.54058286761, 24.978354888981], [121.54048053898, 24.978513629638], [121.53956831872, 24.97814593267], [121.5397923319, 24.977900708628], [121.53877641212, 24.977056021881], [121.53927063216, 24.976501204749], [121.53856256572, 24.975826411052], [121.5376461765, 24.976766845894], [121.53902199429, 24.977936817561], [121.53810846804, 24.978974757829], [121.54189394398, 24.980587783084]]]]}, "id": "A6506-002-00"}, {"type": "Feature", "properties": {"county": "新北市", "town": "新店區", "village": "玫瑰里"}, "geometry": {"type": "MultiPolygon", "coordinates": [[[[121.4942609469, 24.953149161002], [121.49512227864, 24.952452956725], [121.49783645518, 24.952365719361], [121.49638400042, 24.949005783717], [121.49581727176, 24.948058081174], [121.49544952722, 24.946846876792], [121.49607789313, 24.944750756871], [121.49499837886, 24.9452017392], [121.49318719745, 24.947376987096], [121.49332844659, 24.948326831739], [121.49326211814, 24.949309959924], [121.49375590393, 24.950178368078], [121.49363402605, 24.951425599635], [121.4942609469, 24.953149161002]]]]}, "id": "A6506-020-00"}, {"type": "Feature", "properties": {"county": "新北市", "town": "新店區", "village": "直潭里"}, "geometry": {"type": "MultiPolygon", "coordinates": [[[[121.5330394469, 24.951700727434], [121.53639645229, 24.952380393778], [121.53762371307, 24.951665473324], [121.54053698513, 24.952143312325], [121.54295995708, 24.951618310221], [121.54071403891, 24.950415411726], [121.54064727966, 24.950559035991], [121.54020704574, 24.950545283274], [121.53987450503, 24.95020311354], [121.53927336408, 24.949983357258], [121.53775221581, 24.94999589774], [121.53739093312, 24.949183412415], [121.53852869528, 24.949421102346], [121.5404303676, 24.949536650046], [121.54263216108, 24.949416325302], [121.54281524879, 24.948960594648], [121.54319478832, 24.94862025998], [121.54291172347, 24.94803169457], [121.54324800076, 24.947902979115], [121.54378074382, 24.944637483424], [121.5437485148, 24.943621651069], [121.54353819668, 24.943267124914], [121.5436442375, 24.942956860864], [121.54350127522, 24.942521549284], [121.54273884419, 24.941030831683], [121.5417617546, 24.939773478109], [121.54059880922, 24.938705679883], [121.53910574561, 24.938665040177], [121.53492437752, 24.93698282258], [121.53446189447, 24.936987551416], [121.53332715382, 24.935905689386], [121.5325449335, 24.934846034292], [121.53245026015, 24.934081610094], [121.53281288313, 24.93364727888], [121.53278591701, 24.932978952774], [121.53310635144, 24.932287714092], [121.5333739225, 24.932104278669], [121.53379513852, 24.931017113967], [121.53361077954, 24.930572369899], [121.53417870122, 24.930082132499], [121.53481588034, 24.928136337998], [121.53388365547, 24.927639828749], [121.53356956041, 24.927694134891], [121.53342409733, 24.927974737808], [121.53297434353, 24.927437399832], [121.53348963993, 24.926922975148], [121.53342828127, 24.926726541177], [121.53295876673, 24.926758558845], [121.53135430809, 24.92558825392], [121.53086906355, 24.926131089012], [121.53094539563, 24.930758496537], [121.53156614711, 24.932700516236], [121.53098329284, 24.932951345338], [121.52844333689, 24.936862380719], [121.52616937456, 24.939421683925], [121.5244141891, 24.94196007665], [121.52333417016, 24.944503212129], [121.52403797716, 24.945565717246], [121.52437552178, 24.945829714204], [121.52549655052, 24.946506014382], [121.52756772828, 24.947234383976], [121.52784303885, 24.947688293709], [121.52866307759, 24.947685747314], [121.53039563817, 24.948029284917], [121.53120112553, 24.947889896263], [121.5312987041, 24.948074101762], [121.53156592044, 24.948103848079], [121.53159482369, 24.948691175177], [121.53213529627, 24.949300152777], [121.5330394469, 24.951700727434]]]]}, "id": "A6506-029-00"}, {"type": "Feature", "properties": {"county": "新北市", "town": "新店區", "village": "粗坑里"}, "geometry": {"type": "MultiPolygon", "coordinates": [[[[121.54342256998, 24.951705123022], [121.54388738966, 24.951792347934], [121.54520641368, 24.950633162026], [121.5457070368, 24.949911533234], [121.54618935783, 24.94996122994], [121.54602019358, 24.947688066187], [121.54618341375, 24.944267803806], [121.54911075928, 24.94386274603], [121.54951979548, 24.944434763226], [121.5502775686, 24.944357567214], [121.5503662171, 24.944143792862], [121.55581567161, 24.941333589313], [121.55576346381, 24.941092979043], [121.55625913728, 24.941310265135], [121.55612584089, 24.940872582736], [121.56003515514, 24.938960036339], [121.55983266387, 24.938827709185], [121.56003987625, 24.938667387393], [121.56172005921, 24.938691040109], [121.56187322986, 24.938356748825], [121.56272400072, 24.938391821867], [121.56278985592, 24.938254151727], [121.56229572798, 24.937585158452], [121.56139661471, 24.937243999425], [121.56175581758, 24.937012856225], [121.56278031496, 24.936908769285], [121.56291888852, 24.936724143369], [121.56272026463, 24.936382331012], [121.56280508372, 24.936230413195], [121.56418686401, 24.936391504095], [121.56477230084, 24.936629459681], [121.56517460682, 24.936449611001], [121.56836101192, 24.932948309397], [121.56812985329, 24.93222749811], [121.57802122257, 24.912106513512], [121.57821360063, 24.91149332603], [121.57814638559, 24.911034819941], [121.5768309689, 24.909705507216], [121.57552122125, 24.909662351637], [121.57506961416, 24.908973442747], [121.57314037761, 24.909005986617], [121.57176702659, 24.908643052181], [121.57113905572, 24.908114458009], [121.5706981964, 24.90688494037], [121.56922872472, 24.905479310146], [121.56822950456, 24.904819503925], [121.56756939446, 24.90513205467], [121.55706903653, 24.920293002618], [121.55542334488, 24.920803776903], [121.55450465482, 24.923156651453], [121.55452281907, 24.92354799433], [121.55382882491, 24.92624692522], [121.5512655599, 24.929497681622], [121.55079706109, 24.929042632679], [121.54984927234, 24.929066446897], [121.54932099475, 24.928738923934], [121.54811434829, 24.929081323545], [121.54578994076, 24.930297671084], [121.54412167443, 24.930190726066], [121.54365703608, 24.930051838708], [121.54345626148, 24.929819620585], [121.54292568587, 24.929989946241], [121.54238733061, 24.930360743434], [121.54233213731, 24.930905127387], [121.54172663456, 24.932132935809], [121.5416391769, 24.932919776206], [121.54116671545, 24.933254213178], [121.5408655671, 24.933751273261], [121.53879074702, 24.933878062169], [121.53874004716, 24.933149418366], [121.53862781969, 24.933146032118], [121.53774643875, 24.933425052408], [121.53700388545, 24.93336380443], [121.53672180002, 24.933797132503], [121.53281288313, 24.93364727888], [121.53252683586, 24.933960617621], [121.5325449335, 24.934846034292], [121.53425481091, 24.936862970689], [121.53492437752, 24.93698282258], [121.53910574561, 24.938665040177], [121.54059880922, 24.938705679883], [121.5417617546, 24.939773478109], [121.54273884419, 24.941030831683], [121.54350127522, 24.942521549284], [121.5436442375, 24.942956860864], [121.54353819668, 24.943267124914], [121.5437485148, 24.943621651069], [121.54378074382, 24.944637483424], [121.54324800076, 24.947902979115], [121.54291172347, 24.94803169457], [121.54319478832, 24.94862025998], [121.54251361661, 24.949503075472], [121.53856285126, 24.949424320208], [121.53739093312, 24.949183412415], [121.53775221581, 24.94999589774], [121.53927336408, 24.949983357258], [121.53987450503, 24.95020311354], [121.54020704574, 24.950545283274], [121.54064727966, 24.950559035991], [121.54071403891, 24.950415411726], [121.54295995708, 24.951618310221], [121.54342256998, 24.951705123022]]]]}, "id": "A6506-025-00"}, {"type": "Feature", "properties": {"county": "新北市", "town": "新店區", "village": "明城里"}, "geometry": {"type": "MultiPolygon", "coordinates": [[[[121.50299833073, 24.951744333253], [121.50408813505, 24.950102682986], [121.503877304, 24.945361317545], [121.50419053887, 24.945121438884], [121.50239561401, 24.944022518397], [121.501839059, 24.944112249347], [121.50114608255, 24.948558896307], [121.50136788411, 24.949886315891], [121.50243168503, 24.95008778273], [121.50299833073, 24.951744333253]]]]}, "id": "A6506-055-00"}, {"type": "Feature", "properties": {"county": "新北市", "town": "新店區", "village": "吉祥里"}, "geometry": {"type": "MultiPolygon", "coordinates": [[[[121.49638400042, 24.949005783717], [121.49659101868, 24.949484719147], [121.49737307314, 24.948440423908], [121.49773607948, 24.948426210063], [121.49833407538, 24.949061484458], [121.49869870101, 24.948415681752], [121.49802357357, 24.947731723688], [121.49827420601, 24.947478341869], [121.49841953751, 24.947626835912], [121.49984138777, 24.945135369006], [121.49777931975, 24.945325111895], [121.49776805934, 24.945205965167], [121.49607789313, 24.944750756871], [121.49544952722, 24.946846876792], [121.49581727176, 24.948058081174], [121.49638400042, 24.949005783717]]]]}, "id": "A6506-057-00"}, {"type": "Feature", "properties": {"county": "新北市", "town": "新店區", "village": "塗潭里"}, "geometry": {"type": "MultiPolygon", "coordinates": [[[[121.51544107381, 24.947725214491], [121.51580655233, 24.947246762742], [121.51596210718, 24.946217360311], [121.51667546682, 24.94554899368], [121.51841857972, 24.946047764787], [121.52021443291, 24.945370725009], [121.52205882292, 24.946156666136], [121.52277319081, 24.946199668044], [121.52274293637, 24.945533608257], [121.5244141891, 24.94196007665], [121.52616937456, 24.939421683925], [121.52844333689, 24.936862380719], [121.53098329284, 24.932951345338], [121.53156614711, 24.932700516236], [121.5309493153, 24.930815546311], [121.53086906355, 24.926131089012], [121.53131787763, 24.925671173445], [121.53163099158, 24.925046417519], [121.53201256238, 24.923704507216], [121.53219147598, 24.920943764579], [121.53275514063, 24.919376286167], [121.5332336108, 24.918736941127], [121.53319500338, 24.918133212633], [121.53281541835, 24.917687719949], [121.5318584195, 24.917392182715], [121.5314098524, 24.917044806481], [121.53086618289, 24.916989949904], [121.53066052045, 24.916711682452], [121.52009553861, 24.916496540111], [121.51464521177, 24.914333111249], [121.51195047187, 24.912236703933], [121.51140470769, 24.910894319525], [121.51067111465, 24.909979022133], [121.51024042414, 24.909867722311], [121.50948678573, 24.910112098791], [121.50930500565, 24.910027755564], [121.50935581627, 24.90866084241], [121.511083494, 24.904574576041], [121.51094527589, 24.90436024632], [121.50791355972, 24.901733096876], [121.5035636644, 24.90004115348], [121.50341585217, 24.900033616224], [121.50224116348, 24.901417860685], [121.50167622619, 24.901818218114], [121.5012632251, 24.90260187761], [121.5003988149, 24.903553666701], [121.49776010933, 24.904031829341], [121.49528905437, 24.902925766361], [121.49368937103, 24.90242940943], [121.49128272429, 24.902790131602], [121.49252899403, 24.90352333422], [121.49088433528, 24.904990665231], [121.49024957551, 24.906910183671], [121.48938124819, 24.908410340089], [121.48944463026, 24.908705114005], [121.48999675266, 24.909362971403], [121.49017241167, 24.910092130044], [121.48959065631, 24.911340695014], [121.49045372895, 24.911687557912], [121.49093864046, 24.912771536626], [121.49087457126, 24.913537874095], [121.49249774064, 24.913792197499], [121.49330764181, 24.914272941255], [121.49381697106, 24.91528730506], [121.49531128328, 24.915754031215], [121.49518849772, 24.915392731434], [121.49424037506, 24.914388676806], [121.49399061599, 24.91373958632], [121.49377363318, 24.913610917134], [121.49394671807, 24.913420009998], [121.49438844474, 24.913452947668], [121.4947456399, 24.914116036973], [121.49509522555, 24.913792174946], [121.49496831948, 24.913298160345], [121.49433750721, 24.912821617941], [121.49436569852, 24.91260130332], [121.49581559301, 24.913566581339], [121.49606561273, 24.913502545737], [121.49608306488, 24.913190892369], [121.49642567292, 24.91320636618], [121.49641901283, 24.912990772547], [121.49596215182, 24.912889270045], [121.49545691113, 24.912409605359], [121.49546179689, 24.912038401747], [121.49582915313, 24.911422928135], [121.49556423211, 24.911210269237], [121.49574483705, 24.910940961522], [121.49703330003, 24.91052268745], [121.49852430859, 24.910544618311], [121.49920704221, 24.910286900685], [121.50049442726, 24.910962299275], [121.5005757364, 24.91120039612], [121.50036580463, 24.91148425407], [121.5005295198, 24.911605056376], [121.50081893935, 24.911229646514], [121.50151957953, 24.911381961759], [121.50166272397, 24.911928103882], [121.50232476187, 24.911963617351], [121.5028021978, 24.912446873257], [121.50300987825, 24.911890791234], [121.50270153534, 24.911585020634], [121.50315357682, 24.911202827715], [121.50385287655, 24.911024488975], [121.50471033812, 24.911508621291], [121.50439080163, 24.912045491703], [121.50449723456, 24.912536316101], [121.50491023335, 24.912894097924], [121.50516444039, 24.912776851089], [121.50529336146, 24.912392856835], [121.50548393616, 24.912811704656], [121.50564847454, 24.912852319374], [121.50575847378, 24.916178729394], [121.50179334739, 24.91797709309], [121.50154197574, 24.91845539904], [121.50118144845, 24.920414757783], [121.50371256782, 24.92203562501], [121.50807245845, 24.923744670919], [121.51010334418, 24.923550472543], [121.51042506695, 24.923166898084], [121.51078369104, 24.923415686334], [121.5109008595, 24.923847688931], [121.51060133047, 24.924226673355], [121.50930823445, 24.924951349604], [121.50925576705, 24.925299600961], [121.50956238694, 24.926246429194], [121.50874449026, 24.926776884356], [121.50863923622, 24.927058229427], [121.50890071231, 24.928009456098], [121.50952311682, 24.928355041835], [121.5102586173, 24.928161469671], [121.51113007619, 24.928737250169], [121.51125752425, 24.929026376629], [121.50969869551, 24.929565966907], [121.50975657141, 24.929976593461], [121.50845258268, 24.93154561044], [121.51023918942, 24.932269959951], [121.51168857899, 24.93162284224], [121.51232077981, 24.93196097722], [121.51293457079, 24.932033807851], [121.51449640718, 24.931230975141], [121.51531854682, 24.931170439387], [121.51507188203, 24.931065018833], [121.51542744144, 24.930922665033], [121.51526514974, 24.930682601228], [121.51653243904, 24.93079478048], [121.51667682503, 24.931147137545], [121.51700933011, 24.931273474951], [121.51706645286, 24.932515410025], [121.51663556714, 24.932769357706], [121.51640006957, 24.93273830143], [121.51636833661, 24.933041156676], [121.516116191, 24.933130967033], [121.51569829479, 24.933857720383], [121.51521697122, 24.934200053308], [121.5152089425, 24.935019109903], [121.51602556704, 24.935922715707], [121.51694364592, 24.93614255294], [121.51808601068, 24.935877735687], [121.51860679977, 24.936106256909], [121.51891878832, 24.93671228713], [121.51920545289, 24.936926361676], [121.520772091, 24.93737821907], [121.52046083843, 24.938777460137], [121.51892766788, 24.939163834406], [121.51844957461, 24.93955862488], [121.5187522106, 24.940640520573], [121.51803898815, 24.941332100925], [121.51810236129, 24.942287610018], [121.51761083679, 24.942481817761], [121.5174249204, 24.942749634466], [121.51754501161, 24.944007690632], [121.51811676232, 24.944598012055], [121.51636401221, 24.944897721913], [121.51598046035, 24.945368382206], [121.51547961387, 24.945406683655], [121.51544107381, 24.947725214491]]]]}, "id": "A6506-021-00"}, {"type": "Feature", "properties": {"county": "新北市", "town": "新店區", "village": "華城里"}, "geometry": {"type": "MultiPolygon", "coordinates": [[[[121.51151223191, 24.946254914734], [121.51508279137, 24.94533907412], [121.51543640707, 24.945465612204], [121.51593734493, 24.94539047277], [121.51636401221, 24.944897721913], [121.51811676232, 24.944598012055], [121.51754501161, 24.944007690632], [121.5174249204, 24.942749634466], [121.51761083679, 24.942481817761], [121.51810236129, 24.942287610018], [121.51803898815, 24.941332100925], [121.5187522106, 24.940640520573], [121.51844957461, 24.93955862488], [121.51892766788, 24.939163834406], [121.52046083843, 24.938777460137], [121.5208030064, 24.937466234557], [121.52062782161, 24.937233264106], [121.51920545289, 24.936926361676], [121.51891878832, 24.93671228713], [121.51860679977, 24.936106256909], [121.51808601068, 24.935877735687], [121.51694364592, 24.93614255294], [121.51602556704, 24.935922715707], [121.5152089425, 24.935019109903], [121.51521697122, 24.934200053308], [121.51569829479, 24.933857720383], [121.516116191, 24.933130967033], [121.51636833661, 24.933041156676], [121.51640006957, 24.93273830143], [121.51663556714, 24.932769357706], [121.51706645286, 24.932515410025], [121.51700933011, 24.931273474951], [121.51667682503, 24.931147137545], [121.51653243904, 24.93079478048], [121.51526514974, 24.930682601228], [121.51542744144, 24.930922665033], [121.51507188203, 24.931065018833], [121.51531854682, 24.931170439387], [121.51449640718, 24.931230975141], [121.51293457079, 24.932033807851], [121.51232077981, 24.93196097722], [121.51168857899, 24.93162284224], [121.51023918942, 24.932269959951], [121.50845258268, 24.93154561044], [121.50975657141, 24.929976593461], [121.50969869551, 24.929565966907], [121.51125752425, 24.929026376629], [121.51113007619, 24.928737250169], [121.5102586173, 24.928161469671], [121.50952311682, 24.928355041835], [121.50890071231, 24.928009456098], [121.50863923622, 24.927058229427], [121.50874449026, 24.926776884356], [121.50956238694, 24.926246429194], [121.50925576705, 24.925299600961], [121.50930823445, 24.924951349604], [121.51060133047, 24.924226673355], [121.5109008595, 24.923847688931], [121.51078369104, 24.923415686334], [121.51042506695, 24.923166898084], [121.51010334418, 24.923550472543], [121.50807245845, 24.923744670919], [121.50371256782, 24.92203562501], [121.50118144845, 24.920414757783], [121.50154197574, 24.91845539904], [121.50179334739, 24.91797709309], [121.50575847378, 24.916178729394], [121.50564847454, 24.912852319374], [121.50525465304, 24.912391904581], [121.50516444039, 24.912776851089], [121.50478166315, 24.912863111178], [121.50449723456, 24.912536316101], [121.50439047938, 24.912086755561], [121.50472059107, 24.911520054294], [121.50393264943, 24.911043902887], [121.50315357682, 24.911202827715], [121.50271677294, 24.911556978947], [121.50300987825, 24.911890791234], [121.5028021978, 24.912446873257], [121.50232476187, 24.911963617351], [121.50166272397, 24.911928103882], [121.50151957953, 24.911381961759], [121.50081893935, 24.911229646514], [121.5005295198, 24.911605056376], [121.50036580463, 24.91148425407], [121.5005757364, 24.91120039612], [121.50049442726, 24.910962299275], [121.49920704221, 24.910286900685], [121.49852430859, 24.910544618311], [121.49703330003, 24.91052268745], [121.49568355323, 24.910970962111], [121.49556423211, 24.911210269237], [121.49582915313, 24.911422928135], [121.49546179689, 24.912038401747], [121.49545691113, 24.912409605359], [121.49596215182, 24.912889270045], [121.49647308818, 24.913077181761], [121.49642567292, 24.91320636618], [121.49606442293, 24.91320504028], [121.49596954958, 24.913554963754], [121.49542140945, 24.913416021376], [121.49508584459, 24.912976423463], [121.49431649753, 24.912631173019], [121.49435423865, 24.912840252808], [121.49496831948, 24.913298160345], [121.49509522555, 24.913792174946], [121.4947456399, 24.914116036973], [121.49438844474, 24.913452947668], [121.49394671807, 24.913420009998], [121.49377363318, 24.913610917134], [121.49399061599, 24.91373958632], [121.49424037506, 24.914388676806], [121.49518849772, 24.915392731434], [121.49531128328, 24.915754031215], [121.49381697106, 24.91528730506], [121.49330764181, 24.914272941255], [121.49249774064, 24.913792197499], [121.49087457126, 24.913537874095], [121.49090665753, 24.914098745573], [121.4915666584, 24.914751003859], [121.49180068795, 24.915245300154], [121.49174053681, 24.916468134642], [121.49205122798, 24.917081181866], [121.49007795093, 24.919002398486], [121.48974728097, 24.919532412197], [121.48946246852, 24.920509216218], [121.48816601421, 24.922332205823], [121.48797269435, 24.922429269532], [121.48662404589, 24.922283432499], [121.48597484809, 24.922974473369], [121.48560187589, 24.923947585818], [121.49110521476, 24.926832874943], [121.4914195274, 24.927117430907], [121.49145704639, 24.927682530163], [121.49173850608, 24.927260303024], [121.49195217168, 24.927782204019], [121.49180316738, 24.92822331689], [121.49214723542, 24.927691178329], [121.49257850452, 24.927587002496], [121.49267606108, 24.929838724421], [121.49231980968, 24.930388420946], [121.49214924445, 24.931138310907], [121.49868823411, 24.934757296974], [121.49832662889, 24.93519118211], [121.49874498754, 24.935283143766], [121.49906156939, 24.935837464269], [121.49967320293, 24.935858167932], [121.50058622693, 24.936572376754], [121.50072831748, 24.938083913914], [121.50088261716, 24.93833151474], [121.50182547983, 24.938844808296], [121.50207718294, 24.93859999331], [121.50234082761, 24.937916594868], [121.50313960618, 24.937802210222], [121.50383310668, 24.938149655311], [121.50460511536, 24.938100001761], [121.50755993736, 24.94029442229], [121.50804574476, 24.941173825848], [121.50802669301, 24.942164382578], [121.50688532124, 24.943949077319], [121.50644624694, 24.945291300859], [121.50681501811, 24.945450945181], [121.50719258685, 24.946282684237], [121.51018956956, 24.946101802575], [121.51151223191, 24.946254914734]]]]}, "id": "A6506-069-00"}, {"type": "Feature", "properties": {"county": "新北市", "town": "新店區", "village": "達觀里"}, "geometry": {"type": "MultiPolygon", "coordinates": [[[[121.50419053887, 24.945121438884], [121.50655381723, 24.945231794029], [121.50688532124, 24.943949077319], [121.50802669301, 24.942164382578], [121.50804574476, 24.941173825848], [121.50727467962, 24.940001947368], [121.50679649413, 24.939845384476], [121.50612524617, 24.939151612871], [121.50460511536, 24.938100001761], [121.50383310668, 24.938149655311], [121.50313960618, 24.937802210222], [121.50234082761, 24.937916594868], [121.50207718294, 24.93859999331], [121.49927305865, 24.941968963836], [121.501839059, 24.944112249347], [121.50239561401, 24.944022518397], [121.50419053887, 24.945121438884]]]]}, "id": "A6506-068-00"}, {"type": "Feature", "properties": {"county": "新北市", "town": "新店區", "village": "屈尺里"}, "geometry": {"type": "MultiPolygon", "coordinates": [[[[121.53672180002, 24.933797132503], [121.53700388545, 24.93336380443], [121.53774643875, 24.933425052408], [121.53862781969, 24.933146032118], [121.53874004716, 24.933149418366], [121.53879074702, 24.933878062169], [121.5408655671, 24.933751273261], [121.54116671545, 24.933254213178], [121.5416391769, 24.932919776206], [121.54172663456, 24.932132935809], [121.54233213731, 24.930905127387], [121.54238733061, 24.930360743434], [121.54345626148, 24.929819620585], [121.54365703608, 24.930051838708], [121.54412167443, 24.930190726066], [121.54578994076, 24.930297671084], [121.54811434829, 24.929081323545], [121.54932099475, 24.928738923934], [121.54984927234, 24.929066446897], [121.55079706109, 24.929042632679], [121.5512655599, 24.929497681622], [121.55382882491, 24.92624692522], [121.55452281907, 24.92354799433], [121.55450465482, 24.923156651453], [121.55542334488, 24.920803776903], [121.55706903653, 24.920293002618], [121.5673848785, 24.905242007863], [121.56558559516, 24.904211127962], [121.56495644557, 24.904004759792], [121.5637963248, 24.903814120368], [121.56188263802, 24.904013479906], [121.56097293291, 24.904291116682], [121.55795935287, 24.905765854159], [121.55675002646, 24.905510605433], [121.55452193594, 24.906766905458], [121.55188260477, 24.907877340589], [121.54915402361, 24.910049247167], [121.54741027936, 24.912612697093], [121.54693572733, 24.913433466597], [121.54562427166, 24.917408813476], [121.54521495881, 24.918068079366], [121.54382370868, 24.919289648719], [121.54272463659, 24.919882439974], [121.54212667073, 24.919608867282], [121.5368632268, 24.915178732705], [121.53634212848, 24.914960297274], [121.53580435094, 24.91498227486], [121.53495332833, 24.91526694849], [121.53404562632, 24.915815830114], [121.53380840138, 24.916724013831], [121.533994288, 24.920126325377], [121.53272951384, 24.919436602319], [121.53210139942, 24.921399422798], [121.5320030424, 24.923750499353], [121.53135430809, 24.92558825392], [121.53295876673, 24.926758558845], [121.53342828127, 24.926726541177], [121.53348963993, 24.926922975148], [121.53297434353, 24.927437399832], [121.53342409733, 24.927974737808], [121.53356956041, 24.927694134891], [121.53388365547, 24.927639828749], [121.53481588034, 24.928136337998], [121.53417870122, 24.930082132499], [121.53361077954, 24.930572369899], [121.53378845221, 24.931057317968], [121.5333739225, 24.932104278669], [121.53310635144, 24.932287714092], [121.53279948128, 24.932942697552], [121.53281288313, 24.93364727888], [121.53672180002, 24.933797132503]]]]}, "id": "A6506-026-00"}, {"type": "Feature", "properties": {"county": "新北市", "town": "新店區", "village": "廣興里"}, "geometry": {"type": "MultiPolygon", "coordinates": [[[[121.53280354411, 24.917683993993], [121.53319500338, 24.918133212633], [121.53325140737, 24.918678730285], [121.53272951384, 24.919436602319], [121.533994288, 24.920126325377], [121.53380840138, 24.916724013831], [121.53391573352, 24.916011143382], [121.53495332833, 24.91526694849], [121.53634212848, 24.914960297274], [121.5372461682, 24.915454817257], [121.54212667073, 24.919608867282], [121.54272463659, 24.919882439974], [121.5445620219, 24.918720017456], [121.54545993858, 24.917734641739], [121.54693572733, 24.913433466597], [121.54754282039, 24.912413848805], [121.54608897212, 24.911618832641], [121.54519928659, 24.911641951412], [121.54557666916, 24.912323532153], [121.54506479456, 24.912792478881], [121.54394890483, 24.913036545704], [121.54330119518, 24.911298277419], [121.54337399908, 24.911030029153], [121.54299435798, 24.910668532099], [121.54288998787, 24.909675620941], [121.54300041859, 24.909497255413], [121.54372879907, 24.909524217264], [121.54453657907, 24.909242090526], [121.54556935201, 24.909211499992], [121.54551446363, 24.908947509545], [121.54484926844, 24.908414696052], [121.54472987393, 24.90774110983], [121.54435230928, 24.908632757351], [121.54419863453, 24.908594312543], [121.54418962672, 24.907806555656], [121.54394128499, 24.907239080198], [121.54373235473, 24.907112260386], [121.54343420482, 24.907363994964], [121.54351219212, 24.908056062354], [121.54319457658, 24.908244934301], [121.5427252021, 24.906985638178], [121.54305510354, 24.903914180773], [121.54354964936, 24.903447199845], [121.54418369711, 24.903271077644], [121.54426796056, 24.902992223004], [121.54490325501, 24.902654201624], [121.54426906322, 24.902033417599], [121.54425062759, 24.901534536629], [121.54407061654, 24.90178177784], [121.54402570768, 24.902302650589], [121.54384292664, 24.901899625709], [121.54294351843, 24.90138291483], [121.54269379438, 24.900420236712], [121.54135360689, 24.898185072159], [121.54089809623, 24.896627486588], [121.54074490324, 24.893358511287], [121.53985630841, 24.893791871501], [121.53921105374, 24.893652718229], [121.53772090301, 24.893009532668], [121.5369079431, 24.892186385327], [121.53592097542, 24.892129257691], [121.5353150825, 24.891800153076], [121.53483804847, 24.891155016755], [121.53406951378, 24.889549500031], [121.53291791869, 24.888050897347], [121.53250185395, 24.887605350552], [121.53042057956, 24.886157895943], [121.52938120783, 24.885075470548], [121.52735549019, 24.884292771162], [121.52628467541, 24.883602028723], [121.5237120761, 24.883776039754], [121.52070555284, 24.883283543613], [121.51778635784, 24.880860882119], [121.51698587158, 24.880650026414], [121.51435943905, 24.879443863901], [121.51242286952, 24.879053150492], [121.50884353858, 24.877528718212], [121.5082011989, 24.876895884343], [121.50757486679, 24.876663256598], [121.50708207665, 24.876248235243], [121.50628235539, 24.875151646695], [121.50478662997, 24.874265982829], [121.50410036324, 24.873641856867], [121.50187221318, 24.872917818576], [121.49919153105, 24.870322696334], [121.4979649537, 24.870108556427], [121.4948659645, 24.868467960231], [121.49410677694, 24.86756945094], [121.49353608387, 24.867269763085], [121.49284803253, 24.866603603319], [121.49158024802, 24.864915799731], [121.48834933371, 24.862196779645], [121.48660136542, 24.862377922186], [121.48539645496, 24.862963594524], [121.48313548132, 24.861824125515], [121.4803730421, 24.861755834826], [121.47878603002, 24.863802978271], [121.4786911789, 24.864734554872], [121.47810591304, 24.865089923444], [121.47766289012, 24.865650971774], [121.47767963766, 24.866355738202], [121.47788779883, 24.866912084713], [121.47910357663, 24.869042152427], [121.47923806191, 24.870218407287], [121.47764529548, 24.871161735009], [121.47709997248, 24.8728509471], [121.47629381363, 24.873599875022], [121.47522818577, 24.874189445818], [121.47454866307, 24.875549057515], [121.47374946029, 24.876011363364], [121.47260294118, 24.876267724351], [121.47177001857, 24.877118561417], [121.47219049273, 24.87831775557], [121.47282105724, 24.879484138549], [121.47340115284, 24.880107029754], [121.47422532253, 24.881451751658], [121.47494741384, 24.881971794216], [121.47491518359, 24.882829941394], [121.475474586, 24.884736390204], [121.47535069154, 24.886173600312], [121.47634860587, 24.886655196188], [121.47765509947, 24.887979575336], [121.47808131116, 24.888884289535], [121.47886674409, 24.889957508373], [121.47993852487, 24.890359475484], [121.48040509618, 24.890737561445], [121.48173813951, 24.893032815499], [121.48245012516, 24.893510867192], [121.48293517207, 24.895380504138], [121.48421647906, 24.897113474112], [121.48532362637, 24.898125206523], [121.48631680374, 24.89821759228], [121.4857074244, 24.899225967541], [121.48637208694, 24.900345044059], [121.48662155184, 24.900499171444], [121.48762963282, 24.900576961326], [121.4883306393, 24.901215197678], [121.48983615517, 24.901279515586], [121.49064756657, 24.901711513478], [121.49065524163, 24.902248451885], [121.49128272429, 24.902790131602], [121.49368937103, 24.90242940943], [121.49528905437, 24.902925766361], [121.49741555267, 24.903951897444], [121.49792131669, 24.904039688564], [121.5003988149, 24.903553666701], [121.5012632251, 24.90260187761], [121.50167622619, 24.901818218114], [121.50224116348, 24.901417860685], [121.50341585217, 24.900033616224], [121.5035636644, 24.90004115348], [121.50791355972, 24.901733096876], [121.51094527589, 24.90436024632], [121.511083494, 24.904574576041], [121.50935581627, 24.90866084241], [121.50930500565, 24.910027755564], [121.50948678573, 24.910112098791], [121.51024042414, 24.909867722311], [121.51067111465, 24.909979022133], [121.51140470769, 24.910894319525], [121.51195047187, 24.912236703933], [121.51464521177, 24.914333111249], [121.52009553861, 24.916496540111], [121.53066052045, 24.916711682452], [121.53086618289, 24.916989949904], [121.5314098524, 24.917044806481], [121.5318584195, 24.917392182715], [121.53280354411, 24.917683993993]]]]}, "id": "A6506-028-00"}, {"type": "Feature", "properties": {"county": "新北市", "town": "新店區", "village": "龜山里"}, "geometry": {"type": "MultiPolygon", "coordinates": [[[[121.54506479456, 24.912792478881], [121.54557666916, 24.912323532153], [121.54519928659, 24.911641951412], [121.54608897212, 24.911618832641], [121.54754282039, 24.912413848805], [121.54915402361, 24.910049247167], [121.55188260477, 24.907877340589], [121.55452193594, 24.906766905458], [121.55675002646, 24.905510605433], [121.55787903002, 24.905788726929], [121.56131692875, 24.904148156444], [121.5637963248, 24.903814120368], [121.56550500488, 24.904174775329], [121.5673848785, 24.905242007863], [121.56822950456, 24.904819503925], [121.56684517553, 24.903991545225], [121.56635165469, 24.90350133513], [121.56703963712, 24.903378273601], [121.5674464241, 24.903470358438], [121.56801966119, 24.903252201314], [121.56855220509, 24.902777770615], [121.56917358833, 24.901647037236], [121.57000390002, 24.90140640176], [121.57165413479, 24.900178543662], [121.57340337489, 24.899746199725], [121.57469962225, 24.899171025809], [121.57621202888, 24.898730894202], [121.57666990998, 24.898171308293], [121.5782532208, 24.896901831719], [121.5786370499, 24.896292957442], [121.57885674408, 24.895187758485], [121.57803891455, 24.892941512711], [121.57827737232, 24.892464304527], [121.5782351064, 24.890821716867], [121.57780476952, 24.890047604302], [121.57745463533, 24.888699922441], [121.57662752601, 24.887780347712], [121.57637160237, 24.886006486989], [121.57696192438, 24.884074147048], [121.57728711358, 24.883642111575], [121.57791081865, 24.883222914626], [121.57694083355, 24.881835824191], [121.57786565041, 24.880111842266], [121.5779480889, 24.879354884362], [121.57739542387, 24.878246082806], [121.57673971152, 24.87786731808], [121.57633682108, 24.876328417911], [121.57576764065, 24.875084506984], [121.57337590453, 24.874789068445], [121.57296398762, 24.875317499019], [121.57216202711, 24.875897082647], [121.57134767482, 24.876889972622], [121.57072184561, 24.876969384402], [121.57021130926, 24.876557079733], [121.57002353189, 24.876569263551], [121.56894627654, 24.877413802637], [121.56844917507, 24.877564134939], [121.56776476486, 24.877544257166], [121.56691082774, 24.877028056788], [121.56648374847, 24.87694218606], [121.56557556034, 24.877148693449], [121.56455380253, 24.877136038036], [121.56434539774, 24.878429975912], [121.56481203508, 24.880374978572], [121.56424435788, 24.882082996239], [121.56457447821, 24.883894702484], [121.56414119148, 24.886796491171], [121.5638525743, 24.887186103764], [121.56133582119, 24.88893495782], [121.56076078193, 24.88962811721], [121.55970472865, 24.890107554422], [121.55908380849, 24.890604676989], [121.55815538867, 24.890839838414], [121.55701959681, 24.890710451461], [121.55625562639, 24.891243761424], [121.55498802285, 24.891635016789], [121.55111059248, 24.891256258661], [121.54981168961, 24.890611946923], [121.54860667231, 24.889206755243], [121.54789518363, 24.888633220369], [121.54671903027, 24.888323139991], [121.54372496328, 24.890309559519], [121.54265827711, 24.891324523093], [121.54191349172, 24.892377858793], [121.54074490324, 24.893358511287], [121.54089809623, 24.896627486588], [121.54135360689, 24.898185072159], [121.54269379438, 24.900420236712], [121.54294351843, 24.90138291483], [121.54384292664, 24.901899625709], [121.54402570768, 24.902302650589], [121.54407061654, 24.90178177784], [121.54425062759, 24.901534536629], [121.54426906322, 24.902033417599], [121.54490325501, 24.902654201624], [121.54426796056, 24.902992223004], [121.54418369711, 24.903271077644], [121.54354964936, 24.903447199845], [121.54305510354, 24.903914180773], [121.5427252021, 24.906985638178], [121.54319457658, 24.908244934301], [121.54351219212, 24.908056062354], [121.54343420482, 24.907363994964], [121.54373235473, 24.907112260386], [121.54394128499, 24.907239080198], [121.54418962672, 24.907806555656], [121.54419863453, 24.908594312543], [121.54435230928, 24.908632757351], [121.54472987393, 24.90774110983], [121.54484926844, 24.908414696052], [121.54554627867, 24.908996511254], [121.54553811395, 24.909256579331], [121.54453657907, 24.909242090526], [121.54372879907, 24.909524217264], [121.5431687319, 24.90944743331], [121.5428962657, 24.909617630542], [121.54299435798, 24.910668532099], [121.54337399908, 24.911030029153], [121.54330119518, 24.911298277419], [121.54394890483, 24.913036545704], [121.54506479456, 24.912792478881]]]]}, "id": "A6506-027-00"}, {"type": "Feature", "properties": {"county": "新北市", "town": "新店區", "village": "廣明里"}, "geometry": {"type": "MultiPolygon", "coordinates": [[[[121.54103343827, 24.962066507389], [121.54297331488, 24.960641616208], [121.5415198282, 24.959420405173], [121.54037083672, 24.959009332101], [121.53857713782, 24.958660897252], [121.53850217492, 24.958441221209], [121.53901123123, 24.958120744868], [121.53885693714, 24.957747500615], [121.5381361595, 24.957824867042], [121.53798901545, 24.95911474658], [121.53906021354, 24.961771731971], [121.53939031904, 24.96167744458], [121.53925362617, 24.961335019901], [121.54043731244, 24.961063288654], [121.54103343827, 24.962066507389]]]]}, "id": "A6506-035-00"}, {"type": "Feature", "properties": {"county": "新北市", "town": "新店區", "village": "張南里"}, "geometry": {"type": "MultiPolygon", "coordinates": [[[[121.53908558224, 24.96184376529], [121.53798901545, 24.95911474658], [121.53826465251, 24.956980095845], [121.53858005204, 24.95587614767], [121.53805606765, 24.955767075119], [121.53796257976, 24.956114579642], [121.53768387789, 24.956096444413], [121.53743654738, 24.956963673743], [121.53717283001, 24.956954422315], [121.53724742837, 24.95829541892], [121.53739906331, 24.958621452592], [121.53578982238, 24.95882038102], [121.53421897913, 24.959375212188], [121.53399669717, 24.960589652707], [121.53908558224, 24.96184376529]]]]}, "id": "A6506-032-00"}, {"type": "Feature", "properties": {"county": "新北市", "town": "新店區", "village": "太平里"}, "geometry": {"type": "MultiPolygon", "coordinates": [[[[121.53131802029, 24.960930869612], [121.53123796988, 24.960722132977], [121.53201162754, 24.960342408786], [121.53222561144, 24.960386088166], [121.53432548283, 24.95932088497], [121.53578982238, 24.95882038102], [121.53585320183, 24.953836387501], [121.53596319449, 24.953054979028], [121.53639645229, 24.952380393778], [121.5307543994, 24.951233780323], [121.5304138628, 24.950396279615], [121.52922776959, 24.949092728749], [121.52963897508, 24.949883206175], [121.52945215159, 24.950393832242], [121.52952457589, 24.950712571573], [121.52993917279, 24.951015105444], [121.52999208637, 24.951316940003], [121.52965768268, 24.952232682354], [121.52923296892, 24.952526102109], [121.52916265363, 24.952758398061], [121.52842907802, 24.952185851223], [121.52796296176, 24.952156444231], [121.52771488738, 24.952518665783], [121.52611054845, 24.953548778549], [121.52690026903, 24.953744987604], [121.5274399958, 24.954504859979], [121.5284547704, 24.954416118517], [121.52842433071, 24.955781510645], [121.52883196447, 24.956419953849], [121.52968120136, 24.960287782433], [121.53055599546, 24.960709936555], [121.53063405297, 24.961025585145], [121.53131802029, 24.960930869612]]]]}, "id": "A6506-011-00"}, {"type": "Feature", "properties": {"county": "新北市", "town": "新店區", "village": "文中里"}, "geometry": {"type": "MultiPolygon", "coordinates": [[[[121.54297331488, 24.960641616208], [121.54664028006, 24.957897371581], [121.54151718522, 24.955828480468], [121.54076691696, 24.954424841099], [121.54014901303, 24.954131110434], [121.53983258503, 24.954714090179], [121.53858005204, 24.95587614767], [121.5381361595, 24.957824867042], [121.53885693714, 24.957747500615], [121.53901123123, 24.958120744868], [121.53850217492, 24.958441221209], [121.53857713782, 24.958660897252], [121.54037083672, 24.959009332101], [121.5415198282, 24.959420405173], [121.54297331488, 24.960641616208]]]]}, "id": "A6506-034-00"}, {"type": "Feature", "properties": {"county": "新北市", "town": "新店區", "village": "日興里"}, "geometry": {"type": "MultiPolygon", "coordinates": [[[[121.48484158583, 24.959026638523], [121.48515742538, 24.957953404714], [121.48313425524, 24.95343586002], [121.483292374, 24.953117432399], [121.48551362938, 24.951531470731], [121.48579914651, 24.951604578651], [121.48579887873, 24.951036559327], [121.48492042724, 24.950959784187], [121.48515304928, 24.949832826979], [121.48566248816, 24.949062247812], [121.48228937444, 24.948350786658], [121.48201807966, 24.947417422494], [121.48249488796, 24.947137060045], [121.48329957277, 24.945376393737], [121.48351861214, 24.943446793873], [121.48160443397, 24.939638190379], [121.48143361618, 24.939817428515], [121.48037218588, 24.938742686567], [121.47914189724, 24.938307019108], [121.47874235196, 24.937312661914], [121.4787630842, 24.936675409097], [121.47908964755, 24.935925393713], [121.47819295897, 24.928638602936], [121.47755468122, 24.929089939748], [121.47629307772, 24.929105894226], [121.4744396853, 24.930009120305], [121.47338650958, 24.930843691173], [121.47147411135, 24.930696528038], [121.47088594631, 24.931127721981], [121.47010638156, 24.931201874261], [121.46917953154, 24.930726882084], [121.468379115, 24.930772107489], [121.46734898912, 24.931494602337], [121.46708027724, 24.931986719744], [121.46609528824, 24.931968584751], [121.46415752356, 24.933184897476], [121.46355519881, 24.933268305344], [121.46306096699, 24.933626221794], [121.46251151089, 24.933674427906], [121.462050054, 24.933952693029], [121.46144852869, 24.933704178144], [121.46119807579, 24.933930862375], [121.4605913519, 24.933953234485], [121.45989266212, 24.934259855115], [121.45983402133, 24.934479534136], [121.4601740765, 24.935090029128], [121.45971672885, 24.935444298778], [121.46042108867, 24.936222062463], [121.46086175154, 24.937505133466], [121.46005021881, 24.938531507872], [121.45871327844, 24.939447391138], [121.45838180314, 24.941995892827], [121.45841526796, 24.94311567301], [121.45739769011, 24.945333105379], [121.45749060365, 24.94609749765], [121.45772588258, 24.946154290487], [121.45873875675, 24.947275663224], [121.4594477871, 24.947732429057], [121.46171784053, 24.947457066416], [121.46355274654, 24.949223243933], [121.46543816768, 24.95068098671], [121.46691563911, 24.951555348175], [121.46718629141, 24.952302652359], [121.46686606771, 24.95300928139], [121.46783674295, 24.954426064639], [121.46982366582, 24.954528250199], [121.47010360118, 24.954680772168], [121.47024284069, 24.955081225361], [121.47127082989, 24.955124386221], [121.47147996395, 24.95525834629], [121.47322713226, 24.954606143003], [121.47418635856, 24.95493112001], [121.47477180567, 24.954191215773], [121.47504500253, 24.954118743642], [121.47514666739, 24.954302432918], [121.47486249803, 24.954857816357], [121.47507084818, 24.954915390457], [121.47555655211, 24.95464242566], [121.47639482129, 24.954821592912], [121.47712698753, 24.956039353014], [121.47763856125, 24.956459191972], [121.47817101773, 24.956532244584], [121.47801488748, 24.957306810013], [121.47833424034, 24.957699272968], [121.47911059512, 24.957450644699], [121.48484158583, 24.959026638523]]]]}, "id": "A6506-019-00"}, {"type": "Feature", "properties": {"county": "新北市", "town": "新店區", "village": "新店里"}, "geometry": {"type": "MultiPolygon", "coordinates": [[[[121.53578982238, 24.95882038102], [121.53739906331, 24.958621452592], [121.53724742837, 24.95829541892], [121.53717283001, 24.956954422315], [121.53743654738, 24.956963673743], [121.53768387789, 24.956096444413], [121.53783400229, 24.956094096785], [121.53765618997, 24.955593450015], [121.53776812015, 24.955594847078], [121.53770658657, 24.95483693961], [121.53804129389, 24.954660708011], [121.53756111475, 24.95445649894], [121.53763895041, 24.954162438331], [121.53790119798, 24.954111694842], [121.53817020878, 24.953481319078], [121.53843156762, 24.953569762635], [121.5385036546, 24.953135113852], [121.53832630322, 24.953178059118], [121.53832209716, 24.952683053718], [121.53860772082, 24.952510289022], [121.53844896949, 24.9523309132], [121.5387404852, 24.952273517954], [121.53878786951, 24.952482098905], [121.53952728564, 24.952471838165], [121.53974993678, 24.952056778949], [121.53762371307, 24.951665473324], [121.53666207857, 24.952153981673], [121.53608092928, 24.952760388273], [121.53590289683, 24.953315503766], [121.53580452583, 24.954838335994], [121.53578982238, 24.95882038102]]]]}, "id": "A6506-031-00"}, {"type": "Feature", "properties": {"county": "新北市", "town": "新店區", "village": "青潭里"}, "geometry": {"type": "MultiPolygon", "coordinates": [[[[121.54277073154, 24.956338573467], [121.54479853742, 24.957156244083], [121.5469548935, 24.954468972831], [121.54858875706, 24.953687189261], [121.54891482717, 24.953391280606], [121.54945846406, 24.953530129361], [121.55037005494, 24.955004637302], [121.55090895677, 24.955435858123], [121.55067081595, 24.954913957291], [121.55077530328, 24.954843867212], [121.5511262405, 24.955107029467], [121.55144404366, 24.954661173659], [121.55169541644, 24.954027668115], [121.55150943105, 24.953643719873], [121.55167997858, 24.953147755215], [121.55072732868, 24.952946501507], [121.55008528136, 24.952038746628], [121.55055681766, 24.951890101902], [121.55091017693, 24.952314153274], [121.55151654973, 24.952491136781], [121.55345464735, 24.951332294066], [121.55371995532, 24.951571751761], [121.55422645322, 24.951607519339], [121.55439981188, 24.950994434988], [121.55527681206, 24.951121999467], [121.55699805474, 24.94966794802], [121.55761803684, 24.949494619044], [121.55866666272, 24.94926541515], [121.56455559269, 24.950330492368], [121.56795665845, 24.94890686957], [121.56873799843, 24.949031830483], [121.57001540278, 24.948292978473], [121.5706426508, 24.948337076825], [121.57247748118, 24.949328467458], [121.57325947278, 24.949416021886], [121.57433943211, 24.94927516268], [121.5747616491, 24.948680869748], [121.57473783936, 24.948337497352], [121.5739408638, 24.947764788485], [121.5737789302, 24.947877823539], [121.57379295197, 24.948330485314], [121.57285772913, 24.947922902439], [121.5716720468, 24.947134888526], [121.5717245743, 24.946765218737], [121.57207359838, 24.946627360674], [121.57151854475, 24.945853987535], [121.5711501077, 24.945713734997], [121.57125875726, 24.946054344469], [121.57100731518, 24.946134132243], [121.57064334781, 24.945900409968], [121.57028148027, 24.944685404522], [121.5704859638, 24.944341338619], [121.56975712837, 24.943373235265], [121.56960842857, 24.943663906597], [121.56972748506, 24.944102262493], [121.56946333003, 24.944542895863], [121.56917848553, 24.944125036921], [121.5689339219, 24.944368219976], [121.56868205797, 24.943821931288], [121.56821058573, 24.943456609615], [121.56798919469, 24.943944118626], [121.56741992531, 24.944053011259], [121.56708245841, 24.944484710058], [121.56634486264, 24.944399391519], [121.56553399981, 24.945207500101], [121.56383196599, 24.945929411867], [121.55661734577, 24.947705012966], [121.55642718109, 24.947973614373], [121.55211320384, 24.949810551138], [121.55015624629, 24.949847586411], [121.54921736442, 24.949208363722], [121.54613137958, 24.949229548881], [121.54618935783, 24.94996122994], [121.5457070368, 24.949911533234], [121.54520641368, 24.950633162026], [121.54388738966, 24.951792347934], [121.54283083275, 24.953670631805], [121.54334465851, 24.954481192238], [121.54353021548, 24.95454967832], [121.54277073154, 24.956338573467]]]]}, "id": "A6506-030-00"}, {"type": "Feature", "properties": {"county": "新北市", "town": "新店區", "village": "國校里"}, "geometry": {"type": "MultiPolygon", "coordinates": [[[[121.53792219929, 24.956126733856], [121.53805606765, 24.955767075119], [121.53858005204, 24.95587614767], [121.53983258503, 24.954714090179], [121.54014901303, 24.954131110434], [121.54076691696, 24.954424841099], [121.54119919316, 24.955044199357], [121.54111905296, 24.955147908264], [121.5414605705, 24.955789318923], [121.54277073154, 24.956338573467], [121.54353021548, 24.95454967832], [121.54334465851, 24.954481192238], [121.54283083275, 24.953670631805], [121.54388738966, 24.951792347934], [121.54295995708, 24.951618310221], [121.54118583752, 24.952082358236], [121.53974993678, 24.952056778949], [121.53952728564, 24.952471838165], [121.53878786951, 24.952482098905], [121.5387404852, 24.952273517954], [121.53844896949, 24.9523309132], [121.53860772082, 24.952510289022], [121.53832209716, 24.952683053718], [121.53832630322, 24.953178059118], [121.5385036546, 24.953135113852], [121.53843156762, 24.953569762635], [121.53817020878, 24.953481319078], [121.53790119798, 24.954111694842], [121.53763895041, 24.954162438331], [121.53756111475, 24.95445649894], [121.53804129389, 24.954660708011], [121.53770658657, 24.95483693961], [121.53776812015, 24.955594847078], [121.53765618997, 24.955593450015], [121.53792219929, 24.956126733856]]]]}, "id": "A6506-033-00"}, {"type": "Feature", "properties": {"county": "新北市", "town": "新店區", "village": "美城里"}, "geometry": {"type": "MultiPolygon", "coordinates": [[[[121.52611054845, 24.953548778549], [121.52771488738, 24.952518665783], [121.52796296176, 24.952156444231], [121.52842907802, 24.952185851223], [121.52916265363, 24.952758398061], [121.52923296892, 24.952526102109], [121.52965768268, 24.952232682354], [121.52999208637, 24.951316940003], [121.52993917279, 24.951015105444], [121.52952457589, 24.950712571573], [121.52945215159, 24.950393832242], [121.52963897508, 24.949883206175], [121.52922776959, 24.949092728749], [121.5304138628, 24.950396279615], [121.5307543994, 24.951233780323], [121.5330394469, 24.951700727434], [121.53213529627, 24.949300152777], [121.53159482369, 24.948691175177], [121.5315966775, 24.948133624367], [121.5312987041, 24.948074101762], [121.53120112553, 24.947889896263], [121.53039563817, 24.948029284917], [121.52866307759, 24.947685747314], [121.52784303885, 24.947688293709], [121.52756772828, 24.947234383976], [121.52549655052, 24.946506014382], [121.52437552178, 24.945829714204], [121.52403797716, 24.945565717246], [121.52333417016, 24.944503212129], [121.52274293637, 24.945533608257], [121.52270204247, 24.946236666064], [121.52182277443, 24.946078758955], [121.52014231105, 24.945389847557], [121.52005132963, 24.94546917008], [121.52395306344, 24.947754482849], [121.52398332533, 24.948227500191], [121.52365194954, 24.948863589718], [121.52365327361, 24.949176712831], [121.52470813387, 24.949729282874], [121.52496358407, 24.950065708923], [121.5243882181, 24.952319223954], [121.52611054845, 24.953548778549]]]]}, "id": "A6506-063-00"}, {"type": "Feature", "properties": {"county": "新北市", "town": "新店區", "village": "小城里"}, "geometry": {"type": "MultiPolygon", "coordinates": [[[[121.49872421891, 24.953391614666], [121.49980798797, 24.953587792099], [121.50207096669, 24.952721971718], [121.50242552796, 24.952073028939], [121.50322631905, 24.952130279654], [121.50243168503, 24.95008778273], [121.50140437083, 24.949920684505], [121.5012861481, 24.949609939208], [121.50114608255, 24.948558896307], [121.501839059, 24.944112249347], [121.49927305865, 24.941968963836], [121.4969720599, 24.944377132268], [121.49608319394, 24.944748572447], [121.49776805934, 24.945205965167], [121.49777931975, 24.945325111895], [121.49984138777, 24.945135369006], [121.49841953751, 24.947626835912], [121.49827420601, 24.947478341869], [121.49802357357, 24.947731723688], [121.49869870101, 24.948415681752], [121.49833407538, 24.949061484458], [121.49773607948, 24.948426210063], [121.49737307314, 24.948440423908], [121.49659101868, 24.949484719147], [121.49783645518, 24.952365719361], [121.49809569159, 24.952665160252], [121.49805226947, 24.952896540687], [121.49872421891, 24.953391614666]]]]}, "id": "A6506-059-00"}, {"type": "Feature", "properties": {"county": "新北市", "town": "板橋區", "village": "幸福里"}, "geometry": {"type": "MultiPolygon", "coordinates": [[[[121.46007202365, 25.024214329223], [121.46022425996, 25.024295209886], [121.46267651737, 25.020361772309], [121.4619909247, 25.02034358913], [121.46066795646, 25.019912403774], [121.46014429117, 25.020514547678], [121.45992587586, 25.021315105764], [121.45931329144, 25.021349233778], [121.45817062398, 25.022154267011], [121.45867053256, 25.023467805467], [121.46007202365, 25.024214329223]]]]}, "id": "A6501-023-00"}, {"type": "Feature", "properties": {"county": "新北市", "town": "新莊區", "village": "福興里"}, "geometry": {"type": "MultiPolygon", "coordinates": [[[[121.45920456714, 25.068727415536], [121.45932878561, 25.068854427863], [121.46252904949, 25.067188403601], [121.46286338223, 25.066514155283], [121.46298143777, 25.065665153686], [121.46264896429, 25.065038588094], [121.46086890837, 25.064481433955], [121.45812452515, 25.063251871942], [121.45758446479, 25.063344007978], [121.4535324893, 25.06307319918], [121.45416679895, 25.061951725259], [121.45396192973, 25.06186985722], [121.45178235524, 25.061579359879], [121.45140731477, 25.061704197505], [121.45099031899, 25.061522653087], [121.45079227567, 25.061726019847], [121.45278382808, 25.064088628086], [121.45348647641, 25.063610475124], [121.45451294038, 25.063594515859], [121.45574901091, 25.065187774503], [121.45920456714, 25.068727415536]]]]}, "id": "A6505-072-00"}]}